ply
format ascii 1.0
element vertex 22126
property float x
property float y
property float z
property uchar red
property uchar green
property uchar blue
end_header
0.0095 -0.6025 0.1423 107 180 227
0.0099 -0.6025 0.1426 112 180 229
0.0097 -0.6029 0.1429 109 177 231
0.0094 -0.6029 0.1427 105 176 229
0.0091 -0.6030 0.1425 100 176 228
0.0091 -0.6026 0.1421 101 179 226
0.0097 -0.6021 0.1420 108 184 225
0.0097 -0.6016 0.1418 109 189 224
0.0102 -0.6015 0.1422 116 190 227
0.0101 -0.6020 0.1424 115 185 228
0.0092 -0.6021 0.1418 101 183 224
0.0092 -0.6017 0.1415 101 188 222
0.0097 -0.6011 0.1417 110 194 223
0.0097 -0.6007 0.1416 109 198 223
0.0103 -0.6006 0.1421 117 199 226
0.0103 -0.6010 0.1421 117 195 226
0.0091 -0.6012 0.1414 101 193 221
0.0091 -0.6008 0.1413 100 197 221
0.0097 -0.6002 0.1416 108 202 223
0.0096 -0.5998 0.1417 108 205 223
0.0089 -0.5999 0.1413 98 204 221
0.0088 -0.5994 0.1414 98 205 221
0.0094 -0.5993 0.1417 107 206 223
0.0100 -0.5992 0.1422 115 207 226
0.0101 -0.5997 0.1421 116 206 226
0.0102 -0.6001 0.1421 116 203 226
0.0090 -0.6003 0.1413 99 201 220
0.0106 -0.5997 0.1428 122 206 230
0.0108 -0.5997 0.1435 125 206 235
0.0109 -0.6001 0.1434 126 203 235
0.0107 -0.6001 0.1427 122 204 230
0.0104 -0.5992 0.1428 121 207 231
0.0107 -0.5992 0.1435 125 207 235
0.0107 -0.6005 0.1427 123 199 230
0.0110 -0.6006 0.1434 126 199 235
0.0109 -0.6010 0.1434 126 195 235
0.0107 -0.6010 0.1427 123 195 230
0.0106 -0.6015 0.1428 121 190 231
0.0108 -0.6015 0.1434 125 190 235
0.0106 -0.6020 0.1434 122 185 235
0.0104 -0.6020 0.1429 119 185 231
0.0102 -0.6025 0.1430 116 181 232
0.0103 -0.6025 0.1434 118 181 235
0.0100 -0.6029 0.1435 114 177 236
0.0099 -0.6029 0.1432 112 177 233
0.0104 -0.6025 0.1439 119 180 239
0.0103 -0.6026 0.1444 118 179 242
0.0100 -0.6030 0.1442 113 176 241
0.0100 -0.6029 0.1438 114 176 238
0.0107 -0.6020 0.1440 123 184 239
0.0109 -0.6016 0.1440 125 189 239
0.0108 -0.6016 0.1447 124 188 244
0.0106 -0.6021 0.1445 121 184 243
0.0110 -0.6011 0.1441 127 194 240
0.0110 -0.6006 0.1441 127 199 240
0.0109 -0.6007 0.1449 126 198 245
0.0109 -0.6012 0.1448 125 193 244
0.0110 -0.6002 0.1442 127 203 240
0.0109 -0.5997 0.1442 126 205 241
0.0108 -0.5998 0.1450 125 204 246
0.0109 -0.6003 0.1449 125 202 245
0.0108 -0.5993 0.1443 126 206 241
0.0107 -0.5994 0.1450 125 205 246
0.0105 -0.6000 0.1457 121 203 250
0.0100 -0.6001 0.1462 114 201 254
0.0101 -0.6006 0.1462 115 199 254
0.0106 -0.6004 0.1456 121 200 250
0.0104 -0.5995 0.1457 120 204 250
0.0099 -0.5997 0.1463 114 202 254
0.0106 -0.6009 0.1455 122 196 250
0.0102 -0.6010 0.1461 116 195 254
0.0102 -0.6015 0.1459 116 190 253
0.0106 -0.6013 0.1454 122 192 249
0.0105 -0.6018 0.1453 121 187 248
0.0101 -0.6019 0.1457 115 186 251
0.0100 -0.6023 0.1455 113 181 249
0.0104 -0.6022 0.1450 118 183 246
0.0101 -0.6027 0.1448 115 179 245
0.0098 -0.6028 0.1451 111 177 247
0.0096 -0.6031 0.1448 108 174 245
0.0098 -0.6030 0.1445 111 175 243
0.0095 -0.6029 0.1454 106 176 249
0.0090 -0.6030 0.1456 100 175 250
0.0090 -0.6033 0.1451 99 172 247
0.0093 -0.6032 0.1450 104 173 247
0.0096 -0.6025 0.1458 107 180 252
0.0096 -0.6021 0.1461 108 184 254
0.0090 -0.6022 0.1463 100 183 255
0.0091 -0.6026 0.1460 100 178 253
0.0096 -0.6016 0.1463 108 188 255
0.0096 -0.6012 0.1465 107 193 255
0.0089 -0.6014 0.1468 98 191 255
0.0090 -0.6018 0.1466 99 187 255
0.0095 -0.6008 0.1466 107 197 255
0.0094 -0.6003 0.1467 106 199 255
0.0087 -0.6005 0.1469 96 198 255
0.0088 -0.6009 0.1469 97 195 255
0.0093 -0.5999 0.1467 106 200 255
0.0086 -0.6000 0.1469 96 198 255
0.0080 -0.6007 0.1470 86 196 255
0.0073 -0.6008 0.1468 76 194 255
0.0074 -0.6013 0.1468 77 192 255
0.0081 -0.6011 0.1469 87 193 255
0.0079 -0.6002 0.1470 86 197 255
0.0072 -0.6003 0.1469 76 195 255
0.0082 -0.6015 0.1468 88 189 255
0.0075 -0.6017 0.1467 78 188 255
0.0076 -0.6021 0.1465 80 184 255
0.0083 -0.6019 0.1466 89 185 255
0.0084 -0.6024 0.1464 91 181 255
0.0078 -0.6025 0.1463 82 180 255
0.0079 -0.6029 0.1459 84 176 253
0.0085 -0.6027 0.1460 92 177 253
0.0086 -0.6031 0.1456 93 174 251
0.0081 -0.6032 0.1455 87 173 250
0.0083 -0.6034 0.1451 89 171 247
0.0087 -0.6033 0.1451 94 171 248
0.0077 -0.6033 0.1453 81 172 249
0.0074 -0.6033 0.1450 76 172 247
0.0077 -0.6035 0.1447 81 170 244
0.0080 -0.6035 0.1449 85 170 246
0.0074 -0.6029 0.1457 77 175 251
0.0072 -0.6026 0.1460 74 179 253
0.0067 -0.6027 0.1456 67 178 250
0.0070 -0.6030 0.1453 71 174 248
0.0070 -0.6022 0.1462 71 182 254
0.0068 -0.6018 0.1464 69 187 255
0.0063 -0.6019 0.1459 61 186 252
0.0064 -0.6023 0.1458 64 182 251
0.0067 -0.6014 0.1465 68 190 255
0.0066 -0.6009 0.1465 67 193 255
0.0060 -0.6010 0.1460 59 192 253
0.0061 -0.6015 0.1460 60 190 253
0.0065 -0.6005 0.1465 67 194 255
0.0059 -0.6005 0.1461 59 193 253
0.0056 -0.6010 0.1454 53 192 249
0.0053 -0.6010 0.1447 49 192 244
0.0054 -0.6015 0.1446 50 189 244
0.0057 -0.6015 0.1454 54 189 248
0.0055 -0.6006 0.1454 53 193 249
0.0052 -0.6006 0.1447 49 193 244
0.0058 -0.6019 0.1453 56 185 248
0.0056 -0.6019 0.1446 52 186 243
0.0058 -0.6023 0.1445 55 182 243
0.0060 -0.6023 0.1452 58 181 247
0.0063 -0.6027 0.1450 62 178 246
0.0061 -0.6027 0.1444 59 178 242
0.0065 -0.6030 0.1443 64 174 241
0.0067 -0.6030 0.1449 67 174 245
0.0071 -0.6033 0.1446 72 172 244
0.0069 -0.6033 0.1442 69 172 241
0.0074 -0.6035 0.1441 76 170 240
0.0075 -0.6035 0.1444 78 170 242
0.0069 -0.6033 0.1437 69 172 237
0.0070 -0.6032 0.1433 70 173 234
0.0074 -0.6034 0.1434 76 171 235
0.0074 -0.6035 0.1437 75 170 237
0.0064 -0.6030 0.1438 63 175 237
0.0060 -0.6026 0.1438 58 178 238
0.0061 -0.6025 0.1431 59 179 233
0.0065 -0.6029 0.1432 64 176 234
0.0057 -0.6022 0.1438 54 182 238
0.0055 -0.6018 0.1439 51 186 238
0.0056 -0.6017 0.1431 52 187 233
0.0058 -0.6021 0.1431 55 183 233
0.0053 -0.6014 0.1439 49 190 238
0.0052 -0.6010 0.1439 48 193 239
0.0054 -0.6009 0.1432 50 194 233
0.0052 -0.6005 0.1440 48 194 239
0.0053 -0.6004 0.1433 50 195 234
0.0057 -0.6007 0.1425 54 195 229
0.0061 -0.6006 0.1419 60 197 225
0.0062 -0.6010 0.1419 61 194 225
0.0058 -0.6012 0.1425 55 193 229
0.0055 -0.6013 0.1432 51 191 233
0.0056 -0.6003 0.1426 54 196 229
0.0060 -0.6001 0.1420 60 198 225
0.0059 -0.6016 0.1425 57 189 229
0.0064 -0.6014 0.1419 63 190 225
0.0065 -0.6018 0.1419 65 186 225
0.0061 -0.6020 0.1425 59 185 229
0.0064 -0.6024 0.1426 63 181 229
0.0068 -0.6023 0.1421 68 182 226
0.0071 -0.6027 0.1422 72 178 227
0.0067 -0.6028 0.1427 67 177 230
0.0072 -0.6031 0.1429 72 174 231
0.0074 -0.6030 0.1425 77 175 229
0.0078 -0.6033 0.1428 81 172 230
0.0076 -0.6034 0.1431 78 171 232
0.0078 -0.6029 0.1422 82 176 227
0.0082 -0.6028 0.1421 88 177 225
0.0084 -0.6031 0.1425 90 174 228
0.0081 -0.6032 0.1426 85 173 229
0.0075 -0.6025 0.1419 79 179 225
0.0073 -0.6021 0.1417 75 184 223
0.0079 -0.6019 0.1415 84 185 222
0.0081 -0.6024 0.1417 86 181 223
0.0071 -0.6017 0.1415 73 188 222
0.0069 -0.6013 0.1415 71 192 222
0.0076 -0.6011 0.1412 80 194 220
0.0077 -0.6015 0.1413 82 190 221
0.0068 -0.6008 0.1415 69 196 222
0.0067 -0.6004 0.1415 69 199 222
0.0074 -0.6002 0.1413 78 201 220
0.0075 -0.6006 0.1412 79 198 220
0.0066 -0.5999 0.1416 68 200 222
0.0073 -0.5997 0.1413 78 202 220
0.0081 -0.6000 0.1412 88 202 220
0.0080 -0.5996 0.1413 88 203 220
0.0082 -0.6005 0.1412 89 200 220
0.0083 -0.6009 0.1412 90 196 220
0.0084 -0.6013 0.1412 91 191 220
0.0085 -0.6018 0.1414 93 187 221
0.0086 -0.6023 0.1417 94 182 223
0.0087 -0.6027 0.1420 95 178 225
0.0087 -0.6030 0.1424 95 175 228
0.0090 -0.6034 0.1434 100 171 234
0.0091 -0.6033 0.1432 100 172 234
0.0092 -0.6033 0.1433 102 172 234
0.0090 -0.6034 0.1435 101 171 235
0.0089 -0.6034 0.1434 98 171 234
0.0089 -0.6033 0.1431 98 171 233
0.0092 -0.6031 0.1429 102 173 232
0.0090 -0.6032 0.1428 99 172 231
0.0094 -0.6031 0.1431 105 173 233
0.0091 -0.6034 0.1436 103 172 236
0.0093 -0.6033 0.1434 104 172 235
0.0094 -0.6033 0.1436 105 172 237
0.0091 -0.6034 0.1437 103 171 237
0.0096 -0.6031 0.1433 106 173 235
0.0097 -0.6031 0.1436 108 173 236
0.0092 -0.6034 0.1438 104 171 238
0.0094 -0.6033 0.1438 105 172 238
0.0094 -0.6033 0.1440 104 171 239
0.0091 -0.6034 0.1439 103 171 239
0.0097 -0.6031 0.1438 108 173 238
0.0097 -0.6032 0.1441 108 173 240
0.0091 -0.6034 0.1440 103 171 240
0.0093 -0.6033 0.1441 103 171 240
0.0092 -0.6034 0.1443 102 171 241
0.0090 -0.6035 0.1440 101 170 241
0.0096 -0.6032 0.1443 106 172 241
0.0094 -0.6033 0.1445 104 172 242
0.0090 -0.6035 0.1441 100 170 241
0.0091 -0.6034 0.1444 100 170 242
0.0089 -0.6035 0.1444 98 170 242
0.0089 -0.6035 0.1441 98 170 242
0.0092 -0.6033 0.1446 101 171 243
0.0090 -0.6034 0.1447 98 170 244
0.0088 -0.6035 0.1442 95 169 242
0.0087 -0.6035 0.1444 95 169 242
0.0086 -0.6035 0.1444 93 169 242
0.0087 -0.6036 0.1441 93 169 241
0.0087 -0.6035 0.1447 95 170 244
0.0085 -0.6035 0.1447 92 169 244
0.0085 -0.6036 0.1441 91 169 241
0.0084 -0.6036 0.1443 91 169 242
0.0083 -0.6036 0.1442 89 168 241
0.0085 -0.6036 0.1440 90 168 240
0.0082 -0.6035 0.1446 89 169 243
0.0080 -0.6036 0.1444 86 169 242
0.0084 -0.6036 0.1440 88 168 240
0.0082 -0.6036 0.1441 87 168 240
0.0081 -0.6036 0.1439 87 168 239
0.0084 -0.6036 0.1438 88 168 238
0.0079 -0.6036 0.1442 84 169 241
0.0078 -0.6036 0.1440 83 169 239
0.0083 -0.6036 0.1437 87 169 237
0.0081 -0.6036 0.1437 86 169 237
0.0081 -0.6035 0.1436 87 169 236
0.0084 -0.6036 0.1436 88 169 236
0.0078 -0.6036 0.1437 83 169 237
0.0078 -0.6035 0.1435 83 169 236
0.0084 -0.6035 0.1435 88 169 235
0.0082 -0.6035 0.1434 88 169 235
0.0083 -0.6035 0.1433 89 170 234
0.0085 -0.6035 0.1435 90 169 235
0.0079 -0.6035 0.1432 85 170 234
0.0081 -0.6034 0.1430 87 170 233
0.0086 -0.6035 0.1434 91 170 234
0.0084 -0.6034 0.1432 91 170 233
0.0086 -0.6034 0.1431 93 170 233
0.0087 -0.6035 0.1434 94 170 234
0.0083 -0.6034 0.1429 89 171 232
0.0085 -0.6033 0.1428 92 171 231
0.0088 -0.6034 0.1433 96 171 233
0.0088 -0.6033 0.1431 96 171 233
0.0088 -0.6032 0.1428 96 172 231
-0.0124 -0.6025 0.1423 68 180 227
-0.0123 -0.6029 0.1427 70 176 229
-0.0125 -0.6028 0.1429 66 177 231
-0.0128 -0.6024 0.1426 63 181 229
-0.0126 -0.6020 0.1420 66 184 225
-0.0120 -0.6026 0.1421 74 179 226
-0.0120 -0.6029 0.1425 74 176 228
-0.0126 -0.6015 0.1418 65 189 224
-0.0130 -0.6020 0.1424 60 185 228
-0.0131 -0.6015 0.1422 59 190 227
-0.0126 -0.6010 0.1417 65 194 223
-0.0120 -0.6016 0.1415 73 188 222
-0.0120 -0.6021 0.1418 73 183 224
-0.0126 -0.6006 0.1416 66 198 223
-0.0132 -0.6010 0.1421 58 195 226
-0.0132 -0.6005 0.1421 58 199 226
-0.0125 -0.6002 0.1416 67 202 223
-0.0119 -0.6007 0.1413 75 197 221
-0.0120 -0.6012 0.1414 74 193 221
-0.0124 -0.5997 0.1417 67 205 223
-0.0123 -0.5993 0.1417 68 206 223
-0.0116 -0.5994 0.1414 77 205 221
-0.0118 -0.5998 0.1413 77 204 221
-0.0119 -0.6003 0.1413 76 201 220
-0.0131 -0.6001 0.1421 59 203 226
-0.0130 -0.5996 0.1421 59 206 226
-0.0129 -0.5992 0.1422 60 207 226
-0.0134 -0.5996 0.1428 53 206 230
-0.0135 -0.6001 0.1427 53 204 230
-0.0138 -0.6001 0.1434 49 203 235
-0.0137 -0.5996 0.1435 50 206 235
-0.0136 -0.5992 0.1435 50 207 235
-0.0133 -0.5991 0.1428 54 207 231
-0.0136 -0.6005 0.1427 52 199 230
-0.0136 -0.6009 0.1427 52 195 230
-0.0138 -0.6010 0.1434 49 195 235
-0.0138 -0.6005 0.1434 49 199 235
-0.0135 -0.6014 0.1428 53 190 231
-0.0133 -0.6019 0.1429 56 185 231
-0.0135 -0.6019 0.1434 53 185 235
-0.0137 -0.6014 0.1434 50 190 235
-0.0130 -0.6024 0.1430 59 181 232
-0.0127 -0.6028 0.1432 63 177 233
-0.0129 -0.6028 0.1435 61 177 236
-0.0132 -0.6024 0.1434 56 181 235
-0.0133 -0.6025 0.1439 56 180 239
-0.0129 -0.6029 0.1439 60 176 238
-0.0128 -0.6029 0.1442 61 176 241
-0.0132 -0.6025 0.1444 57 179 242
-0.0136 -0.6020 0.1440 52 184 239
-0.0138 -0.6015 0.1440 49 189 239
-0.0135 -0.6021 0.1445 53 184 243
-0.0137 -0.6016 0.1447 51 188 244
-0.0139 -0.6010 0.1441 48 194 240
-0.0139 -0.6006 0.1441 47 199 240
-0.0138 -0.6011 0.1448 49 193 244
-0.0138 -0.6007 0.1449 49 198 245
-0.0139 -0.6001 0.1442 48 203 240
-0.0138 -0.5997 0.1442 49 205 241
-0.0138 -0.6002 0.1449 50 202 245
-0.0137 -0.5998 0.1450 50 204 246
-0.0135 -0.5993 0.1450 51 205 246
-0.0137 -0.5992 0.1443 49 206 241
-0.0134 -0.5999 0.1457 54 203 250
-0.0135 -0.6004 0.1456 54 200 250
-0.0130 -0.6005 0.1462 60 199 254
-0.0129 -0.6001 0.1462 61 201 254
-0.0128 -0.5996 0.1463 61 202 254
-0.0132 -0.5995 0.1457 55 204 250
-0.0135 -0.6008 0.1455 53 196 250
-0.0135 -0.6012 0.1454 53 192 249
-0.0131 -0.6014 0.1460 59 190 253
-0.0131 -0.6010 0.1461 59 195 254
-0.0134 -0.6017 0.1453 54 187 248
-0.0133 -0.6022 0.1450 56 183 246
-0.0129 -0.6023 0.1455 61 181 249
-0.0130 -0.6019 0.1458 60 186 251
-0.0130 -0.6026 0.1448 59 179 245
-0.0127 -0.6030 0.1445 63 175 243
-0.0125 -0.6030 0.1448 66 174 245
-0.0127 -0.6027 0.1451 63 177 247
-0.0123 -0.6028 0.1454 69 176 249
-0.0122 -0.6031 0.1450 71 173 247
-0.0119 -0.6032 0.1451 75 172 247
-0.0119 -0.6029 0.1456 75 175 250
-0.0125 -0.6024 0.1458 68 180 252
-0.0125 -0.6020 0.1461 67 184 254
-0.0119 -0.6026 0.1460 75 178 253
-0.0119 -0.6022 0.1463 75 183 255
-0.0125 -0.6016 0.1464 67 188 255
-0.0125 -0.6011 0.1465 67 193 255
-0.0119 -0.6017 0.1466 76 187 255
-0.0118 -0.6013 0.1468 77 191 255
-0.0124 -0.6007 0.1466 68 197 255
-0.0123 -0.6003 0.1467 69 199 255
-0.0117 -0.6009 0.1469 78 195 255
-0.0116 -0.6004 0.1469 79 198 255
-0.0115 -0.6000 0.1469 79 198 255
-0.0122 -0.5998 0.1467 69 200 255
-0.0109 -0.6006 0.1470 89 196 255
-0.0110 -0.6011 0.1469 88 193 255
-0.0102 -0.6012 0.1468 98 192 255
-0.0101 -0.6008 0.1468 99 194 255
-0.0100 -0.6003 0.1469 99 195 255
-0.0108 -0.6002 0.1470 89 197 255
-0.0111 -0.6015 0.1468 87 189 255
-0.0112 -0.6019 0.1467 85 185 255
-0.0105 -0.6020 0.1465 95 184 255
-0.0104 -0.6016 0.1467 96 188 255
-0.0113 -0.6023 0.1464 84 181 255
-0.0114 -0.6027 0.1460 82 177 253
-0.0108 -0.6028 0.1459 90 176 253
-0.0106 -0.6024 0.1463 93 180 255
-0.0115 -0.6030 0.1456 81 174 251
-0.0115 -0.6033 0.1451 80 171 248
-0.0112 -0.6034 0.1451 85 171 247
-0.0110 -0.6031 0.1455 88 173 250
-0.0106 -0.6032 0.1453 94 172 249
-0.0109 -0.6034 0.1449 90 170 246
-0.0106 -0.6034 0.1447 94 170 244
-0.0103 -0.6032 0.1450 99 172 247
-0.0103 -0.6029 0.1457 97 175 251
-0.0101 -0.6025 0.1460 101 179 253
-0.0099 -0.6030 0.1453 103 174 248
-0.0096 -0.6026 0.1456 108 178 250
-0.0099 -0.6021 0.1462 103 182 254
-0.0097 -0.6017 0.1464 106 187 255
-0.0093 -0.6022 0.1458 111 182 251
-0.0091 -0.6018 0.1459 113 186 252
-0.0096 -0.6013 0.1465 107 190 255
-0.0095 -0.6009 0.1465 108 193 255
-0.0090 -0.6014 0.1460 115 190 253
-0.0089 -0.6010 0.1460 116 192 253
-0.0088 -0.6005 0.1461 116 193 253
-0.0094 -0.6004 0.1466 108 194 255
-0.0085 -0.6010 0.1454 122 192 249
-0.0086 -0.6014 0.1454 121 189 248
-0.0083 -0.6014 0.1447 125 189 244
-0.0082 -0.6010 0.1447 126 192 244
-0.0081 -0.6005 0.1447 126 193 244
-0.0084 -0.6005 0.1455 122 193 249
-0.0087 -0.6019 0.1453 119 185 248
-0.0089 -0.6022 0.1452 116 181 247
-0.0087 -0.6022 0.1445 120 182 243
-0.0084 -0.6018 0.1446 123 186 243
-0.0092 -0.6026 0.1450 113 178 246
-0.0095 -0.6030 0.1449 108 174 245
-0.0093 -0.6030 0.1443 111 174 241
-0.0090 -0.6026 0.1444 116 178 242
-0.0100 -0.6033 0.1446 103 172 244
-0.0104 -0.6035 0.1444 97 170 242
-0.0103 -0.6035 0.1441 99 170 240
-0.0098 -0.6033 0.1442 105 172 241
-0.0098 -0.6032 0.1437 106 172 237
-0.0103 -0.6034 0.1437 99 170 237
-0.0103 -0.6034 0.1434 98 171 235
-0.0098 -0.6032 0.1433 105 173 234
-0.0093 -0.6029 0.1438 111 175 237
-0.0089 -0.6026 0.1438 117 178 238
-0.0094 -0.6028 0.1432 110 176 234
-0.0090 -0.6025 0.1431 115 179 233
-0.0086 -0.6022 0.1438 121 182 238
-0.0084 -0.6018 0.1439 124 186 238
-0.0087 -0.6021 0.1431 119 183 233
-0.0085 -0.6017 0.1431 122 187 233
-0.0082 -0.6014 0.1439 126 190 238
-0.0081 -0.6009 0.1440 127 193 239
-0.0083 -0.6013 0.1432 124 191 233
-0.0082 -0.6008 0.1432 125 194 233
-0.0081 -0.6003 0.1433 125 195 234
-0.0080 -0.6004 0.1440 127 194 239
-0.0085 -0.6007 0.1425 121 195 229
-0.0086 -0.6011 0.1425 120 193 229
-0.0090 -0.6005 0.1419 115 197 225
-0.0089 -0.6000 0.1420 115 198 225
-0.0084 -0.6002 0.1426 121 196 229
-0.0088 -0.6015 0.1425 118 189 229
-0.0090 -0.6019 0.1425 115 185 229
-0.0094 -0.6018 0.1419 109 186 225
-0.0092 -0.6014 0.1419 112 190 225
-0.0092 -0.6023 0.1426 112 181 229
-0.0096 -0.6027 0.1427 107 177 230
-0.0099 -0.6026 0.1422 102 178 227
-0.0096 -0.6022 0.1421 106 182 226
-0.0100 -0.6031 0.1429 102 174 231
-0.0105 -0.6033 0.1431 96 171 232
-0.0107 -0.6032 0.1428 93 172 230
-0.0103 -0.6030 0.1425 98 175 229
-0.0107 -0.6029 0.1422 93 176 227
-0.0110 -0.6032 0.1426 89 173 229
-0.0113 -0.6031 0.1425 84 174 228
-0.0111 -0.6027 0.1421 87 177 225
-0.0104 -0.6025 0.1419 96 179 225
-0.0102 -0.6021 0.1417 99 184 223
-0.0109 -0.6023 0.1417 89 181 223
-0.0108 -0.6019 0.1415 91 185 222
-0.0100 -0.6016 0.1415 102 188 222
-0.0098 -0.6012 0.1415 104 192 222
-0.0106 -0.6015 0.1413 93 190 221
-0.0105 -0.6010 0.1412 95 194 220
-0.0097 -0.6008 0.1415 105 196 222
-0.0096 -0.6003 0.1415 106 199 222
-0.0104 -0.6006 0.1412 96 198 220
-0.0103 -0.6001 0.1413 97 201 220
-0.0102 -0.5997 0.1413 97 202 220
-0.0095 -0.5999 0.1416 107 200 222
-0.0110 -0.6000 0.1412 87 202 220
-0.0109 -0.5995 0.1413 87 203 220
-0.0111 -0.6004 0.1412 86 200 220
-0.0112 -0.6009 0.1412 85 196 220
-0.0113 -0.6013 0.1413 83 191 220
-0.0114 -0.6018 0.1414 82 187 221
-0.0115 -0.6022 0.1417 81 182 223
-0.0116 -0.6026 0.1420 80 178 225
-0.0116 -0.6030 0.1424 79 175 228
-0.0119 -0.6033 0.1434 74 171 234
-0.0119 -0.6033 0.1435 73 171 235
-0.0121 -0.6032 0.1433 72 172 234
-0.0120 -0.6032 0.1432 74 172 234
-0.0118 -0.6033 0.1431 76 171 233
-0.0118 -0.6034 0.1434 77 171 234
-0.0121 -0.6031 0.1429 73 173 232
-0.0119 -0.6031 0.1428 76 172 231
-0.0123 -0.6031 0.1431 70 173 233
-0.0120 -0.6033 0.1436 71 172 236
-0.0120 -0.6033 0.1437 71 171 237
-0.0123 -0.6032 0.1436 70 172 237
-0.0122 -0.6032 0.1435 71 172 235
-0.0125 -0.6031 0.1433 68 173 235
-0.0126 -0.6031 0.1436 67 173 236
-0.0121 -0.6033 0.1438 70 171 238
-0.0120 -0.6034 0.1439 71 171 239
-0.0123 -0.6033 0.1440 70 171 239
-0.0123 -0.6032 0.1438 70 172 238
-0.0126 -0.6031 0.1438 66 173 238
-0.0125 -0.6031 0.1441 67 173 240
-0.0120 -0.6034 0.1440 71 171 240
-0.0119 -0.6034 0.1440 73 170 241
-0.0121 -0.6033 0.1443 72 171 241
-0.0122 -0.6033 0.1441 71 171 240
-0.0124 -0.6032 0.1443 68 172 241
-0.0123 -0.6032 0.1445 70 172 242
-0.0118 -0.6034 0.1441 75 170 241
-0.0117 -0.6035 0.1441 77 170 242
-0.0118 -0.6034 0.1444 77 170 242
-0.0120 -0.6034 0.1444 74 170 242
-0.0121 -0.6033 0.1446 73 171 243
-0.0118 -0.6033 0.1447 76 170 244
-0.0116 -0.6035 0.1442 79 169 242
-0.0115 -0.6035 0.1441 81 169 241
-0.0114 -0.6035 0.1444 81 169 242
-0.0116 -0.6034 0.1444 79 169 242
-0.0116 -0.6034 0.1448 79 170 244
-0.0113 -0.6035 0.1447 83 169 244
-0.0114 -0.6035 0.1441 83 169 241
-0.0114 -0.6035 0.1440 85 168 240
-0.0112 -0.6035 0.1442 86 168 241
-0.0113 -0.6035 0.1443 84 169 242
-0.0111 -0.6035 0.1446 86 169 243
-0.0109 -0.6035 0.1444 88 169 242
-0.0113 -0.6035 0.1440 86 168 240
-0.0113 -0.6035 0.1438 87 168 238
-0.0110 -0.6035 0.1439 88 168 239
-0.0110 -0.6035 0.1441 87 168 240
-0.0108 -0.6035 0.1442 90 169 241
-0.0107 -0.6035 0.1440 91 169 239
-0.0112 -0.6035 0.1437 87 169 237
-0.0113 -0.6035 0.1436 86 169 236
-0.0110 -0.6035 0.1436 88 169 236
-0.0110 -0.6035 0.1437 88 169 237
-0.0107 -0.6035 0.1437 92 169 237
-0.0107 -0.6035 0.1435 91 169 236
-0.0113 -0.6035 0.1435 86 169 235
-0.0114 -0.6035 0.1435 84 169 235
-0.0112 -0.6034 0.1433 85 170 234
-0.0111 -0.6035 0.1434 87 169 235
-0.0108 -0.6034 0.1432 90 170 234
-0.0110 -0.6034 0.1430 88 170 233
-0.0114 -0.6034 0.1434 83 170 234
-0.0116 -0.6034 0.1434 81 170 234
-0.0115 -0.6033 0.1431 81 170 233
-0.0113 -0.6034 0.1432 83 170 233
-0.0112 -0.6033 0.1429 85 171 232
-0.0114 -0.6032 0.1428 82 171 231
-0.0117 -0.6034 0.1433 79 171 233
-0.0116 -0.6033 0.1431 79 171 233
-0.0116 -0.6032 0.1428 79 172 231
0.0088 -0.6036 0.1437 96 169 238
-0.0091 -0.6009 0.1419 114 194 225
-0.0117 -0.6035 0.1438 79 169 238
0.0720 -0.4341 0.0164 103 220 220
0.0567 -0.4226 0.0238 104 218 219
0.0856 -0.4187 0.0287 107 217 218
0.0883 -0.3411 -0.0003 122 224 220
0.0798 -0.3431 -0.0062 100 213 216
0.0847 -0.3318 0.0063 129 210 217
-0.1289 -0.4117 0.0310 101 213 217
-0.1594 -0.3613 0.0507 102 208 215
-0.0942 -0.4222 0.0280 102 208 216
0.2057 -0.4320 0.0671 120 192 220
0.2248 -0.4230 0.0762 119 196 218
0.1951 -0.4672 0.0767 113 192 219
-0.3469 -0.3736 0.1377 95 206 216
-0.2866 -0.4724 0.1106 83 200 218
-0.3202 -0.4744 0.1222 89 205 218
0.3770 -0.3519 0.1443 119 207 215
0.4084 -0.3322 0.1557 109 212 215
0.3150 -0.4838 0.1158 103 206 218
0.5046 0.0572 0.1537 162 210 210
0.4901 -0.0098 0.1567 157 208 211
0.2044 -0.1729 -0.0054 145 202 215
0.4647 -0.1177 0.1604 147 206 213
0.2182 -0.2318 0.0230 140 200 216
0.0677 -0.3338 0.0062 70 209 230
0.0712 -0.3288 -0.0011 106 205 214
0.0710 -0.3616 0.0053 72 201 225
-0.2279 -0.4209 0.0778 85 197 218
-0.0747 -0.4340 0.0167 99 220 220
-0.0942 -0.4222 0.0280 95 219 219
-0.0882 -0.4185 0.0293 97 217 219
-0.4892 -0.0081 0.1632 113 209 211
-0.2195 -0.2308 0.0260 94 201 216
-0.4646 -0.1162 0.1658 105 206 213
-0.4393 -0.2161 0.1650 98 204 215
-0.2147 -0.2961 0.0444 94 200 216
-0.3894 -0.2868 0.1475 92 202 216
-0.0724 -0.3421 0.0199 135 221 244
-0.0698 -0.3336 0.0074 148 208 230
-0.0800 -0.3359 0.0205 131 224 245
-0.1926 -0.1866 -0.0096 102 195 216
-0.0734 -0.3285 0.0002 94 194 217
-0.0867 -0.3313 0.0078 91 192 219
-0.1915 -0.1881 -0.0014 149 228 237
-0.1047 -0.3292 0.0338 127 220 249
-0.0800 -0.3359 0.0205 132 221 247
-0.0698 -0.3336 0.0074 137 223 242
-0.0734 -0.3285 0.0002 140 225 236
0.5169 -0.4289 0.1234 100 211 217
0.0917 -0.4224 0.0276 108 219 219
0.0703 -0.3422 0.0187 81 221 244
0.0779 -0.3361 0.0193 86 224 245
0.0642 -0.3533 0.0204 68 207 232
0.0712 -0.3288 -0.0011 106 205 214
0.0710 -0.3616 0.0053 72 201 225
0.1914 -0.1878 -0.0128 138 195 216
-0.1305 -0.4597 0.0637 113 184 251
-0.1400 -0.4697 0.0603 112 184 251
-0.0996 -0.4608 0.0472 113 184 251
-0.0593 -0.4226 0.0241 100 218 219
-0.1479 -0.3640 0.0478 96 207 216
-0.1862 -0.3423 0.0539 105 205 214
-0.1992 -0.3930 0.0551 93 204 216
-0.1989 -0.3311 0.0538 107 200 214
-0.3655 -0.3133 0.1374 90 202 217
-0.1926 -0.1866 -0.0096 151 228 232
-0.0734 -0.3285 0.0002 123 212 216
-0.0733 -0.3613 0.0063 141 201 225
0.0491 -0.4655 0.0066 119 188 222
0.0827 -0.4458 0.0178 120 189 222
0.1051 -0.4532 0.0384 121 190 222
0.1579 -0.4471 0.0545 112 190 219
0.2574 -0.4700 0.1025 108 192 219
0.1187 -0.4137 0.0489 90 204 255
0.1368 -0.3732 0.0574 94 202 254
0.1120 -0.3812 0.0420 91 207 254
0.0422 -0.4453 0.0091 100 219 220
-0.4951 -0.1258 0.1773 132 210 210
-0.4539 -0.2375 0.1753 120 211 212
-0.6997 -0.3054 0.1442 114 208 214
-0.5135 -0.0182 0.1670 138 212 208
-0.1212 -0.4136 0.0497 115 204 255
-0.0911 -0.4114 0.0416 108 206 255
-0.1143 -0.3810 0.0431 120 206 254
-0.1444 -0.4134 0.0548 113 200 255
-0.1534 -0.3650 0.0630 117 201 254
-0.0664 -0.3532 0.0214 147 207 232
-0.0451 -0.4453 0.0091 100 219 220
0.1117 -0.4465 0.0395 121 190 222
0.1512 -0.4596 0.0583 110 190 219
0.0717 -0.4097 0.0283 108 208 216
-0.0742 -0.4096 0.0288 103 202 216
-0.0882 -0.4185 0.0293 103 205 216
-0.0863 -0.3822 0.0272 98 203 215
-0.1801 -0.3984 0.0493 94 207 216
-0.1961 -0.2383 0.0251 130 220 249
-0.1730 -0.2965 0.0451 126 220 250
0.1597 -0.4550 0.0688 87 201 255
0.1278 -0.4598 0.0633 95 190 255
0.1371 -0.4699 0.0600 90 194 255
0.2069 -0.4380 0.0832 85 206 255
0.1766 -0.4798 0.0755 83 203 255
0.2261 -0.4252 0.0902 85 206 254
0.2513 -0.4741 0.1075 82 205 255
0.3498 -0.3658 0.1497 93 202 254
0.2798 -0.4699 0.1191 83 202 255
0.3899 -0.3411 0.1652 108 197 254
0.3073 -0.4636 0.1259 92 196 255
0.4155 -0.3181 0.1696 113 199 253
0.4942 -0.4205 0.1386 103 195 255
0.4708 -0.2340 0.1810 120 203 252
0.5748 -0.3805 0.1447 107 197 255
0.5105 -0.1311 0.1848 130 211 250
0.6882 -0.3101 0.1549 114 202 254
0.1117 -0.4465 0.0395 114 196 218
0.3454 -0.3747 0.1356 115 207 216
0.2852 -0.4728 0.1099 111 200 218
0.4533 -0.2389 0.1711 113 211 212
0.5936 -0.3809 0.1365 103 210 216
0.4952 -0.1271 0.1720 119 210 210
0.6984 -0.3087 0.1394 108 208 214
0.5092 -0.0107 0.1638 130 212 208
0.8459 -0.2302 0.1408 115 208 212
0.5231 0.0587 0.1571 136 213 206
0.9405 -0.1337 0.1370 123 210 210
0.1692 -0.4053 0.0639 91 203 255
0.1604 -0.3536 0.0648 106 204 255
0.1416 -0.4130 0.0538 93 200 255
0.1494 -0.3652 0.0609 97 201 254
0.2168 -0.2368 0.0291 95 215 248
0.4315 -0.2196 0.1671 96 213 248
0.4646 -0.1206 0.1746 104 215 246
0.0856 -0.4187 0.0287 102 204 216
0.0717 -0.4097 0.0283 103 201 216
0.0840 -0.3822 0.0266 112 202 215
0.0917 -0.4224 0.0276 102 208 216
0.1185 -0.3658 0.0336 121 202 216
0.1263 -0.4120 0.0303 104 214 217
0.1579 -0.3589 0.0508 110 208 215
0.1776 -0.3986 0.0481 113 207 216
0.1971 -0.3934 0.0538 115 204 216
0.1842 -0.3428 0.0522 110 205 214
0.1970 -0.3318 0.0519 110 200 214
0.2097 -0.3913 0.0581 120 203 217
0.2258 -0.3874 0.0661 120 200 217
0.3647 -0.3164 0.1334 130 202 217
0.2625 -0.3805 0.0828 124 200 218
0.2130 -0.2970 0.0420 129 200 216
0.4388 -0.2174 0.1607 138 204 215
0.3886 -0.2887 0.1438 132 202 216
0.5028 0.0543 0.1588 114 237 230
0.5046 0.0572 0.1537 114 237 230
0.2044 -0.1729 -0.0054 96 232 233
0.1798 -0.2933 0.0376 126 194 217
0.1538 -0.3180 0.0412 122 192 217
0.1372 -0.3246 0.0387 126 188 220
0.1714 -0.2971 0.0430 98 220 250
0.1027 -0.3295 0.0324 91 220 249
0.1314 -0.3289 0.0454 94 222 249
0.1955 -0.2337 0.0166 133 194 216
0.1101 -0.3265 0.0242 130 190 220
0.1903 -0.1893 -0.0046 105 222 247
0.1947 -0.2392 0.0224 103 220 249
0.0677 -0.3338 0.0062 85 222 246
0.0779 -0.3361 0.0193 86 221 247
0.1903 -0.1893 -0.0046 90 228 232
0.1914 -0.1878 -0.0128 90 228 232
0.0712 -0.3288 -0.0011 79 225 236
-0.0520 -0.4654 0.0066 78 188 222
-0.1079 -0.4530 0.0387 77 190 222
-0.0855 -0.4457 0.0180 79 189 222
-0.2101 -0.4369 0.0846 116 205 255
-0.2539 -0.4735 0.1084 114 205 255
-0.1798 -0.4794 0.0761 111 203 255
-0.1624 -0.4547 0.0694 112 201 255
-0.1400 -0.4697 0.0603 106 193 255
-0.2290 -0.4232 0.0918 119 205 254
-0.2813 -0.4696 0.1199 113 202 255
-0.3513 -0.3650 0.1520 120 202 254
-0.3099 -0.4628 0.1273 105 196 255
-0.4166 -0.3170 0.1729 108 199 253
-0.5765 -0.3781 0.1482 103 197 255
-0.4962 -0.4186 0.1413 101 195 255
-0.4713 -0.2326 0.1854 114 203 252
-0.6894 -0.3070 0.1597 108 202 253
-0.5103 -0.1295 0.1903 121 211 250
-0.8404 -0.1907 0.1530 117 209 251
-0.1605 -0.4467 0.0552 88 191 219
-0.1144 -0.4462 0.0400 85 196 218
-0.1539 -0.4592 0.0588 87 190 219
-0.2089 -0.4310 0.0685 81 192 220
-0.1978 -0.4668 0.0774 83 193 219
-0.3784 -0.3508 0.1470 92 205 216
-0.4094 -0.3279 0.1605 109 212 215
-0.5954 -0.3783 0.1402 108 210 216
-0.5218 0.0606 0.1644 143 215 206
-0.8466 -0.2259 0.1472 119 209 212
-0.0742 -0.4096 0.0288 97 209 216
-0.1718 -0.4057 0.0651 115 202 255
-0.1630 -0.3545 0.0671 109 203 255
-0.1796 -0.3439 0.0661 108 208 254
-0.5015 0.0561 0.1660 168 233 235
-0.4903 -0.0078 0.1763 158 220 243
-0.2182 -0.2358 0.0321 140 215 248
-0.3864 -0.2932 0.1594 133 211 250
-0.3706 -0.3111 0.1526 131 211 250
-0.2112 -0.3004 0.0519 130 214 250
-0.4644 -0.1193 0.1800 148 215 246
-0.1205 -0.3661 0.0343 91 202 216
-0.1726 -0.3455 0.0521 104 207 215
-0.2114 -0.3905 0.0593 89 204 217
-0.2270 -0.3855 0.0674 87 201 217
-0.2621 -0.3740 0.0862 85 200 218
-0.5033 0.0590 0.1609 118 211 210
-0.2055 -0.1716 -0.0019 98 203 215
-0.2023 -0.1756 0.0059 148 224 242
-0.2055 -0.1716 -0.0019 148 232 233
-0.0821 -0.3427 -0.0051 123 208 216
-0.0734 -0.3285 0.0002 123 212 216
-0.0733 -0.3613 0.0063 141 201 225
-0.1815 -0.2925 0.0398 98 194 217
-0.1119 -0.3257 0.0260 89 191 220
-0.1391 -0.3242 0.0403 94 189 219
-0.1494 -0.3191 0.0511 131 226 244
-0.1333 -0.3286 0.0470 125 221 249
-0.1969 -0.2327 0.0194 100 195 216
0.0968 -0.4609 0.0470 84 185 251
0.1371 -0.4699 0.0600 83 184 251
0.1278 -0.4598 0.0633 84 185 251
0.1051 -0.4532 0.0384 114 196 218
0.1458 -0.3644 0.0465 121 203 216
0.1707 -0.3448 0.0511 109 207 214
0.2012 -0.1768 0.0025 96 232 233
0.1101 -0.3265 0.0242 124 224 220
0.1476 -0.3195 0.0493 89 226 244
0.0677 -0.3338 0.0062 78 225 236
-0.1144 -0.4462 0.0400 78 191 222
-0.1079 -0.4530 0.0387 84 197 218
-0.2599 -0.4693 0.1035 88 192 219
-0.5190 -0.4267 0.1262 103 212 217
-0.9405 -0.1288 0.1448 127 211 210
-0.5033 0.0590 0.1609 167 237 230
-0.0867 -0.3313 0.0078 89 222 221
-0.1556 -0.3175 0.0430 98 193 217
0.0886 -0.4114 0.0409 97 206 255
0.0832 -0.3819 0.0385 101 206 255
0.2096 -0.3011 0.0496 94 215 250
0.1901 -0.3316 0.0608 107 214 253
0.2134 -0.3872 0.0817 87 211 253
0.4912 -0.0093 0.1698 111 220 243
0.5231 0.0587 0.1571 145 218 246
0.8400 -0.1948 0.1463 123 209 251
-0.5218 0.0606 0.1644 136 218 246
-0.9405 -0.1288 0.1448 123 211 250
-0.3912 -0.3401 0.1681 109 197 254
-0.0698 -0.4059 0.0403 105 205 255
-0.0855 -0.3819 0.0394 109 206 255
-0.1960 -0.3927 0.0741 118 208 254
-0.1925 -0.3322 0.0634 100 211 253
-0.4320 -0.2184 0.1714 138 211 249
0.1765 -0.3425 0.0632 107 209 254
0.1940 -0.3917 0.0723 89 207 254
0.0040 -0.5433 0.0813 126 184 240
0.0047 -0.5410 0.0809 129 188 240
0.0038 -0.5426 0.0927 128 186 238
0.0017 -0.5453 0.0815 112 174 240
0.0017 -0.5502 0.0578 109 173 242
0.0050 -0.5466 0.0567 126 185 241
0.0062 -0.5448 0.0565 117 177 242
0.0111 -0.4357 -0.0979 116 209 218
0.0164 -0.4349 -0.0952 121 210 220
0.0169 -0.4545 -0.0990 119 204 219
0.0021 -0.4366 -0.1017 111 209 217
0.0062 -0.4363 -0.1000 115 209 218
0.0066 -0.4567 -0.1029 111 203 218
0.0108 -0.4170 -0.0919 119 212 219
0.0027 -0.4821 -0.1019 103 196 218
0.0070 -0.4809 -0.1012 106 197 218
0.0027 -0.5065 -0.0953 97 190 219
0.0119 -0.4791 -0.1002 109 198 218
0.0116 -0.4557 -0.1012 113 204 218
0.0168 -0.4768 -0.0985 118 199 220
0.0117 -0.3880 -0.0812 124 212 218
0.0171 -0.3879 -0.0778 127 211 220
0.0161 -0.4165 -0.0888 123 212 220
0.0100 -0.5503 -0.0453 105 172 234
0.0073 -0.5513 -0.0450 108 173 234
0.0080 -0.5423 -0.0677 100 173 230
0.0059 -0.5522 -0.0448 111 175 234
0.0069 -0.5404 -0.0712 100 176 227
0.0045 -0.5531 -0.0446 106 173 233
0.0097 -0.5386 -0.0724 103 177 227
0.0134 -0.5490 -0.0453 107 173 233
0.0168 -0.5475 -0.0449 112 175 234
0.0122 -0.5352 -0.0745 109 179 226
0.0122 -0.3001 -0.0628 135 208 217
0.0106 -0.2891 -0.0635 135 207 217
0.0242 -0.2958 -0.0508 143 209 221
0.0247 -0.2871 -0.0472 147 211 224
0.0288 -0.2962 -0.0437 146 213 224
0.0324 -0.3046 -0.0412 145 212 224
0.0272 -0.3041 -0.0486 142 209 221
0.0055 -0.3022 -0.0662 124 208 215
0.0120 -0.3198 -0.0648 132 209 217
0.0082 -0.5313 -0.0804 99 180 223
0.0058 -0.5263 -0.0842 99 183 222
0.0137 -0.5195 -0.0868 110 186 222
0.0124 -0.5017 -0.0953 108 192 219
0.0174 -0.5171 -0.0858 117 189 224
0.0183 -0.5316 -0.0738 116 181 228
0.0152 -0.5332 -0.0747 111 180 227
0.0104 -0.5236 -0.0855 100 184 222
0.0075 -0.5078 -0.0946 102 190 219
0.0167 -0.4988 -0.0941 117 194 221
0.0294 -0.4702 -0.0866 132 200 226
0.0257 -0.4722 -0.0917 127 199 223
0.0265 -0.4524 -0.0913 129 204 223
0.0347 -0.4678 -0.0771 133 203 227
0.0329 -0.4685 -0.0807 117 205 219
0.0335 -0.4563 -0.0791 119 205 219
0.0263 -0.4342 -0.0874 129 208 223
0.0265 -0.4524 -0.0913 129 204 223
0.0306 -0.4361 -0.0818 134 206 225
0.0303 -0.4529 -0.0853 134 204 227
0.0058 -0.5390 0.0808 118 177 241
0.0094 -0.5435 0.0568 108 173 242
0.0024 -0.5255 -0.0852 96 183 222
0.0056 -0.5666 0.1170 117 201 224
0.0031 -0.5662 0.1148 96 197 219
0.0048 -0.5608 0.1162 121 197 226
0.0016 -0.5450 0.0922 115 175 237
0.0060 -0.4174 -0.0943 118 212 218
0.0066 -0.4567 -0.1029 111 203 218
0.0020 -0.4176 -0.0961 114 212 218
0.0026 -0.2677 -0.0673 126 208 214
0.0036 -0.2791 -0.0669 125 206 214
-0.0015 -0.2678 -0.0680 114 207 213
-0.0015 -0.2560 -0.0674 115 210 213
0.0023 -0.2564 -0.0667 128 210 214
0.0024 -0.4572 -0.1042 108 203 217
-0.0014 -0.4366 -0.1024 101 209 217
0.0024 -0.4572 -0.1042 108 203 217
0.0134 -0.3510 -0.0697 129 211 218
0.0190 -0.3514 -0.0657 132 211 219
0.0083 -0.3505 -0.0727 126 211 217
0.0096 -0.5545 -0.0076 104 171 239
0.0066 -0.5554 -0.0078 112 174 239
0.0052 -0.5568 -0.0079 121 179 239
0.0133 -0.5532 -0.0071 110 173 239
0.0196 -0.5455 -0.0445 120 180 235
0.0018 -0.5539 -0.0444 98 171 233
0.0020 -0.5397 -0.0722 96 176 226
0.0016 -0.5564 0.0284 106 172 241
0.0040 -0.5550 0.0281 120 179 241
0.0041 -0.5485 0.0572 122 181 241
0.0093 -0.5504 0.0280 106 172 241
0.0049 -0.5533 0.0278 125 184 240
0.0062 -0.5516 0.0278 115 176 241
0.0041 -0.5582 -0.0078 115 176 238
0.0282 -0.3876 -0.0684 131 211 221
0.0262 -0.4163 -0.0808 129 211 222
0.0116 -0.4557 -0.1012 113 204 218
0.0067 -0.3880 -0.0838 122 212 218
0.0169 -0.4545 -0.0990 119 204 219
0.0310 -0.4183 -0.0759 133 209 224
0.0047 -0.2905 -0.0663 124 206 214
0.0063 -0.2580 -0.0648 137 210 216
0.0023 -0.2441 -0.0648 130 213 214
0.0065 -0.2467 -0.0629 136 211 215
0.0026 -0.2301 -0.0615 131 214 214
0.0028 -0.2148 -0.0576 131 214 213
0.0077 -0.2166 -0.0558 135 214 214
0.0034 -0.1608 -0.0530 140 208 213
0.0050 -0.1437 -0.0536 145 207 213
0.0084 -0.1549 -0.0504 146 208 214
0.0085 -0.2784 -0.0647 136 207 216
0.0068 -0.2680 -0.0654 135 208 216
0.0083 -0.1677 -0.0494 145 208 214
0.0033 -0.1808 -0.0524 138 210 213
0.0031 -0.1986 -0.0543 134 213 213
0.0033 -0.1808 -0.0524 138 210 213
0.0082 -0.1838 -0.0496 142 211 214
0.0080 -0.2003 -0.0521 138 213 214
0.0340 -0.3882 -0.0625 116 210 217
0.0382 -0.3886 -0.0567 139 208 225
0.0367 -0.4187 -0.0681 115 209 217
0.0315 -0.3246 -0.0467 148 204 229
0.0208 -0.3264 -0.0584 137 210 220
0.0298 -0.3116 -0.0462 141 209 221
0.0168 -0.3236 -0.0616 136 210 219
0.0016 -0.5472 0.1005 116 178 232
0.0044 -0.5402 0.0929 125 183 237
0.0025 -0.3880 -0.0858 117 212 217
0.0034 -0.3505 -0.0751 120 211 216
0.0337 -0.3002 -0.0355 128 222 218
0.0337 -0.2996 -0.0348 140 217 222
0.0369 -0.3070 -0.0335 146 215 226
0.0071 -0.2325 -0.0596 135 213 215
0.0023 -0.2441 -0.0648 130 213 214
0.0059 -0.5418 0.1033 101 175 228
0.0068 -0.5411 0.1037 114 177 232
0.0042 -0.5480 0.1097 127 189 233
0.0246 -0.4922 -0.0885 125 195 224
0.0373 -0.3524 -0.0481 138 210 222
0.0339 -0.3849 -0.0617 116 211 217
0.0320 -0.3513 -0.0535 115 213 216
0.0022 -0.5806 0.1140 108 201 221
0.0013 -0.5804 0.1136 84 206 220
0.0025 -0.5769 0.1146 87 205 219
0.0150 -0.1517 -0.0456 163 211 227
0.0158 -0.1669 -0.0439 161 210 227
0.0131 -0.5487 0.0283 113 175 242
0.0132 -0.1322 -0.0496 163 211 225
0.0149 -0.1509 -0.0457 163 212 227
0.0168 -0.1849 -0.0443 158 212 225
0.0016 -0.5593 -0.0077 102 171 238
0.0120 -0.5422 0.0571 127 187 242
0.0052 -0.3208 -0.0684 123 210 215
0.0192 -0.5471 -0.0057 114 175 238
0.0200 -0.5436 -0.0063 131 194 240
0.0181 -0.5427 0.0286 131 192 240
-0.0045 -0.5564 0.0284 76 172 241
-0.0014 -0.5570 0.0286 91 170 241
-0.0046 -0.5502 0.0578 74 173 242
-0.0084 -0.3022 -0.0662 99 208 215
-0.0081 -0.3208 -0.0684 97 210 215
-0.0149 -0.3198 -0.0648 89 209 217
-0.0053 -0.5255 -0.0852 91 183 222
-0.0056 -0.5065 -0.0953 93 190 219
-0.0014 -0.5072 -0.0953 95 189 219
-0.0087 -0.5263 -0.0842 87 183 222
-0.0104 -0.5078 -0.0946 88 190 219
-0.0049 -0.5397 -0.0722 89 176 226
-0.0079 -0.5466 0.0567 57 185 241
-0.0069 -0.5433 0.0813 58 184 240
-0.0076 -0.5410 0.0809 56 188 240
-0.0045 -0.5453 0.0815 72 174 240
-0.0072 -0.5402 0.0929 60 183 237
-0.0087 -0.5390 0.0808 67 177 241
-0.0125 -0.5373 0.0941 79 172 236
-0.0158 -0.5366 0.0818 74 174 240
-0.0128 -0.5376 0.0814 101 171 239
-0.0050 -0.4366 -0.1017 90 209 217
-0.0090 -0.4363 -0.1000 86 209 218
-0.0049 -0.4176 -0.0961 91 212 218
-0.0140 -0.4357 -0.0979 85 209 218
-0.0145 -0.4557 -0.1012 85 204 218
-0.0198 -0.4545 -0.0990 79 204 219
-0.0055 -0.4821 -0.1019 91 196 218
-0.0099 -0.4809 -0.1012 88 197 218
-0.0053 -0.4572 -0.1042 90 203 217
-0.0147 -0.4791 -0.1002 85 198 218
-0.0153 -0.5017 -0.0953 83 192 219
-0.0196 -0.4988 -0.0941 74 194 221
-0.0089 -0.4174 -0.0943 86 212 218
-0.0137 -0.4170 -0.0919 85 212 219
-0.0054 -0.3880 -0.0858 92 212 217
-0.0193 -0.4349 -0.0952 80 210 220
-0.0129 -0.5503 -0.0453 78 172 234
-0.0126 -0.5386 -0.0724 82 177 227
-0.0109 -0.5423 -0.0677 84 173 230
-0.0088 -0.5522 -0.0448 71 175 234
-0.0102 -0.5513 -0.0450 75 173 234
-0.0098 -0.5404 -0.0712 85 176 227
-0.0047 -0.5539 -0.0444 84 171 233
-0.0045 -0.5593 -0.0077 80 171 238
-0.0070 -0.5582 -0.0078 67 176 238
-0.0197 -0.5475 -0.0449 71 175 234
-0.0225 -0.5455 -0.0445 63 180 235
-0.0181 -0.5332 -0.0747 74 180 227
-0.0151 -0.5352 -0.0745 77 179 226
-0.0163 -0.5490 -0.0453 76 173 233
-0.0271 -0.2958 -0.0508 81 209 221
-0.0238 -0.2871 -0.0535 82 209 221
-0.0151 -0.3001 -0.0628 88 208 217
-0.0276 -0.2871 -0.0472 78 211 224
-0.0231 -0.2768 -0.0525 80 210 222
-0.0188 -0.2749 -0.0582 84 208 219
-0.0135 -0.2891 -0.0635 90 207 217
-0.0111 -0.5313 -0.0804 87 180 223
-0.0133 -0.5236 -0.0855 88 184 222
-0.0165 -0.5195 -0.0868 78 186 222
-0.0197 -0.4768 -0.0985 77 199 220
-0.0145 -0.4557 -0.1012 85 204 218
-0.0285 -0.4722 -0.0917 68 199 223
-0.0198 -0.4545 -0.0990 79 204 219
-0.0335 -0.4361 -0.0818 68 206 225
-0.0365 -0.4385 -0.0773 61 200 235
-0.0389 -0.4217 -0.0699 62 203 235
-0.0292 -0.4342 -0.0874 73 208 223
-0.0190 -0.4165 -0.0888 81 212 220
-0.0053 -0.4572 -0.1042 90 203 217
-0.0095 -0.4567 -0.1029 87 203 218
-0.0062 -0.1808 -0.0524 104 210 213
-0.0064 -0.1608 -0.0530 106 208 213
-0.0015 -0.1787 -0.0538 121 209 211
-0.0067 -0.5426 0.0927 56 186 238
-0.0045 -0.5450 0.0922 69 175 237
-0.0014 -0.5509 0.0581 91 170 243
-0.0146 -0.3880 -0.0812 85 212 218
-0.0096 -0.3880 -0.0838 87 212 218
-0.0014 -0.3880 -0.0867 104 213 216
-0.0074 -0.5531 -0.0446 77 173 233
-0.0100 -0.2325 -0.0596 99 213 215
-0.0094 -0.2467 -0.0629 95 211 215
-0.0203 -0.2423 -0.0562 86 208 219
-0.0014 -0.4826 -0.1022 97 196 218
-0.0060 -0.1986 -0.0543 105 213 213
-0.0058 -0.2148 -0.0576 106 214 213
-0.0109 -0.2003 -0.0521 101 213 214
-0.0015 -0.2142 -0.0584 118 215 212
-0.0062 -0.1808 -0.0524 104 210 213
-0.0015 -0.1787 -0.0538 121 209 211
-0.0015 -0.1977 -0.0553 120 213 212
-0.0063 -0.3505 -0.0751 95 211 216
-0.0014 -0.3506 -0.0762 107 212 215
-0.0014 -0.3215 -0.0698 110 211 214
-0.0081 -0.5568 -0.0079 61 179 239
-0.0094 -0.5554 -0.0078 70 174 239
-0.0125 -0.5545 -0.0076 79 171 239
-0.0196 -0.5507 -0.0064 65 178 239
-0.0215 -0.5484 -0.0059 52 197 240
-0.0252 -0.5411 -0.0448 52 198 239
-0.0162 -0.5532 -0.0071 73 173 239
-0.0069 -0.5485 0.0572 61 181 241
-0.0123 -0.5435 0.0568 76 173 242
-0.0160 -0.5487 0.0283 70 175 242
-0.0091 -0.5448 0.0565 67 177 242
-0.0091 -0.5516 0.0278 67 176 241
-0.0078 -0.5533 0.0278 58 184 240
-0.0068 -0.5550 0.0281 63 179 241
-0.0189 -0.5393 0.0570 62 181 241
-0.0122 -0.5504 0.0280 77 172 241
-0.0203 -0.5171 -0.0858 71 189 224
-0.0275 -0.4922 -0.0885 67 195 224
-0.0055 -0.2301 -0.0615 104 214 214
-0.0106 -0.2166 -0.0558 102 214 214
-0.0332 -0.4529 -0.0853 65 204 227
-0.0294 -0.4524 -0.0913 70 204 223
-0.0095 -0.4567 -0.1029 87 203 218
-0.0052 -0.2564 -0.0667 102 210 214
-0.0055 -0.2677 -0.0673 102 208 214
-0.0092 -0.2580 -0.0648 93 210 216
-0.0079 -0.1437 -0.0536 103 207 213
-0.0015 -0.1238 -0.0587 126 205 210
-0.0094 -0.2467 -0.0629 95 211 215
-0.0112 -0.1677 -0.0494 99 208 214
-0.0113 -0.1549 -0.0504 100 208 214
-0.0161 -0.1322 -0.0496 86 211 225
-0.0178 -0.1509 -0.0457 84 212 227
-0.0353 -0.3046 -0.0412 77 212 224
-0.0317 -0.2962 -0.0437 77 213 224
-0.0301 -0.3041 -0.0486 80 209 221
-0.0076 -0.2905 -0.0663 100 206 214
-0.0065 -0.2791 -0.0669 102 206 214
-0.0114 -0.2784 -0.0647 92 207 216
-0.0097 -0.2680 -0.0654 93 208 216
-0.0052 -0.2441 -0.0648 102 213 214
-0.0111 -0.1838 -0.0496 100 211 214
-0.0163 -0.3510 -0.0697 86 211 218
-0.0112 -0.3505 -0.0727 89 211 217
-0.0197 -0.3236 -0.0616 83 209 219
-0.0237 -0.3264 -0.0584 82 210 220
-0.0291 -0.4163 -0.0808 75 211 222
-0.0200 -0.3879 -0.0778 82 211 220
-0.0311 -0.3876 -0.0684 78 211 221
-0.0219 -0.3514 -0.0657 82 211 219
-0.0327 -0.3116 -0.0462 80 209 221
-0.0240 -0.2466 -0.0583 139 214 217
-0.0288 -0.2344 -0.0561 124 219 214
-0.0218 -0.2412 -0.0559 143 216 219
-0.0044 -0.5472 0.1005 68 178 232
-0.0066 -0.5450 0.1016 58 185 234
-0.0339 -0.4183 -0.0759 71 209 224
-0.0323 -0.4702 -0.0866 64 200 226
-0.0309 -0.4883 -0.0854 57 196 236
-0.0332 -0.4529 -0.0853 65 204 227
-0.0294 -0.4524 -0.0913 70 204 223
-0.0223 -0.2612 -0.0567 147 202 222
-0.0208 -0.2605 -0.0564 140 200 218
-0.0240 -0.2705 -0.0519 124 191 217
-0.0196 -0.1677 -0.0426 103 209 213
-0.0206 -0.1666 -0.0396 85 211 223
-0.0189 -0.1543 -0.0441 103 208 213
-0.0308 -0.5059 -0.0802 67 193 224
-0.0276 -0.5103 -0.0819 90 190 219
-0.0303 -0.5219 -0.0716 66 185 228
-0.0212 -0.5316 -0.0738 69 181 228
0.1471 -0.3262 0.0588 95 222 249
0.1432 -0.3418 0.0635 102 214 253
0.1562 -0.3434 0.0654 104 207 254
0.1685 -0.3365 0.0671 108 204 254
0.5158 0.0713 0.1601 152 234 241
0.5108 0.0714 0.1591 120 235 237
0.5043 -0.0006 0.1780 151 216 246
0.4692 -0.1237 0.1828 101 216 245
0.4816 -0.1266 0.1885 121 212 250
0.4964 -0.0035 0.1767 112 220 243
0.4336 -0.2260 0.1807 91 216 246
0.4487 -0.2313 0.1879 116 206 252
0.3844 -0.3122 0.1687 85 215 248
0.3983 -0.3168 0.1796 107 200 253
0.3679 -0.3199 0.1603 90 223 246
0.3551 -0.3335 0.1636 91 213 251
0.3744 -0.3249 0.1655 93 215 251
0.3500 -0.3513 0.1571 100 194 253
0.3825 -0.3323 0.1724 101 198 253
0.2119 -0.4030 0.0995 82 206 252
0.2025 -0.4186 0.0878 91 194 254
0.2283 -0.3881 0.0962 83 223 246
0.2143 -0.3935 0.0900 82 222 246
0.1974 -0.4123 0.0872 82 207 253
0.1831 -0.4299 0.0812 90 200 255
0.1954 -0.4005 0.0789 83 217 250
0.1816 -0.4138 0.0775 83 213 252
0.1136 -0.4316 0.0658 96 218 253
0.1266 -0.4448 0.0722 95 199 255
0.1579 -0.4247 0.0687 89 218 252
0.0679 -0.4214 0.0588 97 219 253
0.0726 -0.4486 0.0641 96 197 255
0.1890 -0.1699 0.0006 91 217 242
0.1929 -0.1693 0.0015 124 225 248
0.1895 -0.1430 -0.0181 130 233 243
0.1986 -0.2359 0.0326 92 218 246
0.2064 -0.2346 0.0344 123 219 250
0.1801 -0.2969 0.0522 95 221 249
0.1981 -0.2969 0.0578 121 213 252
0.1754 -0.3286 0.0674 112 208 254
0.1340 -0.3425 0.0620 97 213 253
0.1313 -0.3323 0.0560 96 226 247
0.1359 -0.3597 0.0641 94 198 253
0.1450 -0.3559 0.0675 109 200 254
0.0409 -0.4270 0.0488 84 215 252
0.0159 -0.4355 0.0397 70 212 248
0.0195 -0.4606 0.0451 72 192 250
0.0423 -0.4179 0.0427 83 218 250
0.0295 -0.4191 0.0334 78 217 249
0.0667 -0.3534 0.0271 78 219 244
0.0766 -0.3515 0.0381 85 215 250
0.0754 -0.3416 0.0273 85 225 244
0.0564 -0.3697 0.0304 83 218 248
0.0729 -0.3692 0.0402 92 208 254
0.0321 -0.4068 0.0317 78 214 249
0.0511 -0.4074 0.0404 91 216 253
0.8675 -0.2107 0.1483 114 216 251
0.8770 -0.2177 0.1511 123 206 252
0.9912 -0.1218 0.1297 117 239 234
0.7171 -0.3282 0.1539 104 211 253
0.7227 -0.3319 0.1552 114 199 254
0.5989 -0.3947 0.1514 98 211 255
0.6050 -0.3974 0.1524 109 196 255
0.5260 -0.4350 0.1528 92 205 255
0.5322 -0.4391 0.1536 103 194 255
0.5136 -0.4472 0.1469 87 205 255
0.5151 -0.4518 0.1475 100 195 255
0.5002 -0.4529 0.1460 93 209 255
0.5016 -0.4601 0.1473 101 193 255
0.4830 -0.4625 0.1461 95 208 255
0.4989 -0.4341 0.1432 88 204 255
0.4984 -0.4450 0.1428 91 208 255
0.5119 -0.4421 0.1453 86 203 255
0.4838 -0.4348 0.1376 94 206 255
0.4836 -0.4485 0.1409 94 211 255
0.2973 -0.4959 0.1458 92 206 255
0.3050 -0.5055 0.1448 98 179 251
0.2985 -0.4720 0.1289 89 222 251
0.2899 -0.4846 0.1405 85 217 253
0.2756 -0.4874 0.1313 76 215 252
0.2768 -0.4769 0.1251 81 221 250
0.2460 -0.4852 0.1142 84 223 249
0.2340 -0.5049 0.1162 78 201 255
0.2554 -0.5104 0.1301 71 200 254
0.2489 -0.4838 0.1076 84 223 250
0.1491 -0.4807 0.0808 89 220 252
0.1367 -0.4930 0.0821 79 193 255
0.1628 -0.4744 0.0720 106 230 233
0.0827 -0.4751 0.0526 97 206 255
0.0776 -0.4852 0.0543 84 186 253
0.0968 -0.4609 0.0470 96 195 255
0.1671 -0.3412 0.0419 129 188 222
0.1579 -0.3541 0.0443 131 185 225
0.1627 -0.3421 0.0339 134 198 220
0.1628 -0.3290 0.0348 115 207 214
0.1874 -0.3333 0.0440 128 190 220
0.1806 -0.3408 0.0434 122 185 221
0.5069 -0.0026 0.1512 161 210 212
0.5013 -0.0036 0.1502 128 214 208
0.5118 0.0735 0.1519 143 216 206
0.4861 -0.1215 0.1526 154 206 216
0.4791 -0.1205 0.1485 123 211 210
0.4557 -0.2340 0.1574 150 198 223
0.4495 -0.2287 0.1530 122 209 212
0.4035 -0.3271 0.1455 137 194 222
0.3939 -0.3079 0.1312 121 211 215
0.3747 -0.3372 0.1227 130 198 218
0.3743 -0.3211 0.1229 114 219 216
0.3905 -0.3290 0.1304 134 197 219
0.3633 -0.3570 0.1259 131 186 224
0.3856 -0.3409 0.1371 133 186 225
0.2232 -0.4088 0.0602 121 183 224
0.2262 -0.4024 0.0527 121 192 219
0.2404 -0.3886 0.0609 114 221 220
0.2131 -0.4023 0.0472 117 199 217
0.2282 -0.3894 0.0560 110 225 221
0.1914 -0.4179 0.0470 117 187 221
0.2017 -0.4051 0.0451 111 208 216
0.2104 -0.3986 0.0477 101 221 219
0.1912 -0.4081 0.0412 113 206 216
0.1300 -0.4320 0.0316 113 185 221
0.1255 -0.4255 0.0258 111 201 217
0.2135 -0.2360 0.0130 144 201 218
0.2057 -0.2373 0.0112 113 197 214
0.1994 -0.1699 -0.0181 148 206 216
0.2091 -0.2999 0.0363 137 194 220
0.1912 -0.2997 0.0308 109 200 214
0.1531 -0.3302 0.0330 115 218 216
0.1557 -0.3465 0.0309 128 194 219
0.0871 -0.3745 0.0063 127 186 223
0.0695 -0.3760 -0.0011 100 204 215
0.0785 -0.3661 -0.0014 101 199 215
0.0699 -0.4118 0.0131 127 184 226
0.0498 -0.4126 0.0074 100 194 217
0.8795 -0.2189 0.1165 113 212 212
0.8749 -0.2187 0.1182 100 224 218
0.9750 -0.1260 0.1315 116 239 233
0.7292 -0.3223 0.1240 114 200 214
0.7255 -0.3189 0.1238 104 213 215
0.6129 -0.3934 0.1214 108 201 216
0.6102 -0.3894 0.1218 97 214 217
0.5406 -0.4322 0.1170 106 197 217
0.5330 -0.4284 0.1164 95 212 217
0.5260 -0.4462 0.1191 111 197 218
0.5235 -0.4412 0.1181 109 200 217
0.5141 -0.4501 0.1138 112 201 217
0.5123 -0.4436 0.1141 109 208 217
0.4973 -0.4543 0.1117 104 191 218
0.5153 -0.4561 0.1151 112 190 219
0.5174 -0.4356 0.1160 102 214 218
0.4985 -0.4465 0.1098 103 207 217
0.5039 -0.4371 0.1155 98 222 221
0.3050 -0.4899 0.1042 103 187 220
0.3083 -0.4833 0.1022 103 202 217
0.3111 -0.4741 0.1068 90 231 236
0.2881 -0.4900 0.1003 101 184 221
0.3015 -0.4964 0.1076 103 189 219
0.2893 -0.4768 0.1001 105 224 224
0.2584 -0.4835 0.0938 108 196 218
0.2585 -0.4788 0.0951 110 216 221
0.2586 -0.4866 0.0961 103 183 221
0.1559 -0.4725 0.0434 111 186 221
0.1571 -0.4643 0.0473 111 226 226
0.1558 -0.4726 0.0462 97 172 235
0.1012 -0.4694 0.0194 110 192 219
0.1032 -0.4595 0.0236 104 228 227
0.0997 -0.4715 0.0223 105 176 227
0.0433 -0.4786 0.0104 117 177 231
0.0461 -0.4752 0.0082 122 185 226
0.0438 -0.4531 0.0586 85 200 255
0.1038 -0.3490 0.0538 92 208 253
0.1028 -0.3346 0.0424 94 227 246
0.1050 -0.3663 0.0485 95 195 253
0.1169 -0.3372 0.0186 123 220 218
0.1222 -0.3504 0.0158 126 201 217
0.0937 -0.3597 -0.0018 124 197 217
0.1210 -0.3630 0.0257 124 181 225
0.2261 -0.4252 0.0902 94 191 254
0.1278 -0.4598 0.0633 95 184 253
0.5926 -0.3916 0.1490 98 211 254
0.7114 -0.3242 0.1519 108 208 254
0.6882 -0.3101 0.1549 113 203 254
0.1766 -0.4798 0.0755 112 216 221
0.5203 0.0728 0.1530 152 215 207
0.5231 0.0587 0.1571 167 212 212
0.5092 -0.0107 0.1638 172 208 222
0.3454 -0.3747 0.1356 126 182 227
0.0827 -0.4458 0.0178 110 201 217
0.1117 -0.4465 0.0395 113 180 225
0.8459 -0.2302 0.1408 95 230 225
0.2852 -0.4728 0.1099 105 229 230
0.4912 -0.0093 0.1698 100 220 237
0.4315 -0.2196 0.1671 83 219 238
0.1416 -0.4130 0.0538 93 222 251
0.1939 -0.1492 -0.0143 144 228 243
0.1901 -0.3316 0.0608 125 203 252
0.1765 -0.3425 0.0632 120 197 253
0.2625 -0.3805 0.0828 86 230 238
0.2130 -0.2970 0.0420 146 196 225
0.1970 -0.3318 0.0519 133 188 223
0.0673 -0.4059 0.0398 105 218 253
0.1517 -0.3568 0.0418 126 183 224
0.1579 -0.3589 0.0508 130 185 225
0.1867 -0.1430 -0.0191 106 230 242
0.1903 -0.1893 -0.0046 81 206 231
0.1714 -0.2971 0.0430 87 223 244
0.1476 -0.3195 0.0493 89 227 243
0.0127 -0.4419 0.0301 64 203 245
0.0178 -0.4242 0.0260 91 217 253
0.0493 -0.3696 0.0212 73 221 234
0.0263 -0.4090 0.0250 67 216 234
0.7377 -0.3432 0.1424 129 180 237
0.6106 -0.4057 0.1425 121 180 244
0.5378 -0.4489 0.1435 116 181 248
0.5187 -0.4619 0.1415 112 180 249
0.4818 -0.4737 0.1466 109 180 250
0.4815 -0.4727 0.1357 108 173 240
0.2576 -0.5325 0.1189 82 171 239
0.2329 -0.5265 0.1076 84 171 240
0.1399 -0.5012 0.0680 90 171 235
0.1538 -0.3180 0.0412 102 218 216
0.0588 -0.3712 0.0078 81 215 221
0.0353 -0.4292 0.0123 133 212 226
0.0305 -0.4233 0.0168 114 229 228
0.8889 -0.2233 0.1205 135 191 218
0.9955 -0.1339 0.1283 162 199 229
0.9836 -0.1485 0.1284 154 191 228
0.7351 -0.3302 0.1278 121 191 218
0.7362 -0.3328 0.1309 125 186 221
0.6169 -0.4013 0.1259 119 184 223
0.5503 -0.4417 0.1251 118 182 224
0.6172 -0.4035 0.1301 123 178 232
0.5298 -0.4573 0.1245 117 186 222
0.5512 -0.4444 0.1317 122 177 235
0.5175 -0.4622 0.1207 112 181 224
0.5299 -0.4615 0.1288 119 177 234
0.3106 -0.5030 0.1115 103 189 220
0.4928 -0.4693 0.1193 106 184 221
0.3191 -0.5074 0.1162 100 174 230
0.2588 -0.4898 0.0986 106 191 219
0.2856 -0.4957 0.1044 102 189 219
0.2758 -0.5143 0.1048 102 188 220
0.1554 -0.4730 0.0493 106 179 224
0.2460 -0.5083 0.0941 107 189 220
0.0978 -0.4739 0.0259 108 182 223
0.0950 -0.4848 0.0291 104 181 223
0.0395 -0.4811 0.0130 107 173 237
0.1372 -0.3246 0.0387 112 227 220
0.5183 -0.4656 0.1283 112 174 235
0.0808 -0.4916 0.0438 88 172 238
0.1903 -0.1398 -0.0250 129 237 239
0.1875 -0.1397 -0.0260 111 236 238
0.1839 -0.1443 -0.0207 88 218 237
0.0588 -0.3712 0.0078 81 215 221
0.0385 -0.4119 0.0138 80 209 220
0.0305 -0.4233 0.0168 114 229 228
0.0159 -0.4676 0.0296 72 186 247
0.0343 -0.4813 0.0170 93 173 244
0.1551 -0.4866 0.0518 107 187 221
0.3332 -0.5073 0.1351 100 172 243
0.4893 -0.4745 0.1235 107 174 231
0.5064 -0.4684 0.1390 107 176 246
0.8966 -0.2279 0.1397 142 187 240
0.8922 -0.2262 0.1270 139 186 223
0.2697 -0.5348 0.1272 82 172 241
0.2860 -0.5353 0.1317 96 171 243
0.2855 -0.5223 0.1099 98 183 222
0.2836 -0.5173 0.1461 90 191 255
0.2702 -0.5143 0.1430 75 197 255
0.2936 -0.5187 0.1436 127 190 247
0.2973 -0.5304 0.1332 128 189 244
0.2843 -0.5211 0.1279 117 225 238
0.2842 -0.5051 0.1344 110 179 226
0.3031 -0.5240 0.1198 128 187 244
0.2931 -0.5123 0.1165 98 195 255
0.2902 -0.5197 0.1183 104 218 253
0.2861 -0.5031 0.1252 102 173 244
0.2844 -0.5115 0.1180 101 192 255
1.0000 -0.1193 0.1284 155 231 229
-0.1489 -0.3259 0.0605 124 221 249
-0.1581 -0.3431 0.0670 113 208 254
-0.1450 -0.3415 0.0650 115 214 253
-0.1703 -0.3361 0.0688 111 205 254
-0.4954 -0.0019 0.1833 159 220 243
-0.5093 0.0732 0.1664 163 235 237
-0.5032 0.0010 0.1847 120 215 246
-0.4689 -0.1224 0.1882 151 216 245
-0.4813 -0.1252 0.1939 130 212 250
-0.4341 -0.2249 0.1849 144 216 246
-0.4491 -0.2301 0.1921 119 206 252
-0.3855 -0.3113 0.1718 136 215 248
-0.3994 -0.3159 0.1828 113 199 253
-0.3690 -0.3190 0.1633 130 223 247
-0.3756 -0.3241 0.1684 126 215 251
-0.3563 -0.3328 0.1663 127 212 251
-0.3837 -0.3315 0.1753 117 198 253
-0.2134 -0.4015 0.1008 126 206 252
-0.3513 -0.3505 0.1596 115 193 253
-0.2291 -0.3857 0.0974 127 222 247
-0.2154 -0.3919 0.0911 128 222 246
-0.1996 -0.4117 0.0884 124 207 252
-0.2051 -0.4177 0.0892 113 194 254
-0.1840 -0.4139 0.0787 123 213 252
-0.1971 -0.4001 0.0799 126 217 249
-0.1861 -0.4298 0.0824 113 200 255
-0.1605 -0.4248 0.0696 115 218 252
-0.1164 -0.4320 0.0664 106 217 253
-0.1295 -0.4451 0.0728 105 199 255
-0.0704 -0.4217 0.0592 107 218 253
-0.0753 -0.4489 0.0644 103 197 255
-0.1901 -0.1688 0.0040 154 217 242
-0.1876 -0.1417 -0.0155 142 230 242
-0.1905 -0.1417 -0.0145 118 233 243
-0.1999 -0.2350 0.0354 142 218 246
-0.1939 -0.1681 0.0049 120 225 248
-0.1817 -0.2963 0.0543 129 220 249
-0.1997 -0.2962 0.0601 103 213 252
-0.1772 -0.3282 0.0692 108 209 254
-0.1359 -0.3423 0.0635 120 213 253
-0.1331 -0.3320 0.0576 123 226 247
-0.1379 -0.3595 0.0655 120 198 253
-0.1469 -0.3557 0.0689 107 200 254
-0.0434 -0.4273 0.0490 119 215 252
-0.0465 -0.4535 0.0586 113 199 255
-0.0227 -0.4607 0.0453 125 192 250
-0.0448 -0.4181 0.0430 121 218 250
-0.0322 -0.4193 0.0336 126 216 249
-0.0587 -0.3698 0.0312 129 217 248
-0.0689 -0.3533 0.0281 137 219 244
-0.0751 -0.3692 0.0411 120 208 253
-0.0346 -0.4070 0.0320 129 214 249
-0.0536 -0.4076 0.0409 115 216 253
-0.8680 -0.2064 0.1550 124 216 251
-0.9912 -0.1165 0.1379 136 239 234
-0.8775 -0.2133 0.1578 114 206 252
-0.7184 -0.3249 0.1587 115 211 253
-0.7240 -0.3286 0.1600 105 199 254
-0.6007 -0.3922 0.1549 110 211 255
-0.6068 -0.3949 0.1560 98 196 254
-0.5280 -0.4330 0.1555 110 205 255
-0.5342 -0.4371 0.1564 98 193 255
-0.5157 -0.4452 0.1495 112 205 255
-0.5172 -0.4498 0.1501 99 195 255
-0.5023 -0.4510 0.1485 106 209 255
-0.5038 -0.4582 0.1497 97 193 255
-0.4853 -0.4607 0.1484 102 208 255
-0.5009 -0.4322 0.1458 114 204 255
-0.5216 -0.4292 0.1531 113 207 255
-0.5141 -0.4402 0.1479 115 203 255
-0.4859 -0.4330 0.1402 107 206 255
-0.5006 -0.4431 0.1453 109 208 255
-0.2998 -0.4954 0.1467 99 206 255
-0.3076 -0.5049 0.1457 92 179 251
-0.3009 -0.4713 0.1301 107 221 251
-0.4858 -0.4467 0.1433 105 211 255
-0.2781 -0.4868 0.1323 117 215 252
-0.2793 -0.4763 0.1261 114 221 250
-0.2923 -0.4840 0.1416 109 217 253
-0.2486 -0.4847 0.1150 110 223 249
-0.2584 -0.5089 0.1313 118 200 254
-0.2516 -0.4832 0.1084 110 223 250
-0.1518 -0.4806 0.0811 105 220 252
-0.2368 -0.5045 0.1168 112 200 255
-0.1656 -0.4741 0.0724 89 230 233
-0.0856 -0.4752 0.0526 98 206 255
-0.1395 -0.4930 0.0822 114 193 254
-0.1691 -0.3406 0.0436 88 189 221
-0.1647 -0.3284 0.0365 103 207 214
-0.1647 -0.3414 0.0355 82 199 220
-0.1825 -0.3402 0.0452 93 186 221
-0.4860 -0.1198 0.1581 98 205 216
-0.5060 -0.0008 0.1578 118 212 210
-0.5004 -0.0018 0.1569 143 215 208
-0.4563 -0.2325 0.1616 84 199 223
-0.4501 -0.2272 0.1573 112 210 212
-0.4048 -0.3259 0.1486 80 192 224
-0.3950 -0.3062 0.1346 101 212 215
-0.3761 -0.3358 0.1255 87 199 218
-0.3918 -0.3275 0.1335 85 198 219
-0.3754 -0.3191 0.1263 105 220 216
-0.3647 -0.3557 0.1283 83 186 224
-0.3870 -0.3397 0.1399 82 187 225
-0.2258 -0.4070 0.0618 84 184 224
-0.2285 -0.4005 0.0542 85 192 219
-0.2416 -0.3852 0.0631 97 222 220
-0.2155 -0.4011 0.0486 89 199 217
-0.2299 -0.3876 0.0575 100 225 221
-0.1944 -0.4175 0.0483 87 187 221
-0.2041 -0.4045 0.0464 95 208 216
-0.2125 -0.3977 0.0490 107 220 219
-0.1938 -0.4076 0.0424 92 206 216
-0.1327 -0.4315 0.0322 88 185 221
-0.1281 -0.4251 0.0265 92 202 217
-0.0855 -0.4457 0.0180 90 201 217
-0.2006 -0.1685 -0.0147 95 207 216
-0.1913 -0.1385 -0.0213 108 208 212
-0.1967 -0.1692 -0.0156 118 201 212
-0.2150 -0.2348 0.0160 89 201 218
-0.2071 -0.2362 0.0141 120 197 214
-0.2108 -0.2989 0.0386 86 194 220
-0.1893 -0.3327 0.0458 90 191 219
-0.1930 -0.2989 0.0330 113 200 214
-0.1550 -0.3296 0.0347 103 218 216
-0.1578 -0.3459 0.0325 88 195 219
-0.1538 -0.3563 0.0432 89 185 223
-0.1600 -0.3536 0.0459 84 188 223
-0.0960 -0.3593 -0.0008 89 198 217
-0.0906 -0.3407 0.0009 90 219 219
-0.0821 -0.3427 -0.0051 100 211 215
-0.0892 -0.3742 0.0069 84 187 223
-0.0807 -0.3657 -0.0007 112 199 215
-0.0725 -0.4116 0.0137 78 185 226
-0.0720 -0.3757 -0.0002 111 204 215
-0.8803 -0.2142 0.1231 123 213 212
-0.9912 -0.1165 0.1379 136 239 234
-0.9750 -0.1208 0.1395 136 239 233
-0.7306 -0.3187 0.1289 106 201 214
-0.8757 -0.2140 0.1248 137 224 217
-0.6148 -0.3906 0.1251 100 201 215
-0.7269 -0.3153 0.1288 116 214 215
-0.5428 -0.4298 0.1198 96 198 217
-0.6121 -0.3866 0.1254 111 215 217
-0.5283 -0.4439 0.1218 89 198 217
-0.5352 -0.4260 0.1193 107 212 217
-0.5164 -0.4478 0.1164 87 201 217
-0.5258 -0.4389 0.1208 92 200 217
-0.4997 -0.4520 0.1142 94 191 218
-0.4984 -0.4598 0.1188 93 188 219
-0.5177 -0.4538 0.1177 86 191 219
-0.5146 -0.4413 0.1167 91 208 217
-0.5196 -0.4333 0.1187 100 214 218
-0.5008 -0.4443 0.1123 96 207 217
-0.5062 -0.4349 0.1181 103 222 221
-0.3077 -0.4889 0.1053 89 187 220
-0.3110 -0.4823 0.1033 90 202 217
-0.3136 -0.4731 0.1081 101 229 229
-0.2908 -0.4891 0.1013 92 185 221
-0.2883 -0.4949 0.1053 89 190 219
-0.3042 -0.4954 0.1087 88 189 219
-0.2919 -0.4759 0.1012 92 224 224
-0.2932 -0.4835 0.0981 89 199 218
-0.2611 -0.4828 0.0947 86 196 218
-0.2613 -0.4859 0.0969 90 184 221
-0.1588 -0.4719 0.0438 84 186 221
-0.1599 -0.4639 0.0478 86 226 226
-0.1586 -0.4721 0.0466 98 172 235
-0.1042 -0.4691 0.0196 85 192 219
-0.1061 -0.4592 0.0238 94 228 228
-0.1028 -0.4711 0.0225 91 175 228
-0.0491 -0.4751 0.0082 72 186 226
-0.0520 -0.4654 0.0066 83 204 218
-0.0463 -0.4785 0.0103 78 177 232
-0.0787 -0.3515 0.0392 130 215 250
-0.0775 -0.3415 0.0285 132 224 244
-0.1047 -0.3344 0.0438 124 227 246
-0.1058 -0.3489 0.0551 124 208 253
-0.1071 -0.3662 0.0497 118 195 253
-0.1190 -0.3368 0.0200 94 220 218
-0.1244 -0.3498 0.0171 89 201 217
-0.1232 -0.3628 0.0268 89 182 225
-0.0807 -0.4845 0.0547 109 187 253
-0.5104 0.0754 0.1592 160 241 229
-0.5143 0.0731 0.1674 131 234 241
-0.3099 -0.4628 0.1273 106 216 254
-0.1798 -0.4794 0.0761 82 217 222
-0.1605 -0.4467 0.0552 87 185 222
-0.1144 -0.4462 0.0400 86 180 225
-0.8466 -0.2259 0.1472 140 230 225
-0.4962 -0.4186 0.1413 113 209 255
-0.5765 -0.3781 0.1482 111 210 254
-0.5954 -0.3783 0.1402 118 223 221
-0.4320 -0.2184 0.1714 153 219 238
-0.3706 -0.3111 0.1526 135 225 243
-0.1949 -0.1479 -0.0107 104 228 243
-0.2114 -0.3905 0.0593 110 228 224
-0.2270 -0.3855 0.0674 112 232 230
-0.1494 -0.3191 0.0511 131 226 243
-0.0189 -0.4677 0.0294 124 186 247
-0.0156 -0.4420 0.0301 136 203 245
-0.0186 -0.4358 0.0397 131 211 248
-0.0206 -0.4243 0.0260 112 216 253
-0.0516 -0.3696 0.0220 139 221 234
-0.0664 -0.3532 0.0214 139 223 236
-0.0289 -0.4092 0.0253 139 216 234
-0.8973 -0.2233 0.1464 93 187 240
-0.7392 -0.3397 0.1471 87 180 237
-0.6125 -0.4031 0.1460 85 180 244
-0.5400 -0.4468 0.1462 83 181 248
-0.5209 -0.4599 0.1440 85 180 249
-0.4841 -0.4719 0.1488 86 180 250
-0.4839 -0.4708 0.1379 88 173 240
-0.2606 -0.5318 0.1195 104 171 238
-0.2359 -0.5258 0.1080 102 171 240
-0.1428 -0.5010 0.0681 101 171 235
-0.1969 -0.2327 0.0194 137 199 216
-0.0612 -0.3710 0.0086 131 216 221
-0.0524 -0.4125 0.0078 105 194 217
-0.0411 -0.4119 0.0141 125 209 220
-0.0333 -0.4233 0.0169 89 229 228
-0.8896 -0.2186 0.1272 101 192 217
-0.8929 -0.2215 0.1337 96 187 223
-0.9838 -0.1432 0.1363 93 191 228
-0.7365 -0.3265 0.1327 97 191 218
-0.7376 -0.3292 0.1357 93 186 221
-0.6188 -0.3985 0.1295 87 184 223
-0.6192 -0.4006 0.1337 84 178 232
-0.5525 -0.4393 0.1280 82 183 224
-0.5534 -0.4421 0.1345 78 178 235
-0.5321 -0.4550 0.1271 81 187 222
-0.5322 -0.4593 0.1314 78 177 234
-0.5199 -0.4599 0.1232 85 181 224
-0.5207 -0.4634 0.1308 85 174 234
-0.3134 -0.5019 0.1125 87 189 220
-0.3219 -0.5063 0.1172 89 174 229
-0.4953 -0.4671 0.1217 89 185 221
-0.2615 -0.4891 0.0994 86 191 219
-0.2489 -0.5076 0.0946 83 189 220
-0.2787 -0.5134 0.1056 87 189 220
-0.1583 -0.4725 0.0497 89 179 224
-0.1580 -0.4861 0.0521 86 187 221
-0.1011 -0.4731 0.0263 87 181 223
-0.0981 -0.4845 0.0291 89 181 223
-0.0424 -0.4810 0.0128 86 173 237
-0.0372 -0.4812 0.0169 101 173 244
-0.1333 -0.3286 0.0470 122 232 241
-0.1119 -0.3257 0.0260 95 224 220
-0.5087 -0.4664 0.1414 89 176 246
-0.4917 -0.4724 0.1257 88 174 231
-0.0842 -0.4909 0.0440 104 172 238
-0.1849 -0.1430 -0.0171 160 218 237
-0.1885 -0.1384 -0.0223 138 236 238
-0.0612 -0.3710 0.0086 131 216 221
-0.0411 -0.4119 0.0141 125 209 220
-0.0333 -0.4233 0.0169 89 229 228
-0.3358 -0.5064 0.1362 89 172 243
-0.5190 -0.4267 0.1262 110 225 223
-0.2726 -0.5342 0.1277 103 172 241
-0.2729 -0.5137 0.1438 114 197 255
-0.2888 -0.5347 0.1322 89 171 242
-0.2996 -0.5234 0.1155 80 181 224
-0.2884 -0.5212 0.1107 89 183 222
-0.2862 -0.5169 0.1468 98 191 255
-0.2962 -0.5182 0.1443 61 190 247
-0.2831 -0.5133 0.1355 68 209 224
-0.2871 -0.5205 0.1286 71 225 238
-0.2868 -0.5046 0.1352 79 179 226
-0.3059 -0.5232 0.1206 59 187 244
-0.2930 -0.5190 0.1190 84 218 254
-0.2959 -0.5115 0.1173 91 195 255
-0.3000 -0.5297 0.1339 58 189 244
-0.2888 -0.5025 0.1261 88 173 243
-0.2794 -0.5058 0.1301 74 182 226
-1.0000 -0.1139 0.1367 97 231 229
-0.9956 -0.1285 0.1364 88 200 229
0.0090 -0.4554 0.0219 79 196 254
0.0103 -0.4797 0.0119 89 182 252
0.0387 -0.4185 0.0027 134 204 248
0.0363 -0.4073 0.0070 135 199 247
0.0328 -0.4194 0.0101 136 206 247
0.0328 -0.4194 0.0101 136 206 247
0.0422 -0.4453 0.0091 128 210 223
0.0394 -0.4369 0.0061 133 212 246
0.2814 -0.5050 0.1252 107 173 242
0.2829 -0.5158 0.1190 108 218 252
0.2804 -0.5138 0.1348 121 208 224
0.2768 -0.5063 0.1294 115 182 226
0.2781 -0.5167 0.1245 116 226 238
-0.0154 -0.4119 0.0268 85 201 254
-0.0415 -0.4185 0.0027 70 204 248
-0.0357 -0.4194 0.0101 68 206 247
-0.0392 -0.4073 0.0070 71 199 247
-0.0119 -0.4553 0.0220 119 196 254
-0.0382 -0.4292 0.0123 69 213 226
-0.0423 -0.4369 0.0061 68 212 246
-0.0451 -0.4453 0.0091 72 210 223
-0.0448 -0.4594 0.0045 59 205 235
-0.0402 -0.4873 -0.0077 79 182 250
-0.0398 -0.4965 -0.0124 80 184 252
-0.0333 -0.4991 -0.0105 72 190 252
-0.0325 -0.4903 -0.0047 78 181 248
-0.2841 -0.5043 0.1260 83 173 242
-0.2872 -0.5108 0.1187 88 192 255
-0.2808 -0.5161 0.1252 73 226 238
-0.2857 -0.5151 0.1197 81 218 253
-0.2772 -0.5115 0.1302 67 210 225
0.0067 -0.5978 0.1279 82 228 242
0.0067 -0.5977 0.1269 82 228 242
0.0053 -0.5983 0.1268 56 217 240
0.0053 -0.5984 0.1278 57 217 241
0.0066 -0.5979 0.1289 82 228 243
0.0080 -0.5982 0.1288 111 222 243
0.0080 -0.5980 0.1278 110 223 242
0.0068 -0.6041 0.1273 94 169 238
0.0068 -0.6039 0.1262 95 169 237
0.0081 -0.6035 0.1273 117 179 238
0.0081 -0.6036 0.1283 116 178 238
0.0068 -0.6042 0.1283 94 169 238
0.0055 -0.6040 0.1273 69 172 238
0.0056 -0.6039 0.1263 69 172 238
0.0070 -0.5880 0.1284 85 228 235
0.0070 -0.5882 0.1279 85 227 233
0.0053 -0.5888 0.1283 60 220 237
0.0053 -0.5888 0.1289 59 219 241
0.0070 -0.5880 0.1291 84 229 240
0.0087 -0.5884 0.1285 114 221 236
0.0068 -0.5967 0.1280 91 169 239
0.0068 -0.5967 0.1270 92 169 240
0.0081 -0.5961 0.1280 117 178 239
0.0081 -0.5961 0.1290 117 178 239
0.0068 -0.5967 0.1291 91 169 239
0.0054 -0.5963 0.1281 64 175 239
0.0055 -0.5963 0.1271 65 174 239
0.0059 -0.6180 0.1264 98 171 234
0.0059 -0.6176 0.1253 99 172 233
0.0070 -0.6173 0.1264 116 179 236
0.0070 -0.6175 0.1275 116 178 238
0.0058 -0.6182 0.1274 98 170 238
0.0048 -0.6180 0.1263 66 173 235
0.0048 -0.6177 0.1253 64 175 234
0.0052 -0.6255 0.1254 93 168 241
0.0051 -0.6256 0.1244 89 168 243
0.0062 -0.6242 0.1245 120 184 237
0.0064 -0.6244 0.1256 119 182 238
0.0053 -0.6253 0.1264 94 169 242
0.0042 -0.6251 0.1255 54 180 240
0.0042 -0.6249 0.1244 51 183 240
0.0041 -0.6230 0.1259 46 201 242
0.0042 -0.6219 0.1246 46 202 242
0.0041 -0.6237 0.1270 46 199 243
0.0047 -0.6220 0.1275 53 212 247
0.0047 -0.6206 0.1263 54 209 249
0.0060 -0.6195 0.1264 81 215 255
0.0060 -0.6172 0.1250 84 214 255
0.0048 -0.6185 0.1249 59 210 252
0.0047 -0.6206 0.1263 54 209 249
0.0060 -0.6212 0.1277 77 222 251
0.0070 -0.6199 0.1263 119 209 249
0.0070 -0.6179 0.1250 110 211 253
0.0071 -0.6221 0.1260 125 195 237
0.0070 -0.6209 0.1247 126 197 238
0.0070 -0.6214 0.1276 119 212 246
0.0071 -0.6228 0.1271 125 192 239
0.0031 -0.6344 0.1259 104 215 253
0.0032 -0.6320 0.1239 97 216 255
0.0024 -0.6321 0.1239 67 215 254
0.0023 -0.6343 0.1257 62 215 252
0.0022 -0.6359 0.1273 66 219 251
0.0029 -0.6362 0.1275 107 216 251
0.0035 -0.6354 0.1256 124 200 243
0.0036 -0.6333 0.1238 123 203 245
0.0032 -0.6369 0.1251 122 189 237
0.0032 -0.6357 0.1236 123 191 237
0.0034 -0.6370 0.1272 124 199 244
0.0031 -0.6378 0.1264 120 184 237
0.0025 -0.6384 0.1256 94 169 236
0.0025 -0.6381 0.1245 102 171 236
0.0024 -0.6377 0.1234 110 175 236
0.0018 -0.6380 0.1244 61 173 239
0.0017 -0.6379 0.1234 65 171 239
0.0018 -0.6380 0.1253 57 176 239
0.0014 -0.6370 0.1246 45 194 241
0.0017 -0.6354 0.1252 47 205 244
0.0017 -0.6342 0.1237 47 205 245
0.0014 -0.6366 0.1235 45 196 241
0.0015 -0.6373 0.1257 45 193 241
0.0017 -0.6364 0.1265 47 207 243
0.0022 -0.6359 0.1273 66 219 251
0.0023 -0.6343 0.1257 62 215 252
0.0045 -0.6275 0.1259 82 222 252
0.0044 -0.6264 0.1244 82 221 253
0.0033 -0.6273 0.1243 55 213 248
0.0034 -0.6283 0.1258 53 212 247
0.0045 -0.6285 0.1273 81 224 249
0.0054 -0.6279 0.1257 119 212 245
0.0052 -0.6269 0.1244 115 214 247
0.0054 -0.6298 0.1254 125 194 238
0.0052 -0.6293 0.1242 125 195 237
0.0054 -0.6287 0.1270 119 212 245
0.0054 -0.6302 0.1265 124 192 239
0.0048 -0.6316 0.1260 113 176 240
0.0048 -0.6317 0.1250 115 178 239
0.0046 -0.6317 0.1239 115 178 239
0.0038 -0.6321 0.1249 79 168 243
0.0037 -0.6323 0.1239 78 169 244
0.0039 -0.6319 0.1258 79 168 242
0.0031 -0.6314 0.1250 50 184 242
0.0030 -0.6314 0.1239 49 185 242
0.0029 -0.6298 0.1254 45 200 242
0.0029 -0.6294 0.1241 46 201 242
0.0032 -0.6314 0.1260 51 182 241
0.0030 -0.6302 0.1266 45 200 242
0.0035 -0.6291 0.1271 54 214 246
0.0034 -0.6283 0.1258 53 212 247
0.0031 -0.6304 0.1276 47 196 245
0.0032 -0.6314 0.1269 54 180 245
0.0035 -0.6312 0.1276 63 178 251
0.0034 -0.6305 0.1283 60 187 254
0.0035 -0.6295 0.1283 55 212 249
0.0039 -0.6319 0.1266 79 169 244
0.0048 -0.6316 0.1268 109 174 244
0.0040 -0.6315 0.1275 82 173 251
0.0054 -0.6304 0.1275 122 188 244
0.0054 -0.6291 0.1282 116 210 250
0.0050 -0.6305 0.1282 110 183 252
0.0046 -0.6313 0.1275 104 176 251
0.0045 -0.6289 0.1285 83 222 252
0.0035 -0.6291 0.1271 54 214 246
0.0035 -0.6295 0.1283 55 212 249
0.0038 -0.6298 0.1287 62 201 255
0.0044 -0.6295 0.1291 86 205 255
0.0050 -0.6296 0.1286 111 196 255
0.0016 -0.6368 0.1274 46 204 244
0.0015 -0.6374 0.1266 46 191 242
0.0017 -0.6375 0.1272 49 186 245
0.0018 -0.6370 0.1280 48 194 248
0.0021 -0.6365 0.1283 68 218 252
0.0019 -0.6381 0.1262 55 177 241
0.0025 -0.6385 0.1265 85 168 240
0.0020 -0.6380 0.1271 56 178 245
0.0030 -0.6382 0.1274 109 174 243
0.0032 -0.6376 0.1283 118 191 251
0.0027 -0.6381 0.1280 84 172 250
0.0024 -0.6383 0.1272 71 171 246
0.0027 -0.6369 0.1286 106 213 254
0.0021 -0.6365 0.1283 68 218 252
0.0021 -0.6368 0.1285 61 204 255
0.0025 -0.6371 0.1289 82 197 255
0.0028 -0.6376 0.1285 94 182 255
0.0070 -0.6229 0.1280 122 189 246
0.0070 -0.6216 0.1286 115 212 250
0.0067 -0.6228 0.1286 109 186 254
0.0062 -0.6239 0.1280 106 181 253
0.0064 -0.6244 0.1274 114 179 246
0.0061 -0.6215 0.1288 78 225 248
0.0049 -0.6223 0.1286 55 211 249
0.0052 -0.6224 0.1289 66 203 255
0.0060 -0.6217 0.1293 83 212 255
0.0067 -0.6219 0.1289 107 202 255
0.0043 -0.6238 0.1280 50 195 249
0.0044 -0.6250 0.1274 63 177 249
0.0048 -0.6244 0.1280 75 181 255
0.0048 -0.6235 0.1286 67 190 255
0.0049 -0.6223 0.1286 55 211 249
0.0053 -0.6251 0.1272 95 171 247
0.0064 -0.6245 0.1266 117 179 240
0.0054 -0.6245 0.1280 93 177 254
0.0043 -0.6251 0.1265 57 177 242
0.0058 -0.6182 0.1287 97 170 246
0.0070 -0.6175 0.1286 116 180 246
0.0067 -0.6173 0.1291 107 189 255
0.0058 -0.6178 0.1294 90 185 255
0.0050 -0.6178 0.1291 68 185 255
0.0047 -0.6183 0.1285 65 175 247
0.0068 -0.5968 0.1301 92 170 245
0.0081 -0.5961 0.1300 115 179 246
0.0078 -0.5958 0.1305 107 189 255
0.0068 -0.5963 0.1308 92 183 255
0.0058 -0.5961 0.1307 74 186 255
0.0054 -0.5964 0.1302 65 176 246
0.0054 -0.5963 0.1291 64 175 239
0.0069 -0.5882 0.1299 82 225 249
0.0053 -0.5890 0.1297 60 216 248
0.0067 -0.5890 0.1306 83 211 255
0.0079 -0.5891 0.1305 98 207 255
0.0084 -0.5885 0.1301 107 217 252
0.0068 -0.6042 0.1293 94 169 243
0.0081 -0.6037 0.1293 115 178 245
0.0077 -0.6035 0.1298 105 187 255
0.0068 -0.6040 0.1300 91 182 255
0.0058 -0.6039 0.1297 75 182 255
0.0055 -0.6041 0.1293 69 173 245
0.0066 -0.5982 0.1299 83 224 249
0.0053 -0.5986 0.1289 57 218 241
0.0053 -0.5988 0.1298 60 215 249
0.0056 -0.5992 0.1302 71 203 255
0.0066 -0.5988 0.1306 85 208 255
0.0077 -0.5988 0.1302 102 206 255
0.0080 -0.5984 0.1298 110 218 249
0.0042 -0.6305 0.1285 87 181 255
0.0044 -0.6295 0.1291 86 205 255
0.0038 -0.6298 0.1287 62 201 255
0.0022 -0.6376 0.1282 60 180 251
0.0025 -0.6371 0.1289 82 197 255
0.0021 -0.6368 0.1285 61 204 255
0.0018 -0.6370 0.1280 48 194 248
0.0058 -0.6230 0.1288 91 185 255
0.0060 -0.6217 0.1293 83 212 255
0.0052 -0.6224 0.1289 66 203 255
0.0085 -0.5989 0.1277 126 206 240
0.0086 -0.5991 0.1287 126 206 240
0.0085 -0.6003 0.1276 127 199 238
0.0085 -0.5999 0.1266 127 199 238
0.0085 -0.5986 0.1267 126 207 240
0.0085 -0.6020 0.1275 127 194 238
0.0086 -0.6006 0.1285 127 199 239
0.0086 -0.6022 0.1284 127 193 238
0.0080 -0.6033 0.1263 118 180 237
0.0085 -0.6017 0.1264 127 195 238
0.0050 -0.6033 0.1273 51 186 238
0.0055 -0.6040 0.1283 70 172 238
0.0049 -0.6034 0.1283 51 186 238
0.0049 -0.6021 0.1275 48 197 238
0.0050 -0.6020 0.1264 48 197 238
0.0051 -0.6033 0.1263 50 187 238
0.0048 -0.6002 0.1277 48 203 239
0.0048 -0.6022 0.1284 47 197 238
0.0048 -0.6003 0.1286 48 203 239
0.0053 -0.5986 0.1289 57 218 241
0.0053 -0.5984 0.1278 57 217 241
0.0049 -0.6001 0.1266 48 202 238
0.0049 -0.6035 0.1291 52 187 245
0.0054 -0.6034 0.1297 67 193 255
0.0048 -0.6023 0.1291 50 196 246
0.0048 -0.6004 0.1295 50 200 246
0.0052 -0.6021 0.1296 69 196 255
0.0052 -0.6004 0.1300 68 195 255
0.0053 -0.5988 0.1298 60 215 249
0.0086 -0.5993 0.1295 124 204 247
0.0081 -0.5996 0.1301 108 197 255
0.0086 -0.6007 0.1293 125 197 246
0.0086 -0.6024 0.1292 125 193 246
0.0081 -0.6010 0.1297 106 195 255
0.0081 -0.6025 0.1298 107 196 255
0.0067 -0.6000 0.1303 89 192 255
0.0066 -0.5988 0.1306 85 208 255
0.0056 -0.5992 0.1302 71 203 255
0.0052 -0.6004 0.1300 68 195 255
0.0067 -0.6016 0.1298 87 195 255
0.0067 -0.6030 0.1299 86 200 255
0.0052 -0.6021 0.1296 69 196 255
0.0054 -0.6034 0.1297 67 193 255
0.0093 -0.5899 0.1283 128 204 238
0.0093 -0.5899 0.1292 127 203 242
0.0092 -0.5921 0.1291 128 196 240
0.0092 -0.5920 0.1282 128 196 238
0.0092 -0.5900 0.1275 128 203 237
0.0087 -0.5886 0.1277 115 219 234
0.0088 -0.5943 0.1280 127 191 239
0.0089 -0.5943 0.1290 127 191 239
0.0088 -0.5942 0.1270 127 191 239
0.0091 -0.5920 0.1272 128 196 238
0.0047 -0.5952 0.1283 50 188 238
0.0047 -0.5952 0.1292 50 188 239
0.0044 -0.5934 0.1291 48 197 240
0.0044 -0.5933 0.1283 48 197 238
0.0045 -0.5932 0.1276 48 197 238
0.0047 -0.5951 0.1274 50 188 238
0.0045 -0.5909 0.1283 49 204 238
0.0045 -0.5909 0.1290 49 204 240
0.0053 -0.5888 0.1289 59 219 241
0.0053 -0.5888 0.1283 60 220 237
0.0053 -0.5889 0.1279 59 218 236
0.0046 -0.5909 0.1278 49 204 238
0.0047 -0.5952 0.1301 52 190 246
0.0053 -0.5952 0.1307 70 195 255
0.0051 -0.5933 0.1305 71 200 255
0.0045 -0.5934 0.1299 52 198 248
0.0046 -0.5910 0.1298 52 204 247
0.0052 -0.5910 0.1304 69 202 255
0.0056 -0.5896 0.1303 69 207 255
0.0053 -0.5890 0.1297 60 216 248
0.0091 -0.5900 0.1300 121 202 250
0.0084 -0.5902 0.1305 103 200 255
0.0091 -0.5921 0.1298 124 197 248
0.0087 -0.5883 0.1292 114 221 242
0.0089 -0.5944 0.1299 125 192 246
0.0085 -0.5923 0.1303 106 198 255
0.0083 -0.5945 0.1305 110 196 255
0.0067 -0.5907 0.1307 87 199 255
0.0067 -0.5890 0.1306 83 211 255
0.0056 -0.5896 0.1303 69 207 255
0.0052 -0.5910 0.1304 69 202 255
0.0068 -0.5928 0.1306 90 200 255
0.0068 -0.5949 0.1308 91 200 255
0.0051 -0.5933 0.1305 71 200 255
0.0053 -0.5952 0.1307 70 195 255
0.0066 -0.6062 0.1293 76 226 246
0.0066 -0.6061 0.1281 74 227 240
0.0054 -0.6070 0.1291 57 216 246
0.0056 -0.6071 0.1295 68 203 255
0.0066 -0.6066 0.1299 82 208 255
0.0074 -0.6065 0.1295 104 206 255
0.0077 -0.6061 0.1292 108 220 249
0.0066 -0.6061 0.1271 74 227 241
0.0066 -0.6060 0.1260 73 227 240
0.0055 -0.6068 0.1260 56 217 240
0.0054 -0.6069 0.1270 57 218 240
0.0054 -0.6069 0.1280 57 219 240
0.0077 -0.6060 0.1281 107 224 240
0.0077 -0.6060 0.1271 107 224 241
0.0077 -0.6059 0.1261 108 224 240
0.0062 -0.6115 0.1285 98 171 245
0.0062 -0.6112 0.1291 91 185 255
0.0054 -0.6112 0.1288 74 188 255
0.0051 -0.6116 0.1284 68 174 247
0.0062 -0.6114 0.1276 100 170 237
0.0074 -0.6107 0.1285 116 181 246
0.0071 -0.6106 0.1289 103 191 255
0.0063 -0.6112 0.1266 100 171 236
0.0074 -0.6105 0.1267 117 179 237
0.0074 -0.6106 0.1277 117 179 238
0.0051 -0.6114 0.1266 68 172 236
0.0052 -0.6111 0.1256 66 173 235
0.0063 -0.6110 0.1256 101 171 236
0.0062 -0.6129 0.1267 74 227 240
0.0073 -0.6128 0.1268 108 224 240
0.0073 -0.6128 0.1257 108 223 240
0.0062 -0.6129 0.1257 74 227 240
0.0051 -0.6136 0.1267 56 218 240
0.0051 -0.6136 0.1277 56 218 240
0.0062 -0.6129 0.1277 74 227 240
0.0073 -0.6128 0.1277 108 223 240
0.0062 -0.6129 0.1287 76 226 246
0.0073 -0.6128 0.1286 107 221 248
0.0050 -0.6136 0.1286 57 216 246
0.0053 -0.6138 0.1289 67 207 255
0.0062 -0.6132 0.1292 80 211 255
0.0070 -0.6132 0.1290 99 209 255
0.0062 -0.6102 0.1289 84 202 255
0.0075 -0.6097 0.1288 104 197 255
0.0063 -0.6088 0.1287 88 193 255
0.0050 -0.6093 0.1286 70 196 255
0.0050 -0.6106 0.1287 67 197 255
0.0064 -0.6075 0.1294 90 185 255
0.0076 -0.6084 0.1287 104 192 255
0.0077 -0.6071 0.1292 110 191 255
0.0066 -0.6066 0.1299 82 208 255
0.0056 -0.6071 0.1295 68 203 255
0.0052 -0.6080 0.1292 67 194 255
0.0046 -0.6107 0.1283 50 191 246
0.0050 -0.6106 0.1287 67 197 255
0.0046 -0.6094 0.1282 49 199 247
0.0046 -0.6107 0.1276 48 191 238
0.0051 -0.6115 0.1276 69 172 237
0.0048 -0.6081 0.1286 50 203 246
0.0050 -0.6093 0.1286 70 196 255
0.0052 -0.6080 0.1292 67 194 255
0.0054 -0.6070 0.1291 57 216 246
0.0054 -0.6069 0.1280 57 219 240
0.0048 -0.6081 0.1278 49 207 239
0.0081 -0.6069 0.1287 125 201 246
0.0080 -0.6082 0.1283 124 194 247
0.0081 -0.6069 0.1280 126 204 240
0.0079 -0.6095 0.1284 123 192 247
0.0079 -0.6095 0.1277 125 191 239
0.0081 -0.6068 0.1270 126 203 239
0.0080 -0.6082 0.1278 127 196 239
0.0080 -0.6081 0.1269 127 196 238
0.0079 -0.6079 0.1259 127 196 238
0.0080 -0.6067 0.1260 127 203 239
0.0079 -0.6094 0.1268 125 191 238
0.0074 -0.6103 0.1257 118 180 237
0.0078 -0.6092 0.1258 126 192 238
0.0047 -0.6106 0.1267 48 192 237
0.0046 -0.6094 0.1277 47 201 237
0.0048 -0.6093 0.1268 47 201 237
0.0049 -0.6104 0.1257 48 194 236
0.0049 -0.6080 0.1269 49 206 238
0.0054 -0.6069 0.1270 57 218 240
0.0050 -0.6079 0.1259 48 206 238
0.0050 -0.6091 0.1258 47 201 237
0.0044 -0.6172 0.1264 47 193 238
0.0044 -0.6174 0.1274 47 192 239
0.0044 -0.6161 0.1274 46 200 239
0.0045 -0.6160 0.1265 47 200 238
0.0045 -0.6169 0.1254 47 194 237
0.0046 -0.6147 0.1266 48 206 239
0.0045 -0.6148 0.1275 48 206 239
0.0051 -0.6136 0.1267 56 218 240
0.0047 -0.6146 0.1256 48 206 239
0.0046 -0.6158 0.1255 47 201 238
0.0076 -0.6136 0.1267 126 203 239
0.0077 -0.6137 0.1276 126 203 240
0.0076 -0.6149 0.1266 126 196 239
0.0075 -0.6147 0.1256 126 196 239
0.0076 -0.6135 0.1257 126 203 239
0.0074 -0.6162 0.1265 125 191 238
0.0076 -0.6150 0.1275 126 196 239
0.0075 -0.6164 0.1275 125 190 239
0.0070 -0.6169 0.1254 117 180 236
0.0074 -0.6159 0.1255 125 192 238
0.0077 -0.6137 0.1284 124 202 246
0.0073 -0.6138 0.1289 108 196 255
0.0076 -0.6150 0.1282 124 196 246
0.0075 -0.6163 0.1284 124 193 245
0.0072 -0.6151 0.1287 106 197 255
0.0071 -0.6164 0.1290 108 199 255
0.0043 -0.6174 0.1283 48 193 245
0.0047 -0.6172 0.1290 61 199 255
0.0043 -0.6161 0.1281 48 201 245
0.0048 -0.6183 0.1274 66 172 238
0.0045 -0.6148 0.1283 49 204 245
0.0047 -0.6159 0.1286 64 201 255
0.0049 -0.6146 0.1288 65 199 255
0.0050 -0.6136 0.1286 57 216 246
0.0051 -0.6136 0.1277 56 218 240
0.0059 -0.6168 0.1292 83 205 255
0.0060 -0.6155 0.1288 84 200 255
0.0047 -0.6159 0.1286 64 201 255
0.0047 -0.6172 0.1290 61 199 255
0.0061 -0.6142 0.1290 86 193 255
0.0062 -0.6132 0.1292 80 211 255
0.0053 -0.6138 0.1289 67 207 255
0.0049 -0.6146 0.1288 65 199 255
0.0027 -0.6384 0.1323 104 223 235
0.0026 -0.6379 0.1336 108 218 231
0.0032 -0.6391 0.1336 124 203 241
0.0033 -0.6395 0.1323 124 201 240
0.0027 -0.6388 0.1309 102 224 237
0.0018 -0.6389 0.1310 61 221 237
0.0017 -0.6385 0.1324 62 220 233
0.0011 -0.6430 0.1325 54 178 241
0.0011 -0.6427 0.1337 51 181 243
0.0008 -0.6415 0.1325 44 196 239
0.0013 -0.6429 0.1311 56 178 235
0.0019 -0.6434 0.1325 96 169 243
0.0017 -0.6430 0.1337 96 170 247
0.0028 -0.6417 0.1324 121 187 242
0.0027 -0.6413 0.1336 121 188 244
0.0020 -0.6432 0.1311 97 170 235
0.0028 -0.6417 0.1310 121 187 238
0.0033 -0.6397 0.1309 124 202 238
0.0010 -0.6398 0.1324 47 207 238
0.0010 -0.6393 0.1336 47 207 237
0.0017 -0.6385 0.1324 62 220 233
0.0018 -0.6389 0.1310 61 221 237
0.0011 -0.6401 0.1311 47 207 237
0.0008 -0.6412 0.1336 44 198 240
0.0040 -0.6324 0.1318 93 222 230
0.0042 -0.6312 0.1336 90 222 229
0.0049 -0.6320 0.1336 120 209 233
0.0048 -0.6333 0.1319 123 204 235
0.0039 -0.6333 0.1303 98 224 233
0.0030 -0.6329 0.1318 57 217 234
0.0031 -0.6320 0.1336 58 217 233
0.0022 -0.6347 0.1321 46 204 239
0.0023 -0.6342 0.1336 46 205 239
0.0030 -0.6329 0.1318 57 217 234
0.0030 -0.6335 0.1303 58 219 235
0.0023 -0.6349 0.1307 46 204 237
0.0022 -0.6365 0.1311 47 190 236
0.0021 -0.6366 0.1323 46 192 237
0.0027 -0.6377 0.1324 73 169 236
0.0026 -0.6378 0.1336 80 168 238
0.0019 -0.6373 0.1336 50 197 230
0.0028 -0.6374 0.1312 69 171 235
0.0036 -0.6374 0.1323 110 175 240
0.0036 -0.6373 0.1336 113 176 241
0.0045 -0.6354 0.1321 123 190 241
0.0046 -0.6347 0.1336 124 191 241
0.0043 -0.6358 0.1308 122 188 236
0.0046 -0.6341 0.1305 123 202 235
0.0057 -0.6270 0.1321 93 222 229
0.0059 -0.6257 0.1336 91 221 228
0.0067 -0.6265 0.1337 117 210 231
0.0065 -0.6277 0.1322 122 206 234
0.0056 -0.6277 0.1307 96 225 235
0.0046 -0.6273 0.1321 58 217 234
0.0048 -0.6264 0.1336 61 218 232
0.0039 -0.6291 0.1323 46 203 239
0.0040 -0.6285 0.1336 46 205 239
0.0046 -0.6273 0.1321 58 217 234
0.0046 -0.6280 0.1308 57 218 236
0.0040 -0.6295 0.1311 46 202 237
0.0039 -0.6310 0.1326 49 185 242
0.0039 -0.6306 0.1336 47 188 243
0.0047 -0.6316 0.1327 81 168 244
0.0047 -0.6313 0.1337 82 169 246
0.0046 -0.6317 0.1317 81 168 239
0.0056 -0.6312 0.1316 112 176 238
0.0057 -0.6311 0.1327 114 177 243
0.0064 -0.6294 0.1325 124 191 240
0.0065 -0.6286 0.1337 125 193 240
0.0058 -0.6307 0.1337 117 180 244
0.0063 -0.6299 0.1313 123 189 236
0.0063 -0.6285 0.1309 123 204 235
0.0065 -0.6220 0.1328 86 224 230
0.0065 -0.6213 0.1337 84 222 228
0.0074 -0.6217 0.1337 112 216 231
0.0074 -0.6225 0.1327 118 213 234
0.0065 -0.6224 0.1317 89 227 237
0.0055 -0.6225 0.1327 55 216 235
0.0055 -0.6219 0.1337 58 217 232
0.0051 -0.6240 0.1327 46 199 239
0.0051 -0.6236 0.1337 46 201 239
0.0055 -0.6225 0.1327 55 216 235
0.0055 -0.6228 0.1317 54 216 238
0.0052 -0.6242 0.1316 46 199 238
0.0054 -0.6255 0.1326 54 179 242
0.0054 -0.6253 0.1337 52 182 243
0.0063 -0.6259 0.1326 88 168 243
0.0063 -0.6257 0.1337 88 169 245
0.0054 -0.6256 0.1316 54 179 239
0.0063 -0.6260 0.1316 88 168 238
0.0072 -0.6255 0.1316 116 179 237
0.0073 -0.6254 0.1326 117 180 242
0.0077 -0.6239 0.1327 126 196 239
0.0077 -0.6234 0.1337 126 199 239
0.0073 -0.6250 0.1337 119 182 243
0.0076 -0.6242 0.1316 125 196 236
0.0073 -0.6229 0.1317 119 213 236
0.0070 -0.6168 0.1327 85 221 227
0.0070 -0.6156 0.1339 85 219 225
0.0080 -0.6161 0.1338 109 215 228
0.0080 -0.6173 0.1327 117 212 232
0.0069 -0.6176 0.1315 88 226 233
0.0059 -0.6173 0.1327 56 214 232
0.0059 -0.6164 0.1339 61 215 229
0.0054 -0.6191 0.1327 46 199 239
0.0054 -0.6184 0.1338 46 201 238
0.0059 -0.6173 0.1327 56 214 232
0.0059 -0.6180 0.1316 55 216 235
0.0055 -0.6194 0.1316 46 199 237
0.0057 -0.6207 0.1327 55 180 242
0.0057 -0.6204 0.1337 52 183 243
0.0068 -0.6212 0.1327 88 168 243
0.0068 -0.6210 0.1337 89 169 245
0.0058 -0.6209 0.1317 55 179 238
0.0067 -0.6213 0.1317 88 168 239
0.0077 -0.6207 0.1317 116 179 237
0.0078 -0.6205 0.1327 118 180 242
0.0083 -0.6189 0.1327 126 197 239
0.0083 -0.6181 0.1338 126 200 239
0.0078 -0.6202 0.1337 120 183 244
0.0081 -0.6194 0.1316 125 195 235
0.0079 -0.6181 0.1315 119 212 233
-0.0003 -0.6435 0.1325 64 223 237
-0.0003 -0.6432 0.1336 61 221 235
0.0004 -0.6434 0.1326 102 223 234
0.0005 -0.6437 0.1316 103 224 240
-0.0003 -0.6437 0.1314 68 225 239
-0.0009 -0.6443 0.1325 47 210 240
-0.0009 -0.6443 0.1336 47 208 240
0.0002 -0.6464 0.1326 97 169 240
0.0002 -0.6463 0.1338 97 169 241
-0.0007 -0.6462 0.1337 61 173 242
-0.0008 -0.6464 0.1325 62 172 241
0.0002 -0.6463 0.1315 98 170 236
0.0010 -0.6457 0.1326 120 185 240
0.0010 -0.6444 0.1326 123 205 239
0.0010 -0.6441 0.1337 122 205 238
0.0010 -0.6456 0.1338 121 185 241
0.0010 -0.6445 0.1316 122 205 242
0.0069 -0.6043 0.1328 96 169 241
0.0069 -0.6040 0.1343 97 170 243
0.0059 -0.6039 0.1343 61 176 243
0.0057 -0.6041 0.1328 62 176 242
0.0068 -0.6043 0.1315 95 170 235
0.0081 -0.6035 0.1316 118 180 236
0.0081 -0.6035 0.1329 118 180 241
0.0073 -0.5971 0.1334 84 226 247
0.0073 -0.5977 0.1348 83 226 248
0.0085 -0.5980 0.1347 115 218 246
0.0087 -0.5973 0.1333 114 219 245
0.0087 -0.5969 0.1321 115 221 240
0.0073 -0.5967 0.1321 84 228 242
0.0058 -0.5973 0.1321 59 219 241
0.0059 -0.5977 0.1333 59 218 245
0.0066 -0.6168 0.1326 88 169 244
0.0066 -0.6165 0.1338 88 169 245
0.0054 -0.6166 0.1326 61 175 242
0.0055 -0.6167 0.1315 60 175 238
0.0065 -0.6170 0.1315 88 168 238
0.0076 -0.6166 0.1315 114 178 235
0.0077 -0.6165 0.1326 113 176 242
0.0065 -0.6120 0.1328 85 227 244
0.0065 -0.6124 0.1339 85 227 245
0.0076 -0.6123 0.1328 112 221 242
0.0075 -0.6121 0.1317 113 220 236
0.0065 -0.6118 0.1317 86 228 239
0.0054 -0.6122 0.1317 58 219 239
0.0054 -0.6124 0.1328 59 220 243
0.0066 -0.6116 0.1328 87 168 238
0.0066 -0.6116 0.1339 87 168 239
0.0054 -0.6112 0.1339 58 178 239
0.0054 -0.6112 0.1328 58 178 238
0.0065 -0.6115 0.1318 88 169 235
0.0076 -0.6111 0.1318 116 180 233
0.0077 -0.6112 0.1329 116 178 238
0.0067 -0.6050 0.1330 82 228 242
0.0066 -0.6050 0.1320 83 228 237
0.0056 -0.6056 0.1330 56 217 241
0.0066 -0.6052 0.1342 82 228 243
0.0077 -0.6053 0.1331 115 220 241
0.0075 -0.6052 0.1320 114 219 235
0.0064 -0.6052 0.1311 82 222 228
0.0058 -0.6058 0.1311 56 211 230
0.0057 -0.6055 0.1319 56 216 237
0.0071 -0.6055 0.1312 109 213 226
0.0067 -0.6060 0.1308 107 202 222
0.0063 -0.6059 0.1306 84 206 220
0.0064 -0.6112 0.1309 89 174 228
0.0072 -0.6108 0.1310 111 186 226
0.0055 -0.6111 0.1318 58 178 236
0.0056 -0.6109 0.1310 59 183 229
0.0062 -0.6106 0.1305 87 192 220
0.0068 -0.6104 0.1307 104 197 222
0.0063 -0.6120 0.1308 87 224 230
0.0056 -0.6123 0.1309 58 214 230
0.0071 -0.6123 0.1309 110 214 227
0.0067 -0.6127 0.1306 104 202 222
0.0062 -0.6125 0.1304 86 206 220
0.0064 -0.6167 0.1307 88 175 227
0.0072 -0.6164 0.1308 109 185 226
0.0056 -0.6165 0.1308 61 182 228
0.0062 -0.6162 0.1303 86 194 220
0.0068 -0.6160 0.1305 101 197 221
0.0072 -0.5967 0.1312 85 225 231
0.0059 -0.5973 0.1312 61 215 230
0.0085 -0.5970 0.1312 111 217 228
0.0081 -0.5974 0.1310 100 202 220
0.0072 -0.5973 0.1307 88 206 220
0.0068 -0.6039 0.1305 92 178 225
0.0079 -0.6031 0.1307 114 188 226
0.0057 -0.6037 0.1307 64 185 226
0.0061 -0.6030 0.1305 70 199 221
0.0068 -0.6030 0.1302 87 197 220
0.0012 -0.6443 0.1306 123 205 239
0.0006 -0.6437 0.1304 99 225 239
0.0011 -0.6452 0.1306 118 184 234
0.0008 -0.6448 0.1301 110 184 228
0.0010 -0.6442 0.1298 114 204 228
0.0002 -0.6458 0.1306 98 174 230
0.0010 -0.6456 0.1316 119 183 239
-0.0008 -0.6464 0.1315 64 172 237
-0.0009 -0.6460 0.1305 67 174 231
-0.0006 -0.6454 0.1300 80 176 226
0.0001 -0.6452 0.1299 96 179 226
-0.0002 -0.6438 0.1302 69 225 237
-0.0010 -0.6444 0.1302 51 213 237
-0.0010 -0.6444 0.1314 49 212 241
0.0006 -0.6439 0.1298 95 221 229
-0.0001 -0.6440 0.1294 79 215 225
-0.0008 -0.6444 0.1296 60 211 227
0.0077 -0.6194 0.1306 120 194 230
0.0076 -0.6181 0.1304 117 212 232
0.0074 -0.6206 0.1308 111 181 230
0.0071 -0.6201 0.1303 105 187 224
0.0072 -0.6191 0.1299 108 193 224
0.0066 -0.6211 0.1309 87 171 231
0.0059 -0.6207 0.1308 57 182 231
0.0066 -0.6204 0.1302 85 182 223
0.0057 -0.6194 0.1306 48 198 233
0.0060 -0.6180 0.1305 56 216 235
0.0061 -0.6191 0.1299 59 196 225
0.0061 -0.6202 0.1303 62 188 225
0.0068 -0.6176 0.1304 89 227 236
0.0060 -0.6180 0.1305 56 216 235
0.0072 -0.6182 0.1299 112 205 226
0.0067 -0.6178 0.1296 85 218 225
0.0062 -0.6182 0.1299 58 209 228
0.0072 -0.6240 0.1305 122 195 231
0.0070 -0.6227 0.1304 118 213 234
0.0069 -0.6253 0.1307 113 182 230
0.0066 -0.6248 0.1301 108 187 225
0.0067 -0.6237 0.1297 111 194 225
0.0061 -0.6258 0.1307 86 171 231
0.0055 -0.6254 0.1306 55 182 232
0.0061 -0.6251 0.1299 84 182 223
0.0053 -0.6240 0.1305 47 199 235
0.0056 -0.6226 0.1304 55 217 237
0.0056 -0.6237 0.1297 55 197 227
0.0057 -0.6248 0.1301 58 189 227
0.0063 -0.6222 0.1304 89 228 238
0.0056 -0.6226 0.1304 55 217 237
0.0067 -0.6228 0.1298 116 207 228
0.0062 -0.6224 0.1295 85 219 226
0.0058 -0.6228 0.1298 54 210 231
0.0060 -0.6297 0.1304 118 189 230
0.0061 -0.6283 0.1301 120 205 232
0.0054 -0.6310 0.1307 110 179 230
0.0053 -0.6304 0.1301 107 185 225
0.0056 -0.6293 0.1298 108 190 224
0.0047 -0.6314 0.1307 83 171 231
0.0039 -0.6312 0.1315 50 183 238
0.0041 -0.6310 0.1306 55 185 230
0.0048 -0.6307 0.1300 85 183 223
0.0042 -0.6295 0.1302 49 201 232
0.0047 -0.6280 0.1299 58 217 233
0.0046 -0.6292 0.1297 62 197 224
0.0044 -0.6304 0.1300 60 191 225
0.0055 -0.6277 0.1299 97 226 236
0.0047 -0.6280 0.1299 58 217 233
0.0058 -0.6283 0.1297 111 199 225
0.0054 -0.6278 0.1295 93 216 224
0.0040 -0.6356 0.1298 116 186 230
0.0043 -0.6342 0.1295 120 201 231
0.0034 -0.6369 0.1302 100 176 228
0.0033 -0.6362 0.1296 96 183 224
0.0037 -0.6352 0.1292 102 187 224
0.0028 -0.6370 0.1303 67 175 230
0.0036 -0.6373 0.1311 106 173 235
0.0024 -0.6362 0.1302 49 191 232
0.0029 -0.6362 0.1296 71 184 224
0.0025 -0.6348 0.1298 48 202 233
0.0031 -0.6337 0.1293 59 217 233
0.0029 -0.6347 0.1292 57 197 226
0.0027 -0.6358 0.1297 55 193 227
0.0038 -0.6335 0.1293 100 223 232
0.0031 -0.6337 0.1293 59 217 233
0.0039 -0.6343 0.1291 109 194 224
0.0036 -0.6337 0.1288 92 210 222
0.0015 -0.6400 0.1293 47 206 237
0.0014 -0.6411 0.1291 46 196 235
0.0019 -0.6391 0.1294 59 220 238
0.0020 -0.6392 0.1284 54 216 237
0.0019 -0.6397 0.1278 48 206 235
0.0018 -0.6405 0.1280 46 199 234
0.0026 -0.6409 0.1292 121 190 234
0.0028 -0.6395 0.1293 122 204 235
0.0021 -0.6420 0.1291 102 176 230
0.0021 -0.6409 0.1280 113 182 231
0.0023 -0.6399 0.1277 121 195 233
0.0025 -0.6394 0.1283 121 204 233
0.0016 -0.6419 0.1291 62 179 230
0.0009 -0.6416 0.1310 45 195 237
0.0020 -0.6406 0.1275 81 186 222
0.0025 -0.6389 0.1294 97 226 237
0.0019 -0.6391 0.1294 59 220 238
0.0022 -0.6390 0.1281 88 224 231
0.0020 -0.6392 0.1284 54 216 237
0.0000 -0.6445 0.1294 91 192 221
-0.0010 -0.6450 0.1296 61 190 225
-0.0008 -0.6444 0.1296 60 211 227
-0.0001 -0.6440 0.1294 79 215 225
0.0066 -0.6190 0.1297 85 193 220
0.0061 -0.6191 0.1299 59 196 225
0.0062 -0.6182 0.1299 58 209 228
0.0067 -0.6178 0.1296 85 218 225
0.0061 -0.6236 0.1294 84 195 220
0.0056 -0.6237 0.1297 55 197 227
0.0058 -0.6228 0.1298 54 210 231
0.0062 -0.6224 0.1295 85 219 226
0.0051 -0.6291 0.1295 88 193 220
0.0046 -0.6292 0.1297 62 197 224
0.0049 -0.6282 0.1296 64 204 224
0.0054 -0.6278 0.1295 93 216 224
0.0033 -0.6349 0.1290 79 191 221
0.0029 -0.6347 0.1292 57 197 226
0.0032 -0.6339 0.1291 60 204 225
0.0036 -0.6337 0.1288 92 210 222
0.0021 -0.6396 0.1273 86 208 222
0.0019 -0.6397 0.1278 48 206 235
0.0022 -0.6390 0.1281 88 224 231
0.0054 -0.5991 0.1332 49 203 243
0.0059 -0.5977 0.1333 59 218 245
0.0053 -0.5988 0.1321 48 204 239
0.0053 -0.6007 0.1320 48 199 238
0.0054 -0.6009 0.1331 48 198 242
0.0056 -0.5995 0.1347 49 203 243
0.0060 -0.5983 0.1348 58 216 246
0.0054 -0.6028 0.1330 48 194 242
0.0053 -0.6027 0.1318 48 195 238
0.0056 -0.6028 0.1344 48 194 242
0.0086 -0.6020 0.1330 126 192 240
0.0087 -0.6019 0.1318 126 192 236
0.0088 -0.6002 0.1331 127 195 240
0.0087 -0.6005 0.1345 127 195 241
0.0085 -0.6021 0.1344 126 191 241
0.0080 -0.6033 0.1343 118 180 242
0.0090 -0.5985 0.1332 127 201 242
0.0089 -0.6000 0.1320 127 196 236
0.0091 -0.5982 0.1321 127 201 237
0.0088 -0.5990 0.1347 127 200 242
0.0089 -0.5982 0.1314 120 199 227
0.0087 -0.5999 0.1315 115 197 225
0.0083 -0.5983 0.1311 100 195 221
0.0084 -0.6017 0.1311 118 198 227
0.0076 -0.6026 0.1305 102 202 221
0.0079 -0.6015 0.1308 99 205 221
0.0081 -0.5999 0.1313 95 199 220
0.0054 -0.6024 0.1311 53 200 229
0.0054 -0.6005 0.1314 57 202 227
0.0059 -0.6020 0.1308 71 206 222
0.0054 -0.5987 0.1314 54 201 228
0.0058 -0.5973 0.1321 59 219 241
0.0059 -0.5973 0.1312 61 215 230
0.0063 -0.5977 0.1309 75 200 221
0.0060 -0.5987 0.1311 76 196 220
0.0060 -0.6004 0.1313 79 202 220
0.0069 -0.6017 0.1307 86 208 221
0.0059 -0.6020 0.1308 71 206 222
0.0060 -0.6004 0.1313 79 202 220
0.0070 -0.6001 0.1312 88 201 220
0.0071 -0.5985 0.1310 89 194 220
0.0060 -0.5987 0.1311 76 196 220
0.0063 -0.5977 0.1309 75 200 221
0.0072 -0.5973 0.1307 88 206 220
0.0053 -0.6068 0.1329 48 204 239
0.0052 -0.6084 0.1329 47 200 239
0.0052 -0.6070 0.1341 48 203 240
0.0056 -0.6058 0.1341 56 217 241
0.0056 -0.6056 0.1330 56 217 241
0.0053 -0.6068 0.1319 48 203 236
0.0053 -0.6084 0.1319 48 200 236
0.0051 -0.6100 0.1328 47 195 239
0.0052 -0.6100 0.1318 47 196 236
0.0051 -0.6101 0.1340 47 195 239
0.0052 -0.6085 0.1340 47 200 239
0.0081 -0.6099 0.1329 126 194 238
0.0079 -0.6098 0.1319 124 196 232
0.0081 -0.6082 0.1330 127 199 238
0.0080 -0.6083 0.1341 127 199 240
0.0081 -0.6100 0.1341 126 194 240
0.0077 -0.6112 0.1340 116 178 239
0.0080 -0.6065 0.1330 126 203 239
0.0079 -0.6082 0.1320 123 199 232
0.0079 -0.6065 0.1320 124 202 233
0.0076 -0.6055 0.1342 115 219 242
0.0080 -0.6066 0.1342 127 203 240
0.0074 -0.6066 0.1313 115 199 226
0.0074 -0.6082 0.1314 112 199 224
0.0068 -0.6069 0.1309 105 195 222
0.0075 -0.6097 0.1313 115 199 225
0.0068 -0.6096 0.1309 101 203 221
0.0068 -0.6083 0.1311 100 198 221
0.0054 -0.6099 0.1312 52 199 230
0.0055 -0.6085 0.1314 54 199 229
0.0058 -0.6086 0.1311 69 200 222
0.0057 -0.6098 0.1309 66 203 223
0.0058 -0.6105 0.1307 65 198 223
0.0055 -0.6070 0.1313 51 200 231
0.0058 -0.6058 0.1311 56 211 230
0.0059 -0.6063 0.1308 61 200 224
0.0058 -0.6072 0.1309 66 196 223
0.0062 -0.6097 0.1307 86 205 220
0.0057 -0.6098 0.1309 66 203 223
0.0058 -0.6086 0.1311 69 200 222
0.0062 -0.6085 0.1310 87 199 220
0.0062 -0.6071 0.1308 88 194 220
0.0058 -0.6072 0.1309 66 196 223
0.0059 -0.6063 0.1308 61 200 224
0.0063 -0.6059 0.1306 84 206 220
0.0050 -0.6133 0.1327 47 204 240
0.0054 -0.6124 0.1328 59 220 243
0.0051 -0.6132 0.1317 48 203 236
0.0051 -0.6145 0.1317 47 198 236
0.0050 -0.6145 0.1327 46 198 239
0.0050 -0.6135 0.1339 47 204 240
0.0054 -0.6127 0.1339 59 220 243
0.0050 -0.6157 0.1326 47 192 240
0.0051 -0.6158 0.1316 47 193 236
0.0054 -0.6163 0.1338 61 176 243
0.0050 -0.6155 0.1338 47 192 241
0.0081 -0.6156 0.1327 125 192 239
0.0079 -0.6157 0.1316 123 194 233
0.0079 -0.6144 0.1317 123 199 232
0.0080 -0.6144 0.1327 126 199 238
0.0081 -0.6154 0.1339 126 193 240
0.0077 -0.6162 0.1338 113 177 243
0.0080 -0.6132 0.1328 125 205 239
0.0079 -0.6131 0.1318 123 204 233
0.0076 -0.6126 0.1339 112 221 243
0.0080 -0.6133 0.1339 125 205 240
0.0074 -0.6132 0.1311 115 200 226
0.0074 -0.6144 0.1312 111 199 224
0.0068 -0.6133 0.1307 101 195 221
0.0074 -0.6156 0.1310 114 199 225
0.0068 -0.6154 0.1307 100 204 221
0.0053 -0.6157 0.1310 52 197 229
0.0053 -0.6145 0.1312 54 199 228
0.0057 -0.6155 0.1307 67 202 223
0.0058 -0.6161 0.1305 66 197 223
0.0053 -0.6133 0.1311 52 200 230
0.0054 -0.6122 0.1317 58 219 239
0.0056 -0.6123 0.1309 58 214 230
0.0058 -0.6127 0.1306 64 201 223
0.0056 -0.6134 0.1307 66 195 223
0.0057 -0.6145 0.1309 70 199 222
0.0062 -0.6154 0.1305 85 206 220
0.0057 -0.6155 0.1307 67 202 223
0.0057 -0.6145 0.1309 70 199 222
0.0062 -0.6144 0.1308 86 199 220
0.0062 -0.6134 0.1306 86 192 220
0.0056 -0.6134 0.1307 66 195 223
0.0058 -0.6127 0.1306 64 201 223
0.0062 -0.6125 0.1304 86 206 220
0.0068 -0.6144 0.1309 97 199 221
0.0073 -0.5909 0.1325 89 196 219
0.0072 -0.5923 0.1326 88 206 220
0.0060 -0.5910 0.1326 76 199 220
0.0063 -0.5902 0.1325 76 205 221
0.0073 -0.5898 0.1323 87 209 221
0.0083 -0.5900 0.1325 99 204 220
0.0085 -0.5908 0.1326 99 198 220
0.0084 -0.5922 0.1327 95 204 220
0.0071 -0.5935 0.1318 86 214 222
0.0070 -0.5946 0.1310 86 203 220
0.0063 -0.5946 0.1314 71 205 222
0.0061 -0.5938 0.1319 72 211 223
0.0061 -0.5925 0.1326 79 207 221
0.0082 -0.5934 0.1319 99 212 222
0.0079 -0.5943 0.1314 102 208 222
0.0055 -0.5910 0.1329 56 203 228
0.0055 -0.5926 0.1328 58 204 227
0.0053 -0.5911 0.1337 49 205 237
0.0058 -0.5899 0.1338 61 221 240
0.0059 -0.5898 0.1328 64 217 230
0.0060 -0.5910 0.1326 76 199 220
0.0061 -0.5925 0.1326 79 207 221
0.0055 -0.5942 0.1321 54 201 229
0.0059 -0.5953 0.1315 64 187 225
0.0058 -0.5958 0.1325 63 177 233
0.0053 -0.5946 0.1330 49 194 236
0.0053 -0.5928 0.1335 49 199 236
0.0061 -0.5938 0.1319 72 211 223
0.0088 -0.5936 0.1322 119 202 227
0.0090 -0.5922 0.1328 116 200 225
0.0090 -0.5939 0.1330 126 193 235
0.0085 -0.5953 0.1325 117 181 233
0.0082 -0.5948 0.1315 114 190 225
0.0091 -0.5907 0.1329 119 202 227
0.0088 -0.5896 0.1328 110 218 228
0.0090 -0.5896 0.1338 114 222 238
0.0094 -0.5907 0.1337 127 203 236
0.0092 -0.5923 0.1335 127 197 235
0.0095 -0.5910 0.1352 128 202 239
0.0093 -0.5926 0.1350 128 196 238
0.0091 -0.5898 0.1354 114 222 241
0.0091 -0.5902 0.1373 114 221 242
0.0095 -0.5913 0.1372 128 202 239
0.0091 -0.5943 0.1346 127 192 238
0.0086 -0.5957 0.1343 117 179 237
0.0092 -0.5946 0.1367 127 191 238
0.0085 -0.5960 0.1365 117 178 237
0.0053 -0.5949 0.1346 49 193 238
0.0052 -0.5931 0.1350 48 198 239
0.0058 -0.5962 0.1343 63 176 236
0.0057 -0.5965 0.1365 63 175 237
0.0053 -0.5953 0.1367 49 193 239
0.0053 -0.5935 0.1369 48 198 240
0.0052 -0.5914 0.1353 49 204 240
0.0058 -0.5901 0.1355 61 221 242
0.0052 -0.5918 0.1372 49 204 240
0.0058 -0.5905 0.1374 61 220 242
0.0071 -0.5954 0.1313 92 180 224
0.0071 -0.5960 0.1324 94 171 232
0.0073 -0.5894 0.1328 86 226 231
0.0059 -0.5898 0.1328 64 217 230
0.0074 -0.5893 0.1339 86 229 241
0.0073 -0.5898 0.1323 87 209 221
0.0063 -0.5902 0.1325 76 205 221
0.0075 -0.5896 0.1355 86 228 242
0.0075 -0.5899 0.1374 86 228 243
0.0058 -0.5899 0.1338 61 221 240
0.0058 -0.5901 0.1355 61 221 242
0.0071 -0.5964 0.1342 95 170 236
0.0071 -0.5967 0.1364 95 169 237
0.0078 -0.5833 0.1436 66 202 223
0.0111 -0.5836 0.1406 57 195 228
0.0082 -0.5855 0.1426 71 208 222
0.0044 -0.5865 0.1437 73 213 223
0.0040 -0.5841 0.1454 75 207 221
0.0037 -0.5792 0.1461 76 197 220
0.0070 -0.5787 0.1436 62 194 225
0.0100 -0.5790 0.1401 56 191 229
0.0123 -0.5848 0.1373 49 197 237
0.0121 -0.5879 0.1369 49 202 239
0.0118 -0.5866 0.1402 56 203 228
0.0117 -0.5801 0.1367 51 193 235
0.0120 -0.5849 0.1334 49 200 242
0.0110 -0.5823 0.1288 51 198 246
0.0120 -0.5849 0.1334 49 200 242
0.0120 -0.5799 0.1331 49 196 240
0.0109 -0.5761 0.1290 52 195 246
0.0090 -0.5795 0.1259 62 196 253
0.0091 -0.5876 0.1237 72 213 255
0.0105 -0.5881 0.1278 50 200 244
0.0102 -0.5934 0.1275 49 200 243
0.0108 -0.5942 0.1305 49 200 243
0.0097 -0.5935 0.1249 63 203 255
0.0098 -0.6003 0.1271 48 200 243
0.0088 -0.6113 0.1263 48 201 244
0.0083 -0.6130 0.1243 50 202 232
0.0072 -0.6230 0.1255 46 203 242
0.0094 -0.6002 0.1249 90 200 255
0.0048 -0.6368 0.1313 46 205 239
0.0040 -0.6399 0.1311 46 206 239
0.0039 -0.6395 0.1330 47 206 236
0.0047 -0.6366 0.1329 46 205 237
0.0057 -0.6329 0.1317 47 206 238
0.0068 -0.6288 0.1328 47 206 237
0.0066 -0.6288 0.1337 48 206 235
0.0079 -0.6242 0.1338 49 204 233
0.0069 -0.6291 0.1316 47 206 237
0.0055 -0.6329 0.1331 47 206 237
0.0087 -0.6192 0.1337 47 202 237
0.0086 -0.6191 0.1344 49 202 233
0.0091 -0.6148 0.1336 46 200 239
0.0092 -0.6148 0.1324 46 200 239
0.0077 -0.6242 0.1341 50 204 232
0.0101 -0.5996 0.1343 48 203 236
0.0100 -0.5998 0.1355 48 202 236
0.0107 -0.5951 0.1358 50 205 235
0.0109 -0.5954 0.1342 49 203 237
0.0111 -0.5961 0.1323 49 203 236
0.0104 -0.5998 0.1330 49 203 236
0.0097 -0.6032 0.1337 48 202 237
0.0096 -0.6036 0.1349 48 202 238
0.0092 -0.6119 0.1341 47 199 238
0.0091 -0.6119 0.1350 52 200 230
0.0091 -0.6098 0.1353 53 202 229
0.0092 -0.6096 0.1346 47 199 237
0.0093 -0.6119 0.1330 47 199 239
0.0090 -0.6147 0.1347 50 201 232
0.0093 -0.6119 0.1311 47 199 237
0.0093 -0.6095 0.1313 47 200 237
0.0098 -0.6096 0.1296 56 202 227
0.0097 -0.6121 0.1297 54 199 228
0.0093 -0.6149 0.1308 47 200 236
0.0093 -0.6068 0.1349 47 200 238
0.0092 -0.6073 0.1357 50 202 233
0.0094 -0.6041 0.1358 48 201 236
0.0094 -0.6065 0.1339 47 200 238
0.0093 -0.6094 0.1336 47 199 239
0.0111 -0.5960 0.1312 53 196 249
0.0113 -0.5978 0.1308 70 192 255
0.0112 -0.5954 0.1316 92 191 255
0.0108 -0.6014 0.1300 81 194 255
0.0012 -0.6436 0.1263 80 199 255
0.0015 -0.6441 0.1262 96 187 255
0.0043 -0.6389 0.1266 100 190 255
-0.0014 -0.6451 0.1262 84 199 255
0.0100 -0.6094 0.1290 79 196 255
0.0095 -0.6094 0.1285 59 199 254
0.0087 -0.6192 0.1283 67 198 255
0.0106 -0.6102 0.1287 99 195 255
0.0116 -0.6018 0.1295 103 194 255
0.0108 -0.6014 0.1300 81 194 255
0.0065 -0.6297 0.1273 67 199 255
0.0039 -0.6386 0.1267 74 199 255
0.0069 -0.6298 0.1273 98 193 255
0.0092 -0.6195 0.1283 97 194 255
0.0081 -0.6201 0.1276 52 202 250
0.0112 -0.5937 0.1320 49 197 243
0.0113 -0.5925 0.1331 48 199 242
0.0111 -0.5934 0.1320 49 197 244
0.0112 -0.5955 0.1314 124 195 247
0.0113 -0.5965 0.1310 84 194 255
0.0114 -0.5985 0.1307 50 193 246
0.0116 -0.6018 0.1295 103 194 255
0.0118 -0.6000 0.1302 110 185 253
0.0117 -0.6001 0.1306 91 169 236
0.0114 -0.5986 0.1309 48 195 238
0.0063 -0.5698 0.1415 57 193 228
0.0082 -0.5705 0.1380 54 192 231
0.0040 -0.5697 0.1442 70 191 222
0.0041 -0.5579 0.1392 67 187 225
0.0055 -0.5584 0.1369 55 191 232
0.0097 -0.5721 0.1349 52 191 234
0.0103 -0.5726 0.1319 51 192 238
0.0120 -0.5799 0.1331 49 196 240
0.0075 -0.5616 0.1316 52 193 235
0.0082 -0.5631 0.1294 51 194 238
0.0096 -0.5700 0.1287 52 194 245
0.0076 -0.5676 0.1262 70 199 255
0.0087 -0.5727 0.1263 67 195 255
0.0103 -0.5726 0.1319 51 192 238
0.0082 -0.5631 0.1294 51 194 238
0.0079 -0.5626 0.1272 54 197 247
0.0044 -0.5466 0.1297 60 187 230
0.0053 -0.5476 0.1281 55 192 233
0.0064 -0.5596 0.1341 53 193 234
0.0055 -0.5584 0.1369 55 191 232
0.0031 -0.5461 0.1309 74 181 225
0.0019 -0.5366 0.1199 90 175 228
0.0033 -0.5368 0.1198 77 177 228
0.0045 -0.5375 0.1194 62 183 232
0.0062 -0.5496 0.1268 53 193 234
0.0067 -0.5516 0.1255 52 196 239
0.0075 -0.5616 0.1316 52 193 235
0.0052 -0.5391 0.1191 54 192 236
0.0055 -0.5411 0.1187 52 199 240
0.0065 -0.5528 0.1243 56 202 248
0.0051 -0.5537 0.1233 75 209 255
0.0062 -0.5621 0.1255 73 203 255
0.0079 -0.5626 0.1272 54 197 247
0.0067 -0.5516 0.1255 52 196 239
0.0052 -0.5430 0.1183 56 207 246
0.0041 -0.5446 0.1179 71 216 252
0.0027 -0.5316 0.1072 85 172 233
0.0035 -0.5320 0.1073 66 179 234
0.0015 -0.5315 0.1070 92 171 232
0.0023 -0.5288 0.0933 97 171 234
0.0025 -0.5287 0.0934 93 171 234
0.0039 -0.5329 0.1074 54 192 238
0.0040 -0.5343 0.1075 53 201 241
0.0026 -0.5289 0.0936 54 193 239
0.0025 -0.5293 0.0939 55 209 242
0.0039 -0.5358 0.1075 57 210 244
0.0030 -0.5370 0.1075 73 222 248
0.0055 -0.5411 0.1187 52 199 240
0.0040 -0.5343 0.1075 53 201 241
0.0024 -0.5298 0.0943 61 216 244
0.0019 -0.5301 0.0946 87 227 247
0.0116 -0.5914 0.1354 49 203 240
0.0115 -0.5908 0.1375 52 206 233
0.0108 -0.5910 0.1384 71 212 224
0.0103 -0.5953 0.1366 67 209 224
0.0101 -0.5915 0.1381 120 210 230
0.0092 -0.5890 0.1398 97 224 229
0.0102 -0.5881 0.1405 74 214 224
0.0075 -0.5874 0.1418 77 217 224
0.0068 -0.5885 0.1407 78 226 232
0.0044 -0.5886 0.1424 70 216 226
0.0045 -0.6366 0.1335 48 205 234
0.0039 -0.6386 0.1337 51 205 231
0.0044 -0.6363 0.1340 88 179 224
0.0051 -0.6339 0.1338 47 205 236
0.0063 -0.6295 0.1343 50 205 232
0.0060 -0.6303 0.1343 75 201 255
0.0075 -0.6245 0.1343 123 192 246
0.0075 -0.6243 0.1346 97 204 221
0.0083 -0.6191 0.1348 82 200 220
0.0082 -0.6191 0.1347 125 195 236
0.0087 -0.6147 0.1350 92 200 220
0.0098 -0.6001 0.1361 80 201 220
0.0097 -0.6001 0.1360 126 195 235
0.0101 -0.5955 0.1365 124 198 230
0.0093 -0.6045 0.1363 83 199 220
0.0087 -0.6119 0.1353 91 202 220
0.0084 -0.6118 0.1349 125 200 235
0.0087 -0.6099 0.1355 95 203 220
0.0085 -0.6146 0.1346 126 198 238
0.0089 -0.6076 0.1360 89 202 220
0.0087 -0.6075 0.1356 125 196 234
0.0084 -0.6098 0.1351 126 198 235
0.0063 -0.5873 0.1256 82 228 241
0.0090 -0.5880 0.1258 116 221 240
0.0054 -0.5872 0.1237 78 218 253
0.0037 -0.5889 0.1260 58 216 245
0.0043 -0.5888 0.1277 59 216 247
0.0068 -0.5872 0.1276 84 228 241
0.0087 -0.6067 0.1345 127 195 238
0.0092 -0.6037 0.1349 126 195 237
0.0092 -0.6045 0.1361 125 195 234
0.0085 -0.6093 0.1341 127 198 240
0.0084 -0.6089 0.1328 116 200 226
0.0087 -0.6060 0.1333 123 197 231
0.0086 -0.6117 0.1339 126 200 243
0.0088 -0.6139 0.1336 126 199 243
0.0087 -0.6116 0.1330 126 200 236
0.0099 -0.5998 0.1349 127 194 239
0.0104 -0.5956 0.1353 127 194 242
0.0089 -0.6026 0.1334 112 198 224
0.0098 -0.5993 0.1336 119 194 228
0.0105 -0.5918 0.1366 127 199 245
0.0096 -0.5892 0.1380 117 219 243
0.0110 -0.5920 0.1351 127 203 235
0.0102 -0.5892 0.1363 118 219 237
0.0070 -0.5885 0.1388 85 229 240
0.0045 -0.5896 0.1387 58 218 239
0.0075 -0.5882 0.1369 89 229 237
0.0048 -0.5892 0.1368 62 220 235
0.0037 -0.5924 0.1378 49 204 236
0.0038 -0.5961 0.1368 49 199 235
0.0030 -0.5961 0.1398 53 202 230
0.0033 -0.5924 0.1405 53 207 232
0.0040 -0.5921 0.1355 52 205 232
0.0045 -0.6117 0.1348 48 198 234
0.0045 -0.6141 0.1347 49 199 233
0.0035 -0.6137 0.1368 54 200 228
0.0035 -0.6116 0.1369 54 199 228
0.0043 -0.6094 0.1350 49 198 233
0.0048 -0.6117 0.1331 50 197 231
0.0041 -0.6070 0.1357 49 198 233
0.0034 -0.6098 0.1373 54 200 228
0.0031 -0.6079 0.1380 55 202 228
0.0028 -0.6053 0.1389 55 201 228
0.0039 -0.6041 0.1363 49 199 233
0.0046 -0.6061 0.1336 51 199 231
0.0049 -0.6090 0.1329 58 199 226
0.0038 -0.6003 0.1365 49 199 234
0.0028 -0.6009 0.1394 54 201 228
0.0044 -0.5996 0.1339 53 197 230
0.0048 -0.6027 0.1335 61 200 225
0.0019 -0.6297 0.1243 49 200 248
0.0023 -0.6267 0.1247 49 200 248
0.0015 -0.6281 0.1234 58 198 255
0.0011 -0.6300 0.1231 59 199 255
0.0015 -0.6320 0.1240 51 202 250
0.0021 -0.6320 0.1252 58 197 255
0.0022 -0.6293 0.1255 49 199 248
0.0008 -0.6344 0.1237 51 204 250
0.0005 -0.6321 0.1228 62 200 255
-0.0002 -0.6342 0.1226 64 201 255
0.0001 -0.6364 0.1235 54 207 252
0.0011 -0.6346 0.1247 51 204 250
0.0026 -0.6221 0.1252 49 199 248
0.0029 -0.6173 0.1257 49 197 247
0.0022 -0.6200 0.1243 59 197 255
0.0018 -0.6252 0.1238 58 197 255
0.0030 -0.6231 0.1264 52 199 250
0.0035 -0.6198 0.1269 61 198 255
0.0030 -0.5929 0.1268 50 201 245
0.0025 -0.5931 0.1251 52 202 248
0.0030 -0.5978 0.1258 52 199 249
0.0033 -0.5976 0.1273 49 198 244
0.0035 -0.5927 0.1282 54 202 250
0.0034 -0.6013 0.1271 48 198 244
0.0031 -0.6010 0.1259 54 198 250
0.0030 -0.6035 0.1256 56 198 252
0.0034 -0.6044 0.1267 50 197 247
0.0036 -0.6015 0.1282 54 195 250
0.0044 -0.6345 0.1239 115 189 228
0.0054 -0.6318 0.1241 123 188 237
0.0047 -0.6336 0.1250 113 187 253
0.0037 -0.6367 0.1244 121 188 235
0.0025 -0.6393 0.1242 68 208 223
0.0045 -0.6341 0.1239 61 202 224
0.0065 -0.6275 0.1234 90 199 220
0.0060 -0.6296 0.1247 124 190 241
0.0066 -0.6274 0.1248 124 191 242
0.0059 -0.6296 0.1255 123 190 245
0.0033 -0.6383 0.1245 116 190 229
0.0036 -0.6375 0.1247 122 189 236
0.0024 -0.6404 0.1243 117 180 243
0.0022 -0.6404 0.1242 102 190 223
0.0072 -0.6249 0.1254 124 191 242
0.0075 -0.6235 0.1250 125 193 239
0.0080 -0.6195 0.1268 118 194 252
0.0075 -0.6231 0.1264 124 191 243
0.0066 -0.6259 0.1262 112 189 254
0.0096 -0.5944 0.1251 127 198 244
0.0096 -0.5924 0.1256 128 198 237
0.0093 -0.5968 0.1281 121 196 250
0.0095 -0.5975 0.1262 128 198 240
0.0098 -0.5904 0.1265 128 202 238
0.0092 -0.5880 0.1278 118 219 242
0.0098 -0.5915 0.1280 128 199 242
0.0094 -0.6000 0.1270 127 197 241
0.0092 -0.6006 0.1279 125 197 246
0.0092 -0.6023 0.1265 127 196 242
0.0010 -0.6207 0.1382 66 202 223
0.0008 -0.6235 0.1378 66 203 223
-0.0014 -0.6232 0.1385 86 203 220
-0.0014 -0.6203 0.1391 86 203 220
0.0011 -0.6181 0.1385 65 202 223
0.0031 -0.6187 0.1365 54 201 228
0.0029 -0.6213 0.1363 54 202 228
0.0012 -0.6156 0.1387 65 201 223
-0.0014 -0.6178 0.1395 86 202 220
-0.0014 -0.6153 0.1397 86 201 220
0.0013 -0.6133 0.1389 66 200 223
0.0033 -0.6161 0.1367 54 201 228
0.0083 -0.6192 0.1341 124 195 246
0.0083 -0.6215 0.1336 123 195 247
0.0087 -0.6195 0.1327 121 195 230
0.0087 -0.6170 0.1337 124 196 246
0.0083 -0.6230 0.1332 123 193 246
0.0079 -0.6248 0.1333 124 192 244
0.0078 -0.6252 0.1326 117 193 228
0.0084 -0.6225 0.1328 125 194 237
0.0089 -0.6158 0.1333 126 198 243
0.0090 -0.6166 0.1327 125 198 236
0.0088 -0.6142 0.1326 117 200 227
0.0062 -0.6307 0.1337 121 190 248
0.0056 -0.6334 0.1333 121 189 247
0.0066 -0.6309 0.1325 119 189 231
0.0071 -0.6281 0.1334 120 191 249
0.0051 -0.6353 0.1329 121 187 244
0.0042 -0.6375 0.1331 122 188 241
0.0040 -0.6378 0.1324 111 189 226
0.0054 -0.6347 0.1325 122 188 237
0.0076 -0.6267 0.1331 123 192 246
0.0075 -0.6277 0.1327 124 193 236
0.0024 -0.6277 0.1342 50 206 232
0.0015 -0.6307 0.1341 49 205 233
0.0010 -0.6303 0.1357 52 204 230
0.0018 -0.6272 0.1359 54 205 229
0.0033 -0.6247 0.1343 50 203 232
0.0040 -0.6252 0.1326 62 201 224
0.0028 -0.6283 0.1328 57 205 227
0.0037 -0.6219 0.1344 49 202 233
0.0025 -0.6241 0.1361 54 203 228
0.0039 -0.6192 0.1345 49 201 232
0.0046 -0.6195 0.1327 60 200 225
0.0041 -0.6222 0.1329 52 201 229
0.0042 -0.6166 0.1346 49 202 233
0.0052 -0.6143 0.1327 60 199 225
0.0047 -0.6169 0.1330 52 201 229
0.0040 -0.6015 0.1285 84 194 255
0.0047 -0.6041 0.1281 88 197 255
0.0050 -0.6034 0.1279 103 204 255
0.0045 -0.6011 0.1282 117 196 253
0.0045 -0.5987 0.1290 95 191 255
0.0064 -0.6047 0.1280 88 201 255
0.0064 -0.6051 0.1280 87 200 255
0.0086 -0.6044 0.1279 113 195 255
0.0082 -0.6036 0.1282 90 199 255
0.0065 -0.6040 0.1278 84 208 255
0.0090 -0.6008 0.1283 103 196 255
0.0085 -0.5982 0.1285 94 194 255
0.0087 -0.6006 0.1281 60 198 254
0.0080 -0.6030 0.1279 67 207 255
0.0040 -0.5925 0.1287 79 202 255
0.0045 -0.5960 0.1290 89 204 255
0.0050 -0.5956 0.1286 107 211 255
0.0044 -0.5923 0.1284 115 200 254
0.0048 -0.5888 0.1284 73 210 255
0.0066 -0.5972 0.1290 93 191 255
0.0065 -0.5974 0.1289 92 191 255
0.0087 -0.5958 0.1289 104 194 255
0.0067 -0.5967 0.1288 87 215 255
0.0096 -0.5920 0.1288 115 197 254
0.0091 -0.5883 0.1286 109 211 254
0.0088 -0.5887 0.1286 75 195 255
0.0092 -0.5921 0.1288 70 200 255
0.0085 -0.5955 0.1289 78 205 255
0.0070 -0.5873 0.1284 86 220 253
0.0070 -0.5878 0.1284 86 191 255
0.0075 -0.6227 0.1270 108 194 255
0.0074 -0.6210 0.1273 102 195 255
0.0072 -0.6213 0.1271 66 183 254
0.0072 -0.6226 0.1269 57 199 254
0.0065 -0.6242 0.1267 67 206 255
0.0066 -0.6247 0.1268 97 193 255
0.0059 -0.6207 0.1274 86 200 255
0.0058 -0.6199 0.1272 86 200 255
0.0042 -0.6216 0.1273 77 196 255
0.0059 -0.6211 0.1272 92 173 251
0.0035 -0.6236 0.1270 69 193 255
0.0037 -0.6253 0.1267 78 192 255
0.0042 -0.6249 0.1266 97 202 255
0.0039 -0.6235 0.1269 112 194 255
0.0051 -0.6256 0.1266 88 190 255
0.0048 -0.6260 0.1264 86 190 255
0.0053 -0.6250 0.1266 82 207 255
0.0013 -0.6348 0.1252 68 199 255
0.0011 -0.6371 0.1250 69 196 255
0.0016 -0.6351 0.1251 109 192 255
0.0022 -0.6335 0.1251 98 183 255
0.0022 -0.6331 0.1253 77 194 255
0.0016 -0.6388 0.1248 74 188 255
0.0015 -0.6391 0.1246 83 192 255
0.0026 -0.6390 0.1248 93 189 255
0.0025 -0.6385 0.1248 80 204 255
0.0017 -0.6384 0.1249 91 202 255
0.0004 -0.6373 0.1245 62 204 255
0.0035 -0.6370 0.1250 102 193 255
0.0040 -0.6345 0.1252 87 193 255
0.0037 -0.6347 0.1250 59 194 255
0.0033 -0.6368 0.1249 63 202 255
0.0033 -0.6331 0.1253 84 190 255
0.0034 -0.6327 0.1254 81 187 255
0.0031 -0.6334 0.1251 73 183 255
0.0025 -0.6294 0.1260 67 196 255
0.0027 -0.6313 0.1258 69 192 255
0.0027 -0.6296 0.1259 113 194 254
0.0032 -0.6281 0.1260 107 184 254
0.0031 -0.6276 0.1262 77 193 255
0.0036 -0.6324 0.1257 81 182 255
0.0048 -0.6321 0.1258 99 188 255
0.0038 -0.6321 0.1258 88 205 255
0.0057 -0.6297 0.1260 103 191 255
0.0058 -0.6273 0.1263 89 194 255
0.0054 -0.6279 0.1261 68 189 255
0.0055 -0.6299 0.1259 59 199 255
0.0048 -0.6318 0.1258 72 204 255
0.0046 -0.6267 0.1264 83 193 255
0.0029 -0.6264 0.1262 60 197 255
0.0044 -0.6274 0.1261 86 181 255
0.0012 -0.6394 0.1247 90 195 255
0.0003 -0.6385 0.1248 87 201 255
0.0004 -0.6389 0.1248 73 180 255
0.0010 -0.6396 0.1246 64 188 255
0.0010 -0.6405 0.1244 64 201 255
0.0014 -0.6407 0.1245 88 193 255
-0.0005 -0.6383 0.1248 84 206 255
-0.0006 -0.6378 0.1244 72 220 252
-0.0014 -0.6384 0.1247 84 224 250
-0.0014 -0.6384 0.1248 84 210 255
-0.0004 -0.6387 0.1247 86 180 255
0.0052 -0.6345 0.1322 102 194 222
0.0039 -0.6370 0.1322 90 196 220
0.0048 -0.6345 0.1323 64 203 223
0.0053 -0.6323 0.1323 72 194 221
0.0057 -0.6320 0.1322 93 197 221
0.0043 -0.6313 0.1322 80 205 221
0.0044 -0.6312 0.1323 85 204 221
0.0042 -0.6317 0.1323 84 186 222
0.0025 -0.6322 0.1322 78 199 220
0.0072 -0.6283 0.1323 101 195 222
0.0063 -0.6303 0.1323 85 198 220
0.0067 -0.6284 0.1324 65 202 223
0.0067 -0.6267 0.1325 70 192 222
0.0071 -0.6263 0.1324 92 197 220
0.0047 -0.6312 0.1323 93 173 230
0.0035 -0.6307 0.1323 82 199 220
0.0042 -0.6306 0.1324 95 206 221
0.0051 -0.6309 0.1324 76 219 227
0.0035 -0.6287 0.1323 76 199 221
0.0045 -0.6266 0.1323 82 198 220
0.0049 -0.6270 0.1325 106 187 224
0.0042 -0.6289 0.1324 107 196 223
0.0060 -0.6258 0.1324 85 197 220
0.0060 -0.6253 0.1324 85 197 220
0.0059 -0.6263 0.1325 86 183 223
0.0083 -0.6223 0.1324 105 198 222
0.0076 -0.6244 0.1324 92 198 220
0.0073 -0.6241 0.1325 72 207 222
0.0079 -0.6223 0.1325 67 200 222
0.0077 -0.6205 0.1326 72 191 222
0.0081 -0.6203 0.1324 92 198 220
0.0061 -0.6250 0.1324 87 198 220
0.0048 -0.6243 0.1324 81 199 220
0.0052 -0.6241 0.1325 99 206 222
0.0062 -0.6247 0.1325 85 211 222
0.0046 -0.6223 0.1324 72 199 221
0.0052 -0.6203 0.1324 82 198 220
0.0051 -0.6223 0.1325 107 197 223
0.0067 -0.6196 0.1324 86 195 220
0.0067 -0.6195 0.1324 86 197 220
0.0067 -0.6199 0.1326 85 183 222
0.0056 -0.6205 0.1325 100 188 222
0.0088 -0.6169 0.1324 105 196 222
0.0083 -0.6187 0.1324 92 198 220
0.0080 -0.6184 0.1325 70 208 223
0.0084 -0.6168 0.1326 64 199 223
0.0081 -0.6152 0.1326 68 188 224
0.0084 -0.6151 0.1324 91 196 220
0.0068 -0.6193 0.1324 88 198 220
0.0055 -0.6187 0.1324 81 198 220
0.0059 -0.6185 0.1325 101 208 223
0.0069 -0.6190 0.1325 84 214 223
0.0052 -0.6170 0.1324 73 199 221
0.0058 -0.6152 0.1324 83 197 220
0.0057 -0.6169 0.1326 112 197 224
0.0071 -0.6145 0.1324 86 192 220
0.0071 -0.6143 0.1324 86 199 220
0.0071 -0.6147 0.1326 86 177 226
0.0061 -0.6153 0.1326 108 185 226
0.0075 -0.5964 0.1332 89 186 221
0.0076 -0.5960 0.1331 88 199 219
0.0091 -0.5970 0.1333 90 195 220
0.0084 -0.5974 0.1336 72 187 223
0.0073 -0.5969 0.1335 90 178 225
0.0056 -0.5972 0.1332 86 194 220
0.0092 -0.5990 0.1333 89 197 220
0.0082 -0.6011 0.1334 83 203 220
0.0084 -0.5990 0.1337 63 201 224
0.0067 -0.6019 0.1334 87 211 221
0.0068 -0.6025 0.1333 86 204 220
0.0054 -0.6014 0.1334 87 203 220
0.0067 -0.6014 0.1338 87 217 224
0.0050 -0.5993 0.1333 79 198 220
0.0061 -0.5976 0.1336 108 185 225
0.0056 -0.5993 0.1337 115 195 225
0.0058 -0.6010 0.1338 110 209 224
0.0066 -0.6092 0.1326 86 193 220
0.0066 -0.6090 0.1326 86 199 220
0.0079 -0.6098 0.1325 91 197 220
0.0076 -0.6100 0.1327 68 187 224
0.0066 -0.6095 0.1327 88 178 225
0.0054 -0.6099 0.1326 81 197 220
0.0085 -0.6116 0.1325 104 200 222
0.0082 -0.6134 0.1324 92 201 220
0.0079 -0.6131 0.1326 69 208 223
0.0081 -0.6116 0.1327 62 197 224
0.0070 -0.6140 0.1324 85 203 220
0.0057 -0.6135 0.1325 81 201 220
0.0069 -0.6137 0.1326 85 216 223
0.0051 -0.6117 0.1325 72 198 221
0.0056 -0.6101 0.1328 110 188 225
0.0054 -0.6117 0.1327 114 201 225
0.0059 -0.6132 0.1326 104 211 224
0.0068 -0.6029 0.1332 86 200 220
0.0080 -0.6036 0.1331 90 200 220
0.0075 -0.6039 0.1332 74 194 221
0.0067 -0.6034 0.1333 89 189 221
0.0055 -0.6038 0.1331 80 200 220
0.0083 -0.6057 0.1329 101 201 221
0.0078 -0.6079 0.1326 92 202 220
0.0074 -0.6076 0.1328 71 208 222
0.0078 -0.6057 0.1330 67 201 222
0.0066 -0.6087 0.1326 86 202 220
0.0054 -0.6080 0.1327 78 202 220
0.0065 -0.6083 0.1328 86 214 222
0.0050 -0.6059 0.1329 72 202 221
0.0058 -0.6042 0.1332 106 193 222
0.0054 -0.6060 0.1330 113 200 224
0.0056 -0.6077 0.1328 104 210 223
0.0066 -0.6040 0.1336 92 181 223
0.0072 -0.6043 0.1336 64 189 225
0.0065 -0.6046 0.1341 94 179 225
0.0059 -0.6046 0.1336 117 188 229
0.0074 -0.6057 0.1335 54 200 228
0.0071 -0.6072 0.1333 61 211 227
0.0069 -0.6068 0.1340 57 210 229
0.0070 -0.6057 0.1341 52 199 230
0.0069 -0.6048 0.1341 59 189 227
0.0064 -0.6077 0.1333 86 220 226
0.0058 -0.6073 0.1333 116 212 229
0.0064 -0.6071 0.1340 86 221 227
0.0056 -0.6060 0.1335 124 197 232
0.0060 -0.6050 0.1341 121 188 232
0.0058 -0.6059 0.1341 126 196 235
0.0059 -0.6068 0.1340 120 210 232
0.0065 -0.6098 0.1333 88 171 231
0.0073 -0.6102 0.1332 60 182 230
0.0071 -0.6104 0.1339 58 181 232
0.0065 -0.6101 0.1340 88 171 232
0.0058 -0.6103 0.1333 118 184 232
0.0077 -0.6115 0.1332 52 196 229
0.0076 -0.6128 0.1332 60 210 227
0.0072 -0.6124 0.1339 57 210 229
0.0073 -0.6114 0.1339 51 195 231
0.0068 -0.6132 0.1332 85 221 227
0.0060 -0.6128 0.1332 113 214 229
0.0067 -0.6127 0.1339 87 222 227
0.0057 -0.6116 0.1332 123 201 232
0.0059 -0.6114 0.1339 125 200 234
0.0062 -0.6124 0.1339 117 213 231
0.0073 -0.5974 0.1342 89 174 228
0.0080 -0.5977 0.1342 60 185 228
0.0074 -0.5978 0.1350 88 173 229
0.0065 -0.5979 0.1342 113 183 228
0.0080 -0.5989 0.1343 53 204 230
0.0074 -0.6002 0.1344 60 213 229
0.0073 -0.5998 0.1351 57 213 231
0.0077 -0.5989 0.1351 51 206 233
0.0078 -0.5981 0.1350 54 188 231
0.0067 -0.6008 0.1344 85 220 226
0.0061 -0.6005 0.1344 114 210 227
0.0068 -0.6002 0.1351 83 221 227
0.0077 -0.6007 0.1338 67 210 224
0.0060 -0.5992 0.1343 121 194 229
0.0068 -0.5982 0.1350 115 182 230
0.0065 -0.5991 0.1351 122 193 230
0.0065 -0.6000 0.1351 117 207 228
0.0007 -0.6444 0.1330 49 192 232
0.0009 -0.6443 0.1326 52 192 229
0.0007 -0.6456 0.1330 56 211 229
0.0004 -0.6454 0.1336 55 211 230
0.0004 -0.6445 0.1336 48 194 232
0.0002 -0.6438 0.1336 64 177 230
0.0003 -0.6434 0.1330 66 177 229
0.0079 -0.6168 0.1331 56 199 227
0.0076 -0.6181 0.1331 63 211 226
0.0071 -0.6177 0.1338 61 211 227
0.0073 -0.6167 0.1338 55 199 227
0.0077 -0.6154 0.1331 61 185 227
0.0068 -0.6186 0.1330 86 221 227
0.0061 -0.6181 0.1330 115 213 231
0.0066 -0.6180 0.1337 89 222 228
0.0059 -0.6168 0.1331 125 197 235
0.0062 -0.6155 0.1331 118 181 235
0.0062 -0.6157 0.1338 120 183 237
0.0060 -0.6167 0.1338 126 197 237
0.0061 -0.6177 0.1338 121 210 234
0.0070 -0.6150 0.1331 87 171 231
0.0072 -0.6157 0.1338 60 184 228
0.0067 -0.6153 0.1338 91 171 232
0.0073 -0.6223 0.1330 58 201 226
0.0069 -0.6236 0.1330 65 210 225
0.0065 -0.6229 0.1337 63 210 225
0.0067 -0.6223 0.1337 56 201 227
0.0067 -0.6216 0.1337 62 190 225
0.0072 -0.6210 0.1330 64 189 224
0.0062 -0.6240 0.1330 86 215 224
0.0055 -0.6236 0.1330 111 208 226
0.0061 -0.6231 0.1337 87 216 224
0.0054 -0.6223 0.1330 120 195 230
0.0058 -0.6210 0.1330 110 184 227
0.0059 -0.6216 0.1337 115 185 229
0.0057 -0.6223 0.1337 122 194 232
0.0058 -0.6229 0.1337 116 207 228
0.0066 -0.6206 0.1330 86 180 224
0.0063 -0.6214 0.1337 88 179 224
0.0063 -0.6281 0.1329 55 202 227
0.0059 -0.6295 0.1329 63 209 225
0.0056 -0.6287 0.1336 60 208 226
0.0059 -0.6277 0.1336 53 201 229
0.0063 -0.6268 0.1329 58 185 228
0.0051 -0.6302 0.1329 81 214 223
0.0045 -0.6299 0.1329 109 207 225
0.0051 -0.6292 0.1335 81 214 223
0.0061 -0.6302 0.1324 66 209 224
0.0045 -0.6286 0.1329 124 194 235
0.0049 -0.6271 0.1329 119 181 239
0.0046 -0.6280 0.1336 124 192 241
0.0046 -0.6290 0.1336 120 205 231
0.0057 -0.6265 0.1329 90 169 235
0.0059 -0.6268 0.1336 58 181 231
0.0055 -0.6266 0.1336 95 169 239
0.0044 -0.6345 0.1328 55 206 228
0.0036 -0.6361 0.1328 66 212 225
0.0033 -0.6352 0.1336 68 214 226
0.0038 -0.6344 0.1336 55 207 229
0.0041 -0.6335 0.1336 57 196 226
0.0047 -0.6328 0.1328 61 192 225
0.0030 -0.6363 0.1329 94 213 223
0.0029 -0.6372 0.1323 84 210 222
0.0024 -0.6362 0.1324 100 202 222
0.0027 -0.6356 0.1328 118 203 230
0.0030 -0.6352 0.1336 107 212 226
0.0038 -0.6367 0.1323 70 208 223
0.0027 -0.6342 0.1328 120 192 232
0.0023 -0.6343 0.1324 103 195 222
0.0031 -0.6329 0.1328 109 183 227
0.0033 -0.6333 0.1335 110 181 230
0.0029 -0.6339 0.1335 120 185 236
0.0028 -0.6347 0.1335 123 198 235
0.0040 -0.6323 0.1328 85 179 224
0.0038 -0.6332 0.1335 83 179 225
0.0029 -0.6324 0.1323 97 189 222
0.0008 -0.6394 0.1240 46 189 241
0.0004 -0.6389 0.1241 64 172 238
0.0008 -0.6391 0.1232 46 189 239
0.0007 -0.6399 0.1232 47 206 245
0.0008 -0.6402 0.1239 49 206 247
-0.0002 -0.6388 0.1241 95 169 244
-0.0007 -0.6393 0.1240 109 182 252
-0.0002 -0.6394 0.1232 116 184 249
0.0001 -0.6388 0.1232 105 172 241
-0.0010 -0.6404 0.1238 113 195 254
-0.0014 -0.6405 0.1242 84 195 255
-0.0008 -0.6413 0.1238 93 214 255
-0.0004 -0.6408 0.1231 97 217 254
-0.0005 -0.6402 0.1231 118 194 251
0.0000 -0.6411 0.1238 64 218 250
0.0000 -0.6415 0.1243 70 213 255
0.0001 -0.6406 0.1231 59 218 248
0.0029 -0.6297 0.1252 124 196 244
0.0029 -0.6312 0.1258 102 202 255
0.0031 -0.6310 0.1251 120 210 245
0.0030 -0.6297 0.1242 125 197 243
0.0033 -0.6287 0.1244 118 181 244
0.0032 -0.6284 0.1253 116 180 245
0.0038 -0.6318 0.1251 95 225 248
0.0046 -0.6315 0.1251 58 217 248
0.0044 -0.6312 0.1240 59 218 247
0.0038 -0.6314 0.1240 97 225 246
0.0052 -0.6299 0.1252 48 201 247
0.0051 -0.6283 0.1254 56 184 250
0.0048 -0.6286 0.1244 54 183 248
0.0048 -0.6299 0.1242 47 201 246
0.0042 -0.6279 0.1254 88 171 249
0.0041 -0.6282 0.1245 89 170 247
0.0017 -0.6353 0.1244 122 190 245
0.0013 -0.6371 0.1250 104 197 255
0.0015 -0.6370 0.1244 124 198 244
0.0019 -0.6354 0.1235 122 189 244
0.0024 -0.6343 0.1236 107 176 248
0.0023 -0.6339 0.1245 105 176 250
0.0017 -0.6380 0.1243 109 218 248
0.0023 -0.6380 0.1243 67 219 251
0.0022 -0.6376 0.1233 65 221 248
0.0017 -0.6376 0.1233 112 218 246
0.0030 -0.6367 0.1243 49 206 248
0.0034 -0.6349 0.1244 48 196 248
0.0031 -0.6352 0.1235 47 198 246
0.0027 -0.6366 0.1234 49 207 246
0.0030 -0.6339 0.1245 65 177 251
0.0029 -0.6344 0.1236 61 178 249
0.0069 -0.6219 0.1258 50 201 248
0.0067 -0.6210 0.1258 59 176 240
0.0064 -0.6209 0.1242 48 192 245
0.0062 -0.6216 0.1247 63 214 252
0.0064 -0.6230 0.1258 62 211 254
0.0057 -0.6209 0.1258 93 170 234
0.0045 -0.6215 0.1258 116 180 235
0.0044 -0.6206 0.1238 109 175 234
0.0053 -0.6202 0.1237 93 170 234
0.0061 -0.6203 0.1238 74 170 236
0.0041 -0.6227 0.1258 125 197 244
0.0044 -0.6237 0.1258 107 211 255
0.0046 -0.6221 0.1246 102 217 253
0.0043 -0.6214 0.1242 125 193 239
0.0045 -0.6219 0.1272 109 182 252
0.0054 -0.6237 0.1258 78 214 255
0.0054 -0.6221 0.1248 77 215 255
0.0048 -0.5921 0.1277 124 199 248
0.0054 -0.5948 0.1277 115 212 251
0.0057 -0.5939 0.1266 118 210 250
0.0052 -0.5919 0.1268 125 199 247
0.0055 -0.5899 0.1270 120 187 249
0.0053 -0.5894 0.1278 116 185 251
0.0068 -0.5958 0.1278 86 221 253
0.0082 -0.5948 0.1279 59 212 250
0.0068 -0.5946 0.1265 87 221 253
0.0087 -0.5921 0.1280 54 198 249
0.0083 -0.5893 0.1279 64 189 254
0.0077 -0.5899 0.1270 62 187 253
0.0081 -0.5920 0.1268 53 196 248
0.0078 -0.5940 0.1266 57 211 249
0.0068 -0.5885 0.1278 89 179 255
0.0051 -0.5890 0.1283 103 190 255
0.0066 -0.5893 0.1271 92 178 253
0.0049 -0.6003 0.1274 123 197 248
0.0054 -0.6020 0.1272 109 207 255
0.0057 -0.6003 0.1263 112 207 254
0.0054 -0.5993 0.1264 125 196 246
0.0053 -0.5985 0.1277 119 180 243
0.0049 -0.5987 0.1286 115 181 248
0.0066 -0.6025 0.1271 85 211 255
0.0077 -0.6018 0.1272 64 208 255
0.0066 -0.6006 0.1262 87 212 255
0.0082 -0.6000 0.1273 53 198 249
0.0083 -0.5983 0.1283 68 181 252
0.0078 -0.5983 0.1274 61 179 246
0.0076 -0.5993 0.1263 52 194 248
0.0074 -0.6003 0.1262 62 207 254
0.0065 -0.5979 0.1276 90 169 242
0.0066 -0.5977 0.1285 90 170 245
0.0056 -0.5984 0.1265 117 178 242
0.0064 -0.5980 0.1265 89 169 242
0.0072 -0.5983 0.1263 64 176 246
0.0052 -0.6322 0.1252 47 205 243
0.0059 -0.6303 0.1268 47 204 244
0.0029 -0.6388 0.1251 49 210 245
0.0034 -0.6385 0.1263 49 208 247
0.0009 -0.6334 0.1341 47 203 234
0.0005 -0.6331 0.1356 50 202 231
0.0021 -0.6313 0.1325 61 204 225
0.0012 -0.6338 0.1328 52 203 229
0.0005 -0.6359 0.1341 46 201 235
0.0002 -0.6358 0.1354 49 201 232
0.0003 -0.6386 0.1340 45 201 237
0.0000 -0.6409 0.1338 46 206 236
-0.0001 -0.6405 0.1347 48 204 233
0.0001 -0.6387 0.1351 49 202 232
0.0009 -0.6365 0.1327 56 199 226
0.0004 -0.6388 0.1328 48 203 233
0.0017 -0.6342 0.1323 72 200 221
0.0018 -0.6362 0.1323 78 196 221
0.0027 -0.6374 0.1323 77 184 223
0.0025 -0.6373 0.1324 75 190 222
0.0010 -0.6441 0.1324 75 194 221
0.0011 -0.6438 0.1324 82 197 220
0.0017 -0.6459 0.1326 112 179 234
0.0012 -0.6459 0.1324 87 191 221
0.0003 -0.6430 0.1326 68 183 225
0.0002 -0.6425 0.1324 85 198 220
0.0002 -0.6414 0.1326 59 204 226
0.0024 -0.6375 0.1324 79 188 221
0.0012 -0.6376 0.1325 76 197 221
0.0035 -0.6385 0.1324 83 192 221
0.0024 -0.6379 0.1326 76 183 223
0.0014 -0.6380 0.1326 94 188 222
0.0012 -0.6435 0.1324 86 199 220
0.0020 -0.6446 0.1324 87 195 221
0.0006 -0.6413 0.1324 84 198 220
0.0014 -0.6430 0.1325 102 204 223
0.0020 -0.6439 0.1326 82 205 221
0.0006 -0.6391 0.1325 70 200 222
0.0009 -0.6394 0.1326 106 195 224
0.0013 -0.6396 0.1330 115 194 228
0.0013 -0.6410 0.1330 116 200 228
0.0016 -0.6385 0.1331 102 182 225
0.0019 -0.6390 0.1337 102 182 226
0.0017 -0.6397 0.1336 116 194 228
0.0016 -0.6407 0.1336 117 199 229
0.0016 -0.6423 0.1330 111 206 227
0.0020 -0.6430 0.1330 83 211 222
0.0009 -0.6413 0.1325 107 200 224
0.0018 -0.6415 0.1336 115 204 229
0.0020 -0.6419 0.1336 85 211 223
0.0024 -0.6384 0.1330 75 179 225
0.0034 -0.6386 0.1326 59 190 226
0.0030 -0.6390 0.1330 58 190 226
0.0023 -0.6391 0.1336 70 181 225
0.0093 -0.5678 0.1552 84 217 223
0.0131 -0.5690 0.1547 105 211 222
0.0076 -0.5717 0.1525 84 218 223
0.0058 -0.5689 0.1562 59 216 232
0.0078 -0.5639 0.1596 61 215 230
0.0112 -0.5629 0.1585 84 217 223
0.0148 -0.5731 0.1550 120 202 226
0.0151 -0.5775 0.1557 126 195 231
0.0126 -0.5777 0.1520 120 200 226
0.0170 -0.5673 0.1587 122 203 227
0.0175 -0.5713 0.1598 128 195 233
0.0164 -0.5647 0.1705 109 186 254
0.0141 -0.5643 0.1712 83 188 255
0.0114 -0.5753 0.1651 83 184 255
0.0137 -0.5758 0.1640 108 181 252
0.0157 -0.5750 0.1623 119 184 248
0.0183 -0.5638 0.1689 120 187 249
0.0192 -0.5498 0.1763 107 191 255
0.0169 -0.5497 0.1765 82 193 255
0.0197 -0.5629 0.1674 127 190 244
0.0170 -0.5737 0.1609 127 188 241
0.0201 -0.5615 0.1658 130 196 235
0.0222 -0.5486 0.1735 128 193 245
0.0210 -0.5489 0.1751 120 191 251
0.0192 -0.5594 0.1642 123 204 227
0.0150 -0.5639 0.1582 106 212 223
0.0170 -0.5573 0.1630 108 211 222
0.0213 -0.5481 0.1694 123 203 226
0.0224 -0.5484 0.1716 131 197 235
0.0135 -0.5562 0.1629 90 214 221
0.0103 -0.5560 0.1639 68 214 225
0.0158 -0.5460 0.1672 94 208 219
0.0190 -0.5474 0.1677 109 206 221
0.0116 -0.5616 0.1701 63 195 253
0.0096 -0.5584 0.1681 55 199 248
0.0076 -0.5694 0.1631 56 197 249
0.0092 -0.5728 0.1646 63 192 253
0.0140 -0.5472 0.1751 66 197 254
0.0091 -0.5566 0.1658 52 207 238
0.0103 -0.5560 0.1639 68 214 225
0.0078 -0.5639 0.1596 61 215 230
0.0068 -0.5663 0.1613 52 205 243
0.0117 -0.5445 0.1727 56 201 247
0.0114 -0.5439 0.1701 54 206 233
0.0129 -0.5447 0.1680 73 209 222
0.0137 -0.5288 0.1731 55 205 233
0.0151 -0.5296 0.1710 73 207 221
0.0139 -0.5292 0.1757 57 201 247
0.0153 -0.5088 0.1767 56 204 233
0.0165 -0.5089 0.1748 73 207 221
0.0162 -0.5311 0.1779 69 198 254
0.0191 -0.5328 0.1792 84 197 255
0.0198 -0.5110 0.1818 86 197 255
0.0174 -0.5103 0.1808 72 197 254
0.0178 -0.5308 0.1703 95 206 218
0.0208 -0.5319 0.1709 111 204 220
0.0129 -0.5447 0.1680 73 209 222
0.0151 -0.5296 0.1710 73 207 221
0.0188 -0.5096 0.1742 97 207 218
0.0215 -0.5102 0.1748 113 206 220
0.0230 -0.5321 0.1726 124 202 225
0.0242 -0.5320 0.1748 132 199 234
0.0234 -0.5105 0.1763 125 205 225
0.0240 -0.5319 0.1767 130 197 245
0.0228 -0.5320 0.1782 121 196 252
0.0243 -0.5103 0.1781 134 203 234
0.0240 -0.5096 0.1799 131 200 246
0.0213 -0.5327 0.1792 106 195 255
0.0216 -0.5101 0.1820 105 197 255
0.0033 -0.6074 0.1264 50 200 247
0.0029 -0.6060 0.1255 58 199 253
0.0028 -0.6084 0.1254 58 198 254
0.0031 -0.6105 0.1263 49 199 246
0.0034 -0.6089 0.1273 55 199 251
0.0041 -0.6054 0.1278 65 197 255
0.0030 -0.6136 0.1260 48 198 246
0.0027 -0.6111 0.1252 57 197 253
0.0025 -0.6147 0.1249 58 197 254
0.0032 -0.6158 0.1269 52 198 250
0.0033 -0.6127 0.1272 60 198 255
0.0084 -0.6128 0.1242 99 199 221
0.0091 -0.6070 0.1251 127 197 237
0.0089 -0.6122 0.1256 126 196 238
0.0081 -0.6182 0.1244 123 195 233
0.0080 -0.6198 0.1251 125 194 237
0.0086 -0.6159 0.1261 126 195 240
0.0087 -0.6139 0.1267 123 197 248
0.0089 -0.6106 0.1266 124 196 247
0.0081 -0.6118 0.1273 103 197 255
0.0083 -0.6151 0.1271 116 197 253
0.0091 -0.6063 0.1264 126 197 244
0.0087 -0.6077 0.1274 123 196 248
0.0065 -0.6055 0.1281 89 194 255
0.0081 -0.6059 0.1280 86 192 255
0.0048 -0.6068 0.1280 85 194 255
0.0066 -0.6059 0.1278 94 175 251
0.0039 -0.6094 0.1277 78 194 255
0.0042 -0.6117 0.1274 87 199 255
0.0046 -0.6114 0.1271 107 210 255
0.0044 -0.6094 0.1275 116 193 253
0.0084 -0.6082 0.1278 96 191 255
0.0076 -0.6108 0.1275 80 202 255
0.0079 -0.6061 0.1276 64 181 251
0.0081 -0.6081 0.1274 53 199 251
0.0074 -0.6105 0.1272 57 210 251
0.0058 -0.6121 0.1274 86 206 255
0.0057 -0.6124 0.1274 85 202 255
0.0059 -0.6116 0.1270 78 221 252
0.0036 -0.6165 0.1273 71 195 255
0.0041 -0.6139 0.1274 87 196 255
0.0042 -0.6187 0.1273 79 196 255
0.0046 -0.6176 0.1271 94 203 255
0.0041 -0.6157 0.1272 111 198 255
0.0058 -0.6127 0.1275 99 183 255
0.0059 -0.6125 0.1273 93 176 227
0.0072 -0.6128 0.1273 59 179 233
0.0074 -0.6131 0.1275 79 194 255
0.0065 -0.6061 0.1269 98 170 243
0.0074 -0.6063 0.1266 61 179 247
0.0051 -0.6071 0.1278 110 185 253
0.0053 -0.6071 0.1269 120 182 242
0.0062 -0.6063 0.1256 97 170 242
0.0047 -0.6091 0.1265 125 194 244
0.0049 -0.6108 0.1261 116 215 247
0.0050 -0.6102 0.1247 119 214 245
0.0050 -0.6087 0.1251 126 194 242
0.0054 -0.6071 0.1256 121 183 241
0.0076 -0.6081 0.1263 50 199 248
0.0070 -0.6101 0.1261 54 212 247
0.0069 -0.6065 0.1253 58 181 247
0.0070 -0.6081 0.1249 50 200 247
0.0059 -0.6111 0.1260 79 225 248
0.0066 -0.6098 0.1246 54 212 247
0.0058 -0.6106 0.1245 82 226 247
0.0059 -0.6155 0.1262 81 210 255
0.0049 -0.6153 0.1262 105 207 255
0.0059 -0.6180 0.1271 84 204 255
0.0072 -0.6170 0.1272 73 203 255
0.0068 -0.6148 0.1262 62 206 255
0.0058 -0.6125 0.1247 80 211 255
0.0045 -0.6140 0.1262 124 198 246
0.0048 -0.6124 0.1263 119 185 232
0.0045 -0.6136 0.1272 120 182 242
0.0051 -0.6125 0.1248 111 207 255
0.0049 -0.6117 0.1249 126 195 241
0.0072 -0.6132 0.1263 49 197 246
0.0076 -0.6148 0.1273 58 197 254
0.0068 -0.6118 0.1264 59 180 232
0.0066 -0.6112 0.1250 48 192 242
0.0065 -0.6121 0.1248 57 204 252
0.0058 -0.6117 0.1264 95 178 226
0.0051 -0.6109 0.1251 114 183 229
0.0057 -0.6104 0.1252 94 178 226
0.0064 -0.6105 0.1252 68 178 229
0.0058 -0.6192 0.1273 88 196 255
0.0074 -0.6180 0.1273 94 196 255
0.0080 -0.6154 0.1274 97 197 255
0.0065 -0.5976 0.1289 94 185 255
0.0075 -0.5958 0.1331 86 214 222
0.0096 -0.5948 0.1335 88 211 221
0.0053 -0.5949 0.1335 85 213 222
0.0073 -0.5955 0.1337 89 227 233
0.0090 -0.5947 0.1341 68 220 229
0.0046 -0.5921 0.1347 79 209 221
0.0053 -0.5894 0.1360 80 215 223
0.0059 -0.5902 0.1362 108 196 222
0.0052 -0.5924 0.1351 119 206 228
0.0057 -0.5948 0.1341 112 219 231
0.0077 -0.5886 0.1362 88 217 223
0.0100 -0.5896 0.1357 98 213 223
0.0093 -0.5903 0.1359 68 199 222
0.0076 -0.5895 0.1364 85 191 220
0.0106 -0.5922 0.1346 99 207 221
0.0097 -0.5925 0.1350 62 209 226
0.0087 -0.5931 0.1362 55 206 230
0.0084 -0.5916 0.1369 62 194 225
0.0083 -0.5946 0.1356 63 220 233
0.0075 -0.5944 0.1376 61 219 233
0.0077 -0.5938 0.1379 53 204 230
0.0075 -0.5931 0.1382 61 193 225
0.0074 -0.5910 0.1372 85 185 222
0.0062 -0.5915 0.1370 115 189 226
0.0070 -0.5929 0.1383 87 183 222
0.0058 -0.5930 0.1363 125 203 233
0.0061 -0.5946 0.1356 116 218 234
0.0065 -0.5931 0.1382 118 190 227
0.0064 -0.5937 0.1379 126 204 234
0.0066 -0.5944 0.1376 118 218 235
0.0072 -0.5951 0.1354 89 228 235
0.0071 -0.5946 0.1375 88 228 235
0.0061 -0.5788 0.1244 81 193 255
0.0053 -0.5733 0.1255 88 194 255
0.0024 -0.5758 0.1255 103 196 255
0.0034 -0.5796 0.1244 102 193 255
0.0036 -0.5831 0.1235 98 191 255
0.0059 -0.5838 0.1233 81 194 255
0.0041 -0.5863 0.1228 80 203 255
0.0026 -0.5858 0.1228 102 193 255
0.0022 -0.5887 0.1230 71 207 255
0.0030 -0.5889 0.1242 59 213 249
0.0022 -0.6009 0.1251 73 198 255
0.0021 -0.5978 0.1250 71 201 255
0.0011 -0.6007 0.1251 103 198 255
0.0010 -0.6030 0.1250 103 198 255
0.0021 -0.6032 0.1250 75 198 255
0.0018 -0.5931 0.1240 66 205 255
0.0014 -0.5888 0.1228 105 199 255
0.0010 -0.5932 0.1239 103 205 255
0.0011 -0.5976 0.1249 104 202 255
0.0015 -0.6163 0.1243 83 195 255
0.0018 -0.6124 0.1247 82 195 255
0.0009 -0.6106 0.1251 106 195 255
0.0007 -0.6126 0.1249 105 194 255
0.0012 -0.6199 0.1239 72 195 255
0.0019 -0.6096 0.1250 82 196 255
0.0019 -0.6074 0.1251 82 198 255
0.0009 -0.6087 0.1252 107 197 255
0.0020 -0.6053 0.1250 79 199 255
0.0009 -0.6050 0.1251 105 199 255
0.0009 -0.6068 0.1252 107 199 255
0.0003 -0.6042 0.1259 125 198 245
0.0002 -0.6060 0.1260 126 199 245
0.0003 -0.6023 0.1258 125 197 246
0.0004 -0.6035 0.1273 124 198 232
0.0004 -0.6054 0.1273 124 199 232
0.0003 -0.6079 0.1259 126 199 245
0.0003 -0.6095 0.1258 125 197 245
0.0005 -0.6073 0.1272 123 200 231
0.0005 -0.6092 0.1271 123 199 231
0.0002 -0.6110 0.1256 125 196 246
0.0001 -0.6125 0.1254 124 195 247
0.0004 -0.6110 0.1268 124 198 232
0.0004 -0.5934 0.1249 126 200 245
0.0004 -0.5972 0.1258 126 200 245
0.0006 -0.5896 0.1239 127 196 245
0.0006 -0.5905 0.1258 126 193 234
0.0004 -0.5937 0.1266 126 196 233
0.0004 -0.6001 0.1260 125 198 246
0.0004 -0.5994 0.1274 125 199 233
0.0004 -0.6015 0.1273 125 199 233
0.0015 -0.5867 0.1235 125 190 246
0.0023 -0.5841 0.1239 122 190 249
0.0019 -0.5857 0.1251 127 193 236
0.0012 -0.5881 0.1252 126 191 234
0.0024 -0.5810 0.1249 123 196 249
0.0017 -0.5779 0.1259 118 203 253
0.0020 -0.5796 0.1270 124 207 248
0.0023 -0.5826 0.1258 129 199 240
0.0026 -0.5839 0.1278 128 203 239
0.0027 -0.5866 0.1277 128 197 235
0.0020 -0.5818 0.1282 124 210 245
0.0018 -0.5835 0.1318 117 216 248
0.0026 -0.5851 0.1320 124 210 246
0.0024 -0.5887 0.1278 125 193 232
0.0020 -0.5909 0.1282 123 194 230
0.0033 -0.5873 0.1323 127 202 245
0.0034 -0.5891 0.1316 124 189 246
0.0017 -0.5991 0.1291 120 199 228
0.0018 -0.6012 0.1291 120 200 228
0.0004 -0.5969 0.1273 126 198 233
0.0017 -0.5968 0.1291 121 197 229
0.0027 -0.5968 0.1307 128 198 240
0.0027 -0.5991 0.1307 127 200 240
0.0029 -0.6011 0.1307 127 201 239
0.0018 -0.5938 0.1287 122 195 229
0.0031 -0.5910 0.1303 128 198 238
0.0028 -0.5939 0.1306 128 196 240
0.0018 -0.6125 0.1287 119 198 228
0.0013 -0.6158 0.1282 120 197 229
0.0003 -0.6132 0.1265 124 197 233
0.0021 -0.6096 0.1290 119 199 228
0.0033 -0.6103 0.1307 127 197 239
0.0029 -0.6142 0.1305 126 196 237
0.0020 -0.6072 0.1291 118 199 227
0.0019 -0.6051 0.1291 118 199 227
0.0032 -0.6051 0.1307 127 200 239
0.0034 -0.6074 0.1308 127 199 239
0.0018 -0.6031 0.1291 119 199 227
0.0031 -0.6031 0.1307 127 200 239
0.0008 -0.5813 0.1289 107 219 251
0.0007 -0.5800 0.1281 106 212 255
-0.0002 -0.5804 0.1286 98 216 255
-0.0004 -0.5812 0.1294 91 220 253
0.0008 -0.5833 0.1325 107 218 252
0.0015 -0.5852 0.1332 108 210 255
0.0002 -0.5849 0.1336 71 204 255
0.0007 -0.5872 0.1340 75 192 255
0.0023 -0.5873 0.1337 108 194 255
0.0025 -0.5891 0.1320 99 183 255
0.0008 -0.5891 0.1321 81 186 255
0.0023 -0.5912 0.1317 111 197 255
0.0021 -0.5991 0.1316 108 199 255
0.0020 -0.5968 0.1316 109 198 255
0.0007 -0.5991 0.1318 82 197 255
0.0009 -0.6012 0.1317 82 197 255
0.0023 -0.6011 0.1315 108 199 255
0.0021 -0.5940 0.1317 110 198 255
0.0007 -0.5914 0.1320 83 199 255
0.0006 -0.5942 0.1320 83 199 255
0.0029 -0.6073 0.1315 105 199 255
0.0027 -0.6051 0.1315 107 199 255
0.0015 -0.6073 0.1314 79 197 255
0.0015 -0.6103 0.1313 78 197 255
0.0029 -0.6104 0.1314 105 196 255
0.0025 -0.6031 0.1315 107 200 255
0.0012 -0.6031 0.1316 81 197 255
0.0014 -0.6051 0.1315 80 197 255
0.0157 -0.4811 0.1830 58 203 232
0.0165 -0.4811 0.1815 76 208 221
0.0155 -0.5092 0.1790 59 199 246
0.0157 -0.4814 0.1848 60 199 244
0.0155 -0.4565 0.1891 62 205 230
0.0162 -0.4563 0.1884 82 210 219
0.0169 -0.4819 0.1860 72 197 253
0.0184 -0.4814 0.1869 87 196 255
0.0170 -0.4618 0.1905 87 196 255
0.0160 -0.4566 0.1911 71 197 251
0.0182 -0.4815 0.1812 101 209 218
0.0201 -0.4819 0.1818 117 209 220
0.0165 -0.5089 0.1748 73 207 221
0.0165 -0.4811 0.1815 76 208 221
0.0173 -0.4570 0.1881 110 211 218
0.0187 -0.4638 0.1867 120 210 221
0.0215 -0.4820 0.1830 128 208 225
0.0221 -0.4812 0.1845 137 205 236
0.0189 -0.4572 0.1893 132 209 226
0.0198 -0.4619 0.1889 138 206 236
0.0215 -0.4785 0.1862 131 201 248
0.0204 -0.4768 0.1873 119 198 254
0.0230 -0.5092 0.1813 121 198 253
0.0185 -0.4528 0.1914 136 204 245
0.0195 -0.4787 0.1875 105 197 255
0.0169 -0.4524 0.1924 103 197 255
0.0172 -0.4465 0.1918 136 215 235
0.0162 -0.4563 0.1884 82 210 219
0.0162 -0.4444 0.1922 110 226 226
0.0033 -0.6424 0.1281 46 207 239
0.0034 -0.6422 0.1293 46 207 240
0.0039 -0.6404 0.1283 46 205 239
0.0039 -0.6406 0.1275 59 205 226
0.0034 -0.6426 0.1272 61 207 225
0.0028 -0.6440 0.1280 46 207 239
0.0022 -0.6450 0.1314 48 210 238
0.0014 -0.6463 0.1317 58 219 236
0.0015 -0.6456 0.1336 60 217 231
0.0023 -0.6444 0.1333 49 209 234
0.0028 -0.6435 0.1312 46 207 239
0.0028 -0.6438 0.1294 46 207 239
0.0033 -0.6420 0.1311 46 207 239
0.0028 -0.6430 0.1332 47 207 236
0.0033 -0.6415 0.1330 47 206 236
0.0040 -0.6401 0.1293 46 206 239
0.0023 -0.6439 0.1337 81 194 221
0.0015 -0.6453 0.1339 78 189 221
0.0015 -0.6452 0.1336 112 178 247
0.0023 -0.6436 0.1335 122 187 241
0.0028 -0.6422 0.1337 78 200 221
0.0034 -0.6404 0.1337 59 203 225
0.0035 -0.6396 0.1337 118 192 230
0.0035 -0.6396 0.1332 122 190 244
0.0029 -0.6416 0.1336 122 190 236
0.0030 -0.6417 0.1331 121 190 246
0.0036 -0.6400 0.1327 124 192 242
0.0024 -0.6438 0.1331 118 188 249
0.0016 -0.6456 0.1331 108 181 252
0.0025 -0.6441 0.1327 121 187 244
0.0030 -0.6421 0.1327 122 190 243
0.0036 -0.6401 0.1324 100 196 222
0.0031 -0.6419 0.1324 99 194 222
0.0030 -0.6415 0.1326 56 203 227
0.0034 -0.6400 0.1326 54 200 227
0.0026 -0.6438 0.1324 106 194 224
0.0025 -0.6431 0.1326 61 205 225
0.0030 -0.6400 0.1330 53 200 228
0.0027 -0.6412 0.1330 53 203 228
0.0023 -0.6408 0.1336 53 203 229
0.0025 -0.6401 0.1336 53 201 228
0.0025 -0.6395 0.1336 56 194 227
0.0024 -0.6424 0.1330 56 206 227
0.0022 -0.6416 0.1336 54 205 228
0.0436 -0.5738 -0.2019 109 213 254
0.0448 -0.5745 -0.2029 125 207 246
0.0445 -0.5730 -0.2039 105 209 222
0.0435 -0.5724 -0.2030 99 226 231
0.0421 -0.5734 -0.2018 92 215 255
0.0420 -0.5750 -0.2010 89 206 255
0.0436 -0.5754 -0.2012 107 205 255
0.0760 -0.5705 -0.2015 104 217 253
0.0774 -0.5707 -0.2026 121 214 246
0.0756 -0.5692 -0.2026 89 225 229
0.0743 -0.5694 -0.2022 81 225 230
0.0744 -0.5707 -0.2012 88 215 255
0.0764 -0.5720 -0.2007 106 209 255
0.0730 -0.5710 -0.2013 70 213 253
0.0731 -0.5697 -0.2023 80 225 230
0.0722 -0.5703 -0.2032 73 198 221
0.0720 -0.5717 -0.2023 53 207 245
0.0730 -0.5726 -0.2005 71 205 255
0.0746 -0.5722 -0.2004 90 207 255
0.0434 -0.5775 -0.2011 103 196 255
0.0446 -0.5783 -0.2021 122 194 250
0.0448 -0.5762 -0.2022 125 201 249
0.0418 -0.5771 -0.2009 87 197 255
0.0415 -0.5796 -0.2015 85 190 255
0.0430 -0.5800 -0.2017 99 189 255
0.0402 -0.5769 -0.2012 72 198 255
0.0404 -0.5748 -0.2013 73 208 255
0.0392 -0.5751 -0.2024 55 207 248
0.0390 -0.5772 -0.2023 55 200 250
0.0400 -0.5794 -0.2018 72 192 255
0.0767 -0.5741 -0.2006 107 199 255
0.0780 -0.5744 -0.2017 123 200 250
0.0778 -0.5723 -0.2019 123 207 248
0.0749 -0.5743 -0.2002 92 197 255
0.0753 -0.5768 -0.2008 93 191 255
0.0769 -0.5766 -0.2011 107 192 255
0.0733 -0.5746 -0.2004 75 196 255
0.0719 -0.5733 -0.2016 54 201 248
0.0721 -0.5754 -0.2015 56 193 249
0.0738 -0.5771 -0.2009 78 189 255
0.0611 -0.5819 -0.1994 105 197 255
0.0625 -0.5825 -0.2006 122 197 250
0.0625 -0.5804 -0.2008 124 204 248
0.0611 -0.5799 -0.1996 106 207 255
0.0593 -0.5799 -0.1993 89 207 255
0.0592 -0.5819 -0.1992 89 197 255
0.0609 -0.5845 -0.2000 103 190 255
0.0573 -0.5822 -0.1994 73 198 255
0.0574 -0.5801 -0.1996 72 207 255
0.0560 -0.5807 -0.2008 54 205 248
0.0559 -0.5829 -0.2006 55 198 250
0.0573 -0.5847 -0.1999 76 191 255
0.0591 -0.5844 -0.1997 90 190 255
0.0425 -0.5828 -0.2029 96 184 255
0.0433 -0.5836 -0.2038 115 183 250
0.0441 -0.5808 -0.2026 118 188 251
0.0411 -0.5825 -0.2028 83 185 255
0.0408 -0.5852 -0.2048 81 179 254
0.0418 -0.5855 -0.2048 94 177 253
0.0398 -0.5823 -0.2031 72 186 255
0.0389 -0.5798 -0.2028 56 194 250
0.0389 -0.5827 -0.2040 57 189 249
0.0398 -0.5851 -0.2050 69 181 252
0.0771 -0.5795 -0.2023 107 187 255
0.0781 -0.5799 -0.2033 122 190 249
0.0781 -0.5769 -0.2022 123 195 250
0.0758 -0.5797 -0.2020 95 185 255
0.0763 -0.5825 -0.2040 96 179 254
0.0773 -0.5823 -0.2042 108 181 252
0.0745 -0.5800 -0.2022 81 184 255
0.0728 -0.5779 -0.2019 60 188 250
0.0738 -0.5807 -0.2031 63 182 250
0.0753 -0.5827 -0.2041 83 177 253
0.0605 -0.5874 -0.2012 101 185 255
0.0615 -0.5879 -0.2022 117 185 250
0.0622 -0.5850 -0.2010 120 190 251
0.0590 -0.5874 -0.2009 90 185 255
0.0589 -0.5902 -0.2029 90 178 254
0.0601 -0.5902 -0.2031 102 178 252
0.0575 -0.5876 -0.2011 77 185 255
0.0561 -0.5854 -0.2010 57 192 251
0.0565 -0.5882 -0.2022 60 186 250
0.0577 -0.5903 -0.2031 78 178 253
0.0412 -0.5874 -0.2074 94 171 247
0.0420 -0.5869 -0.2070 115 178 244
0.0405 -0.5872 -0.2073 78 173 249
0.0410 -0.5879 -0.2090 99 177 227
0.0418 -0.5872 -0.2081 121 184 233
0.0399 -0.5871 -0.2074 67 176 246
0.0393 -0.5862 -0.2072 54 185 243
0.0394 -0.5865 -0.2082 52 192 233
0.0399 -0.5875 -0.2091 68 183 226
0.0404 -0.5877 -0.2091 81 179 224
0.0774 -0.5844 -0.2068 110 176 246
0.0780 -0.5835 -0.2065 124 186 243
0.0767 -0.5845 -0.2067 98 173 248
0.0768 -0.5850 -0.2086 95 179 225
0.0774 -0.5849 -0.2086 110 183 226
0.0778 -0.5839 -0.2077 126 193 233
0.0760 -0.5847 -0.2067 84 171 247
0.0752 -0.5841 -0.2064 63 177 244
0.0754 -0.5844 -0.2076 57 182 234
0.0762 -0.5852 -0.2085 79 177 227
0.0596 -0.5922 -0.2057 102 173 247
0.0605 -0.5915 -0.2054 118 180 244
0.0588 -0.5923 -0.2057 91 172 248
0.0595 -0.5928 -0.2076 104 179 226
0.0603 -0.5918 -0.2067 122 185 233
0.0580 -0.5924 -0.2057 78 172 247
0.0572 -0.5917 -0.2054 59 180 244
0.0574 -0.5921 -0.2067 54 186 234
0.0581 -0.5929 -0.2076 74 178 227
0.0588 -0.5928 -0.2076 91 178 225
0.0415 -0.5862 -0.2084 106 205 222
0.0424 -0.5860 -0.2077 122 195 229
0.0406 -0.5859 -0.2085 92 209 221
0.0423 -0.5835 -0.2072 103 203 221
0.0398 -0.5857 -0.2084 76 208 221
0.0406 -0.5859 -0.2085 92 209 221
0.0391 -0.5852 -0.2077 54 201 229
0.0396 -0.5829 -0.2071 77 206 221
0.0410 -0.5832 -0.2073 90 205 220
0.0774 -0.5830 -0.2080 103 207 221
0.0780 -0.5824 -0.2073 124 202 230
0.0765 -0.5832 -0.2081 86 208 220
0.0760 -0.5804 -0.2070 88 204 219
0.0773 -0.5802 -0.2069 101 204 220
0.0755 -0.5834 -0.2080 71 202 221
0.0765 -0.5832 -0.2081 86 208 220
0.0747 -0.5831 -0.2072 55 191 230
0.0746 -0.5807 -0.2069 75 201 220
0.0760 -0.5804 -0.2070 88 204 219
0.0600 -0.5910 -0.2071 103 204 221
0.0610 -0.5905 -0.2063 122 194 229
0.0589 -0.5911 -0.2072 87 208 220
0.0590 -0.5883 -0.2061 88 203 219
0.0606 -0.5882 -0.2060 100 202 220
0.0578 -0.5912 -0.2071 72 204 221
0.0589 -0.5911 -0.2072 87 208 220
0.0569 -0.5908 -0.2063 53 196 230
0.0574 -0.5884 -0.2060 75 202 221
0.0590 -0.5883 -0.2061 88 203 219
0.0428 -0.5809 -0.2071 102 194 220
0.0441 -0.5808 -0.2062 122 193 229
0.0434 -0.5833 -0.2064 122 194 229
0.0410 -0.5832 -0.2073 90 205 220
0.0412 -0.5806 -0.2072 87 195 219
0.0431 -0.5787 -0.2077 103 190 221
0.0398 -0.5803 -0.2070 72 197 221
0.0412 -0.5806 -0.2072 87 195 219
0.0387 -0.5823 -0.2064 54 200 229
0.0387 -0.5798 -0.2062 54 199 230
0.0400 -0.5781 -0.2076 70 193 222
0.0415 -0.5784 -0.2078 86 190 220
0.0772 -0.5776 -0.2070 104 195 221
0.0783 -0.5770 -0.2062 125 197 230
0.0782 -0.5795 -0.2062 124 200 230
0.0756 -0.5779 -0.2071 91 194 219
0.0754 -0.5757 -0.2077 91 191 220
0.0770 -0.5754 -0.2077 105 193 221
0.0740 -0.5782 -0.2071 77 192 220
0.0756 -0.5779 -0.2071 91 194 219
0.0734 -0.5804 -0.2061 55 191 230
0.0727 -0.5780 -0.2062 56 191 229
0.0737 -0.5760 -0.2077 78 191 221
0.0609 -0.5856 -0.2062 101 193 221
0.0624 -0.5852 -0.2054 123 193 229
0.0619 -0.5877 -0.2053 123 194 229
0.0591 -0.5857 -0.2063 89 193 220
0.0591 -0.5835 -0.2070 89 189 220
0.0610 -0.5834 -0.2069 102 190 221
0.0572 -0.5858 -0.2062 76 193 221
0.0591 -0.5857 -0.2063 89 193 220
0.0562 -0.5880 -0.2052 54 196 230
0.0559 -0.5855 -0.2053 54 195 229
0.0572 -0.5836 -0.2069 77 190 221
0.0385 -0.5785 -0.2042 49 200 240
0.0387 -0.5763 -0.2045 50 203 239
0.0389 -0.5775 -0.2066 53 199 231
0.0384 -0.5810 -0.2047 49 197 241
0.0387 -0.5839 -0.2059 50 193 241
0.0393 -0.5847 -0.2054 57 186 247
0.0447 -0.5797 -0.2042 128 193 239
0.0450 -0.5775 -0.2044 129 196 239
0.0441 -0.5821 -0.2045 127 190 240
0.0444 -0.5786 -0.2066 123 192 229
0.0431 -0.5848 -0.2058 124 186 240
0.0424 -0.5854 -0.2052 112 179 248
0.0554 -0.5843 -0.2030 49 197 240
0.0555 -0.5821 -0.2034 49 201 239
0.0559 -0.5833 -0.2060 55 195 229
0.0557 -0.5868 -0.2032 49 193 241
0.0564 -0.5896 -0.2043 51 188 242
0.0571 -0.5902 -0.2035 62 181 249
0.0629 -0.5839 -0.2030 129 196 240
0.0630 -0.5817 -0.2035 129 199 239
0.0625 -0.5864 -0.2032 127 191 241
0.0625 -0.5830 -0.2060 123 194 229
0.0616 -0.5892 -0.2043 124 186 242
0.0608 -0.5899 -0.2035 115 181 248
0.0720 -0.5768 -0.2039 50 192 239
0.0717 -0.5746 -0.2042 50 197 238
0.0723 -0.5758 -0.2068 56 193 229
0.0727 -0.5792 -0.2041 52 188 241
0.0739 -0.5820 -0.2052 55 184 241
0.0747 -0.5826 -0.2045 65 179 248
0.0786 -0.5756 -0.2040 129 199 240
0.0785 -0.5735 -0.2044 129 203 239
0.0785 -0.5782 -0.2042 129 197 241
0.0782 -0.5748 -0.2068 125 198 229
0.0783 -0.5811 -0.2054 128 194 241
0.0778 -0.5820 -0.2047 122 187 247
0.0193 -0.5400 -0.2037 55 208 243
0.0205 -0.5393 -0.2012 60 202 250
0.0207 -0.5374 -0.2024 57 213 243
0.0199 -0.5385 -0.2049 60 215 232
0.0187 -0.5411 -0.2063 60 215 232
0.0185 -0.5422 -0.2051 54 199 244
0.0196 -0.5412 -0.2028 57 198 248
0.0220 -0.5353 -0.2019 60 217 242
0.0235 -0.5348 -0.1993 67 212 251
0.0234 -0.5336 -0.2019 64 220 241
0.0227 -0.5346 -0.2047 65 219 231
0.0213 -0.5364 -0.2046 61 216 232
0.0220 -0.5369 -0.1999 64 207 251
0.0247 -0.5323 -0.2022 67 223 240
0.0261 -0.5311 -0.2026 64 182 245
0.0255 -0.5318 -0.2043 61 183 241
0.0241 -0.5331 -0.2046 70 221 229
0.0249 -0.5332 -0.1994 73 219 250
0.0261 -0.5320 -0.2000 79 223 249
0.0228 -0.5432 -0.2044 115 176 236
0.0251 -0.5414 -0.2032 119 178 236
0.0239 -0.5424 -0.2019 109 174 245
0.0221 -0.5435 -0.2033 104 172 243
0.0208 -0.5443 -0.2055 103 171 239
0.0214 -0.5435 -0.2068 116 183 228
0.0237 -0.5419 -0.2057 117 183 228
0.0269 -0.5396 -0.2028 121 180 236
0.0283 -0.5380 -0.2029 123 181 236
0.0278 -0.5387 -0.2001 120 180 245
0.0261 -0.5405 -0.2007 115 177 245
0.0255 -0.5401 -0.2054 117 183 228
0.0270 -0.5384 -0.2055 118 184 227
0.0247 -0.5343 -0.2058 84 215 221
0.0260 -0.5331 -0.2053 58 188 233
0.0271 -0.5344 -0.2057 69 183 227
0.0259 -0.5355 -0.2063 96 209 219
0.0233 -0.5357 -0.2061 77 211 221
0.0244 -0.5396 -0.2064 102 193 220
0.0226 -0.5415 -0.2065 106 198 220
0.0216 -0.5406 -0.2064 93 207 219
0.0232 -0.5386 -0.2064 87 202 218
0.0258 -0.5379 -0.2066 103 194 219
0.0219 -0.5375 -0.2060 75 209 221
0.0232 -0.5386 -0.2064 87 202 218
0.0205 -0.5396 -0.2061 80 213 221
0.0246 -0.5368 -0.2067 90 204 218
0.0204 -0.5433 -0.2076 108 197 220
0.0202 -0.5443 -0.2071 109 175 231
0.0191 -0.5444 -0.2080 84 178 225
0.0198 -0.5427 -0.2076 96 209 219
0.0190 -0.5419 -0.2073 78 214 222
0.0198 -0.5427 -0.2076 96 209 219
0.0182 -0.5435 -0.2078 60 195 227
0.0183 -0.5425 -0.2067 53 206 236
0.0216 -0.5406 -0.2064 93 207 219
0.0198 -0.5444 -0.2058 80 172 243
0.0216 -0.5433 -0.2027 87 175 249
0.0192 -0.5439 -0.2056 68 179 246
0.0187 -0.5433 -0.2056 60 185 245
0.0200 -0.5419 -0.2024 66 188 251
0.0238 -0.5415 -0.2007 94 180 253
0.0258 -0.5395 -0.1994 101 183 254
0.0229 -0.5406 -0.2003 82 186 255
0.0209 -0.5426 -0.2025 75 182 252
0.0217 -0.5397 -0.2003 73 192 255
0.0235 -0.5374 -0.1990 78 197 255
0.0275 -0.5376 -0.1988 108 187 255
0.0292 -0.5370 -0.2002 124 184 244
0.0288 -0.5360 -0.1989 116 194 254
0.0265 -0.5366 -0.1984 95 195 255
0.0248 -0.5385 -0.1990 88 190 255
0.0251 -0.5354 -0.1983 83 203 255
0.0264 -0.5338 -0.1984 91 211 255
0.0569 -0.4233 -0.1341 121 223 225
0.0584 -0.4237 -0.1320 135 218 231
0.0593 -0.4262 -0.1340 77 226 237
0.0578 -0.4259 -0.1361 82 226 245
0.0548 -0.4235 -0.1352 104 223 221
0.0525 -0.4240 -0.1352 89 219 221
0.0535 -0.4267 -0.1370 97 230 244
0.0515 -0.4274 -0.1361 100 231 242
0.0532 -0.4108 -0.1152 134 197 247
0.0527 -0.4080 -0.1142 138 216 240
0.0514 -0.4086 -0.1127 101 192 254
0.0503 -0.4106 -0.1156 68 194 244
0.0514 -0.4086 -0.1127 101 192 254
0.0499 -0.4081 -0.1151 65 212 236
0.0772 -0.4438 -0.1199 121 224 227
0.0770 -0.4422 -0.1176 102 224 250
0.0774 -0.4457 -0.1204 135 195 245
0.0778 -0.4470 -0.1226 139 205 236
0.0778 -0.4504 -0.1265 134 213 229
0.0772 -0.4489 -0.1255 114 223 224
0.0763 -0.4498 -0.1267 94 224 223
0.0763 -0.4463 -0.1227 80 223 225
0.0766 -0.4451 -0.1193 89 189 253
0.0769 -0.4484 -0.1217 120 186 250
0.0757 -0.4477 -0.1219 63 198 244
0.0752 -0.4521 -0.1253 69 191 247
0.0759 -0.4513 -0.1240 83 186 251
0.0764 -0.4527 -0.1250 106 183 252
0.0506 -0.4092 -0.1179 83 224 225
0.0508 -0.4056 -0.1117 97 225 249
0.0527 -0.4090 -0.1172 127 225 229
0.0514 -0.4081 -0.1167 107 230 226
0.0564 -0.1704 -0.0908 141 198 247
0.0555 -0.1702 -0.0905 125 195 249
0.0558 -0.1750 -0.0937 121 191 247
0.0567 -0.1750 -0.0938 135 193 246
0.0571 -0.1708 -0.0916 155 204 241
0.0568 -0.1692 -0.0910 159 215 237
0.0562 -0.1679 -0.0897 149 225 241
0.0548 -0.1705 -0.0907 108 195 247
0.0541 -0.1710 -0.0915 91 199 242
0.0550 -0.1749 -0.0938 108 192 246
0.0545 -0.1681 -0.0896 93 220 243
0.0541 -0.1695 -0.0908 84 210 237
0.0563 -0.1685 -0.0917 140 234 224
0.0571 -0.1694 -0.0922 157 224 229
0.0566 -0.1710 -0.0956 129 235 221
0.0556 -0.1710 -0.0956 111 234 221
0.0554 -0.1683 -0.0914 114 236 223
0.0545 -0.1689 -0.0915 95 229 224
0.0554 -0.1683 -0.0914 114 236 223
0.0556 -0.1710 -0.0956 111 234 221
0.0546 -0.1715 -0.0955 98 230 222
0.0539 -0.1701 -0.0920 83 217 230
0.0575 -0.1711 -0.0930 161 212 234
0.0579 -0.1723 -0.0955 160 218 230
0.0574 -0.1714 -0.0956 150 229 225
0.0575 -0.1746 -0.0942 151 199 242
0.0580 -0.1739 -0.0948 160 207 237
0.0538 -0.1717 -0.0928 83 206 235
0.0539 -0.1723 -0.0953 87 223 226
0.0536 -0.1733 -0.0953 82 213 231
0.0535 -0.1749 -0.0963 82 207 234
0.0538 -0.1744 -0.0947 86 201 238
0.0543 -0.1747 -0.0942 95 195 243
0.0041 -0.5690 0.1260 89 200 255
0.0030 -0.5637 0.1253 89 204 255
-0.0014 -0.5676 0.1261 90 203 255
0.0011 -0.5722 0.1262 96 200 255
-0.0012 -0.6453 0.1303 47 190 235
-0.0012 -0.6455 0.1314 44 193 241
-0.0010 -0.6444 0.1314 49 212 241
-0.0010 -0.6444 0.1302 51 213 237
-0.0011 -0.6455 0.1325 44 194 241
-0.0011 -0.6454 0.1337 44 194 241
-0.0009 -0.6443 0.1325 47 210 240
0.4699 -0.5417 0.2021 81 192 255
0.4882 -0.5443 0.2059 92 171 245
0.5097 -0.5423 0.2113 130 198 245
0.4619 -0.5355 0.1978 88 219 253
0.4362 -0.5362 0.1919 80 199 255
0.4165 -0.5360 0.1843 78 190 255
0.4339 -0.5407 0.1893 79 182 253
0.4707 -0.5420 0.1966 101 175 228
0.4524 -0.5416 0.1861 108 191 221
0.4928 -0.5395 0.2023 112 207 221
0.4579 -0.5452 0.1958 89 176 250
0.4472 -0.5480 0.1887 87 171 243
0.4486 -0.5468 0.1862 104 179 225
0.3697 -0.5326 0.1648 79 180 251
0.3700 -0.5287 0.1674 78 190 255
0.3086 -0.5185 0.1442 78 191 255
0.3091 -0.5233 0.1412 78 180 250
0.3105 -0.5262 0.1370 83 172 241
0.3704 -0.5351 0.1612 84 171 242
0.3718 -0.5246 0.1688 80 204 255
0.3787 -0.5217 0.1698 87 220 253
0.3133 -0.5102 0.1447 89 223 251
0.3099 -0.5137 0.1455 81 206 255
0.4301 -0.5318 0.1884 85 217 254
0.3794 -0.5277 0.1534 105 188 221
0.3742 -0.5315 0.1545 101 180 224
0.3213 -0.5187 0.1278 106 191 220
0.3266 -0.5146 0.1294 109 210 220
0.3878 -0.5244 0.1557 110 204 220
0.3715 -0.5345 0.1573 94 173 230
0.3121 -0.5257 0.1322 92 173 230
0.3153 -0.5227 0.1287 100 180 223
0.4001 -0.5231 0.1629 108 222 226
0.3274 -0.5116 0.1332 106 226 228
0.3247 -0.5096 0.1377 102 230 235
0.4059 -0.5224 0.1697 102 230 237
0.3944 -0.5215 0.1711 94 228 246
0.4059 -0.5224 0.1697 102 230 237
0.3247 -0.5096 0.1377 102 230 235
0.3191 -0.5090 0.1419 97 230 242
0.2877 -0.5200 0.1231 85 174 230
0.2857 -0.5202 0.1273 78 173 240
0.2805 -0.5162 0.1218 79 175 230
0.2825 -0.5154 0.1196 86 181 223
0.2904 -0.5180 0.1199 94 182 222
0.0129 -0.4934 0.0802 135 201 232
0.0117 -0.4837 0.0759 100 203 217
0.0130 -0.4687 0.0769 103 231 232
0.0083 -0.4921 0.0797 61 205 228
0.0081 -0.4849 0.0826 58 210 237
0.0122 -0.4930 0.0891 132 207 245
0.0135 -0.4867 0.0828 136 203 239
0.0079 -0.4918 0.0888 64 214 246
0.0110 -0.4833 0.0859 98 217 254
0.0157 -0.4452 0.1935 101 207 255
0.0156 -0.4440 0.1933 87 227 246
0.0155 -0.4562 0.1903 60 201 241
0.0157 -0.4452 0.1922 67 209 226
0.0162 -0.4444 0.1922 110 226 226
0.0358 -0.3115 -0.1951 122 196 252
0.0374 -0.3126 -0.1966 140 196 245
0.0381 -0.3077 -0.1961 145 208 244
0.0364 -0.3066 -0.1945 129 213 251
0.0337 -0.3109 -0.1948 108 197 253
0.0317 -0.3106 -0.1951 93 199 251
0.0342 -0.3061 -0.1942 114 215 253
0.0322 -0.3057 -0.1945 96 216 251
0.0306 -0.3059 -0.1961 77 214 242
0.0351 -0.3173 -0.1985 115 189 250
0.0333 -0.3168 -0.1983 105 189 251
0.0331 -0.3208 -0.2012 104 187 249
0.0345 -0.3212 -0.2013 111 186 249
0.0362 -0.3184 -0.1996 135 190 246
0.0316 -0.3165 -0.1985 95 191 250
0.0304 -0.3170 -0.1996 78 195 244
0.0317 -0.3205 -0.2014 95 188 248
0.0758 -0.3128 -0.1974 127 190 249
0.0769 -0.3132 -0.1985 142 193 243
0.0775 -0.3090 -0.1962 145 199 243
0.0761 -0.3087 -0.1949 128 196 250
0.0741 -0.3092 -0.1946 116 194 252
0.0742 -0.3132 -0.1970 118 189 250
0.0754 -0.3167 -0.2003 127 187 247
0.0725 -0.3137 -0.1972 108 189 250
0.0720 -0.3099 -0.1949 103 194 252
0.0705 -0.3110 -0.1961 83 194 246
0.0714 -0.3148 -0.1983 88 189 246
0.0730 -0.3174 -0.2001 110 185 249
0.0742 -0.3170 -0.2000 120 187 249
0.0559 -0.3244 -0.1968 121 188 249
0.0570 -0.3251 -0.1980 137 190 244
0.0578 -0.3210 -0.1956 142 196 244
0.0564 -0.3203 -0.1943 125 194 251
0.0544 -0.3203 -0.1940 111 194 252
0.0542 -0.3245 -0.1965 112 188 250
0.0552 -0.3283 -0.1999 121 185 248
0.0525 -0.3247 -0.1968 101 188 250
0.0524 -0.3206 -0.1943 97 194 251
0.0509 -0.3216 -0.1956 79 197 245
0.0513 -0.3256 -0.1980 83 191 245
0.0527 -0.3286 -0.1999 102 185 248
0.0539 -0.3284 -0.1997 112 185 249
0.0338 -0.3241 -0.2039 115 180 245
0.0348 -0.3233 -0.2035 136 186 241
0.0329 -0.3238 -0.2039 100 183 246
0.0328 -0.3247 -0.2055 99 182 223
0.0335 -0.3249 -0.2054 117 179 225
0.0345 -0.3238 -0.2047 142 190 228
0.0320 -0.3236 -0.2039 88 184 243
0.0311 -0.3223 -0.2035 76 192 239
0.0314 -0.3228 -0.2047 73 197 228
0.0321 -0.3244 -0.2055 88 186 223
0.0751 -0.3198 -0.2031 132 185 243
0.0759 -0.3186 -0.2027 144 192 239
0.0743 -0.3200 -0.2030 122 183 246
0.0750 -0.3207 -0.2047 131 188 222
0.0757 -0.3192 -0.2038 147 199 227
0.0736 -0.3203 -0.2030 106 180 244
0.0727 -0.3195 -0.2024 85 185 241
0.0729 -0.3200 -0.2036 76 191 230
0.0737 -0.3211 -0.2046 99 181 224
0.0744 -0.3209 -0.2047 118 184 221
0.0548 -0.3313 -0.2030 126 182 243
0.0557 -0.3302 -0.2025 140 188 240
0.0539 -0.3314 -0.2029 114 181 245
0.0547 -0.3321 -0.2047 127 185 222
0.0555 -0.3307 -0.2037 145 195 228
0.0530 -0.3315 -0.2029 98 180 244
0.0521 -0.3306 -0.2024 79 188 240
0.0524 -0.3311 -0.2036 73 194 229
0.0532 -0.3323 -0.2047 95 182 223
0.0539 -0.3322 -0.2047 113 183 221
0.0343 -0.3222 -0.2053 125 204 215
0.0354 -0.3219 -0.2044 144 198 225
0.0319 -0.3215 -0.2053 95 206 215
0.0330 -0.3219 -0.2053 111 207 214
0.0752 -0.3180 -0.2040 123 212 215
0.0761 -0.3171 -0.2031 144 206 223
0.0742 -0.3184 -0.2040 106 213 215
0.0740 -0.3143 -0.2029 109 208 214
0.0755 -0.3138 -0.2027 125 208 215
0.0731 -0.3186 -0.2039 91 210 216
0.0742 -0.3184 -0.2040 106 213 215
0.0721 -0.3183 -0.2030 74 200 225
0.0723 -0.3147 -0.2027 94 207 216
0.0551 -0.3294 -0.2040 124 211 216
0.0562 -0.3287 -0.2031 144 203 224
0.0539 -0.3295 -0.2041 107 213 215
0.0539 -0.3253 -0.2028 108 208 214
0.0557 -0.3252 -0.2027 124 207 215
0.0527 -0.3297 -0.2039 92 210 216
0.0539 -0.3295 -0.2041 107 213 215
0.0518 -0.3292 -0.2030 73 202 226
0.0522 -0.3255 -0.2027 93 207 216
0.0761 -0.3083 -0.2034 129 200 216
0.0776 -0.3073 -0.2020 147 203 226
0.0768 -0.3129 -0.2017 146 203 224
0.0740 -0.3088 -0.2035 112 200 214
0.0718 -0.3094 -0.2033 97 201 215
0.0740 -0.3088 -0.2035 112 200 214
0.0740 -0.3143 -0.2029 109 208 214
0.0710 -0.3144 -0.2016 75 201 225
0.0562 -0.3197 -0.2032 126 200 216
0.0579 -0.3191 -0.2018 145 201 225
0.0572 -0.3245 -0.2016 144 202 225
0.0540 -0.3198 -0.2034 110 200 214
0.0518 -0.3200 -0.2032 93 200 216
0.0540 -0.3198 -0.2034 110 200 214
0.0539 -0.3253 -0.2028 108 208 214
0.0508 -0.3251 -0.2015 73 202 226
0.0518 -0.3156 -0.2044 91 198 217
0.0503 -0.3150 -0.2027 73 204 227
0.0519 -0.3131 -0.2052 105 177 239
0.0540 -0.3156 -0.2047 110 196 215
0.0297 -0.3125 -0.2002 71 204 235
0.0302 -0.3109 -0.1966 76 202 243
0.0299 -0.3073 -0.2002 71 210 234
0.0303 -0.3188 -0.2021 71 199 236
0.0309 -0.3206 -0.2045 75 203 225
0.0310 -0.3200 -0.2015 82 191 244
0.0379 -0.3144 -0.2001 149 198 236
0.0389 -0.3094 -0.2001 150 203 236
0.0362 -0.3203 -0.2020 146 193 237
0.0352 -0.3211 -0.2015 128 187 247
0.0500 -0.3181 -0.1981 70 205 235
0.0503 -0.3197 -0.2017 73 202 226
0.0504 -0.3234 -0.1986 71 200 236
0.0512 -0.3275 -0.2005 72 195 237
0.0520 -0.3284 -0.2001 86 188 245
0.0586 -0.3174 -0.1981 150 204 234
0.0580 -0.3228 -0.1987 149 199 235
0.0569 -0.3269 -0.2006 146 195 236
0.0560 -0.3280 -0.2001 133 187 245
0.0694 -0.3078 -0.1985 71 202 234
0.0701 -0.3093 -0.2020 76 201 224
0.0702 -0.3129 -0.1989 72 197 236
0.0714 -0.3166 -0.2007 75 192 238
0.0723 -0.3174 -0.2003 93 186 246
0.0780 -0.3055 -0.1985 151 207 234
0.0776 -0.3108 -0.1990 150 201 234
0.0768 -0.3151 -0.2009 149 198 235
0.0761 -0.3163 -0.2005 138 190 244
0.0088 -0.2634 -0.2031 76 213 231
0.0091 -0.2654 -0.2061 85 218 221
0.0084 -0.2668 -0.2050 74 205 234
0.0089 -0.2648 -0.2022 77 202 239
0.0102 -0.2575 -0.1998 78 217 229
0.0122 -0.2524 -0.1979 81 222 229
0.0130 -0.2541 -0.2024 89 221 221
0.0143 -0.2495 -0.1979 85 226 229
0.0168 -0.2467 -0.1984 96 187 221
0.0169 -0.2478 -0.2011 92 183 232
0.0149 -0.2509 -0.2017 92 223 220
0.0125 -0.2514 -0.1933 83 220 240
0.0148 -0.2487 -0.1940 91 229 239
0.0176 -0.2462 -0.1956 127 231 222
0.0136 -0.2667 -0.2023 140 184 236
0.0140 -0.2652 -0.1991 128 183 243
0.0122 -0.2672 -0.2016 123 181 242
0.0113 -0.2688 -0.2044 127 180 239
0.0125 -0.2678 -0.2055 145 189 228
0.0170 -0.2622 -0.1988 146 189 236
0.0164 -0.2632 -0.2029 147 191 228
0.0196 -0.2585 -0.2013 149 193 229
0.0165 -0.2526 -0.2032 111 218 214
0.0181 -0.2497 -0.2022 84 191 227
0.0200 -0.2514 -0.2021 101 183 223
0.0186 -0.2541 -0.2033 127 213 214
0.0149 -0.2557 -0.2042 108 217 214
0.0153 -0.2629 -0.2046 139 201 217
0.0139 -0.2620 -0.2051 124 210 213
0.0170 -0.2570 -0.2042 125 210 213
0.0186 -0.2581 -0.2035 141 201 218
0.0122 -0.2609 -0.2051 109 216 214
0.0108 -0.2595 -0.2037 87 220 221
0.0170 -0.2570 -0.2042 125 210 213
0.0117 -0.2678 -0.2068 138 200 217
0.0111 -0.2691 -0.2062 138 183 231
0.0100 -0.2698 -0.2075 116 182 222
0.0108 -0.2672 -0.2070 125 211 214
0.0098 -0.2665 -0.2071 107 216 214
0.0108 -0.2672 -0.2070 125 211 214
0.0089 -0.2689 -0.2077 88 197 219
0.0087 -0.2673 -0.2066 78 211 225
0.0101 -0.2692 -0.2051 105 180 240
0.0114 -0.2670 -0.2014 104 185 245
0.0095 -0.2687 -0.2052 90 186 241
0.0088 -0.2682 -0.2054 81 192 238
0.0094 -0.2656 -0.2018 85 193 243
0.0133 -0.2641 -0.1979 107 187 247
0.0119 -0.2631 -0.1979 96 191 247
0.0104 -0.2663 -0.2015 93 189 245
0.0104 -0.2621 -0.1983 88 196 246
0.0092 -0.2619 -0.1998 77 205 239
0.0163 -0.2494 -0.1922 107 224 248
0.0181 -0.2506 -0.1917 120 218 251
0.0201 -0.2474 -0.1938 138 232 229
0.0188 -0.2466 -0.1942 133 234 229
0.0142 -0.2522 -0.1913 97 213 250
0.0356 -0.2390 -0.2013 142 193 221
0.0361 -0.2405 -0.1991 143 190 223
0.0330 -0.2435 -0.2007 148 192 226
0.0329 -0.2413 -0.2034 150 198 224
0.0347 -0.2375 -0.2031 140 199 217
0.0367 -0.2354 -0.2027 134 201 215
0.0386 -0.2359 -0.2016 119 192 215
0.0210 -0.1296 -0.0401 152 206 216
0.0251 -0.1290 -0.0350 163 209 224
0.0225 -0.1495 -0.0348 153 207 217
0.0179 -0.1500 -0.0385 156 208 219
0.0162 -0.1299 -0.0434 156 207 218
0.0195 -0.1054 -0.0471 153 205 215
0.0238 -0.1049 -0.0423 165 209 223
0.0149 -0.1302 -0.0465 162 209 223
0.0166 -0.1505 -0.0419 161 210 224
0.0135 -0.1061 -0.0530 163 208 222
0.0147 -0.1058 -0.0502 158 206 217
0.0239 -0.1640 -0.0315 153 209 218
0.0194 -0.1652 -0.0356 155 210 219
0.0264 -0.1490 -0.0294 162 210 225
0.0275 -0.1636 -0.0255 161 212 227
0.0261 -0.1772 -0.0306 153 214 219
0.0178 -0.1666 -0.0396 159 211 223
0.0216 -0.1794 -0.0353 152 215 219
0.0052 0.5118 -0.1783 210 227 207
0.0059 0.5122 -0.1766 209 227 206
0.0062 0.4468 -0.1779 202 225 206
0.0045 0.5643 -0.1758 208 230 202
0.0077 0.5131 -0.1748 208 227 205
0.0092 0.5143 -0.1724 215 227 211
0.0105 0.4489 -0.1736 209 225 211
0.0085 0.4479 -0.1761 200 225 204
0.0051 0.5656 -0.1740 216 231 207
0.0063 0.5679 -0.1720 214 231 205
0.0064 0.3801 -0.1768 199 222 208
0.0073 0.3809 -0.1753 195 222 206
0.0087 0.3138 -0.1687 190 219 208
0.0097 0.1172 -0.1292 180 212 216
0.0090 0.1171 -0.1303 153 208 206
0.0089 0.1422 -0.1375 155 209 206
0.0053 0.4460 -0.1795 204 225 207
0.0100 0.3818 -0.1734 193 222 205
0.0124 0.3826 -0.1707 203 223 212
0.0144 0.3150 -0.1639 197 220 213
0.0116 0.3144 -0.1667 186 219 206
0.0087 0.2445 -0.1602 189 217 212
0.0096 0.2448 -0.1585 185 216 209
0.0094 0.1777 -0.1467 184 215 214
0.0077 0.3133 -0.1703 193 220 210
0.0127 0.2452 -0.1565 180 216 207
0.0157 0.2458 -0.1536 191 218 214
0.0134 0.1784 -0.1428 175 213 209
0.0102 0.1780 -0.1449 181 214 212
0.0105 0.1174 -0.1273 176 211 213
0.0102 0.0604 -0.1098 176 211 218
0.0114 0.0050 -0.0901 172 210 220
0.0105 0.0049 -0.0916 148 204 209
0.0102 0.0244 -0.0985 149 205 209
0.0137 0.1177 -0.1251 171 210 211
0.0168 0.1182 -0.1218 182 213 218
0.0143 0.0610 -0.1054 167 208 212
0.0110 0.0606 -0.1078 172 209 215
0.0164 0.1788 -0.1397 186 215 216
0.0121 0.0053 -0.0878 168 208 216
0.0125 -0.0432 -0.0727 169 209 221
0.0005 0.5859 -0.1748 199 233 198
-0.0014 0.6026 -0.1727 184 236 196
0.0157 0.0056 -0.0853 163 206 213
0.0190 0.0061 -0.0815 173 211 221
0.0172 -0.0426 -0.0677 158 205 214
0.0133 -0.0430 -0.0704 164 207 217
0.0174 0.0615 -0.1019 178 212 219
0.0129 -0.0787 -0.0611 166 208 221
0.0139 -0.0784 -0.0585 160 206 217
0.0184 -0.0781 -0.0557 155 205 214
0.0224 -0.0775 -0.0512 167 209 222
0.0209 -0.0421 -0.0636 170 210 222
0.0246 -0.1278 -0.0267 164 214 234
0.0256 -0.1481 -0.0206 162 213 235
0.0236 -0.1039 -0.0343 166 214 233
0.0203 -0.1008 -0.0260 160 218 240
0.0213 -0.1263 -0.0182 159 217 240
0.0265 -0.1646 -0.0157 161 214 235
0.0291 -0.1793 -0.0133 159 217 235
0.0296 -0.1767 -0.0239 160 215 228
0.0221 -0.1469 -0.0116 158 216 240
0.0230 -0.1655 -0.0056 157 216 240
0.0136 -0.1636 0.0069 145 219 246
0.0141 -0.1835 0.0152 142 220 246
0.0258 -0.1864 0.0012 153 220 240
0.0128 -0.1437 -0.0012 146 220 246
0.0094 0.5150 -0.1689 217 227 217
0.0092 0.5196 -0.1652 217 227 215
0.0101 0.4558 -0.1660 212 226 219
0.0107 0.4498 -0.1698 211 226 219
0.0073 0.5703 -0.1696 219 231 210
0.0074 0.5720 -0.1664 221 231 215
0.0127 0.3835 -0.1667 206 224 220
0.0121 0.3890 -0.1630 207 224 220
0.0139 0.3228 -0.1562 201 223 223
0.0147 0.3158 -0.1598 201 222 222
0.0160 0.2465 -0.1493 195 220 224
0.0148 0.2532 -0.1461 193 222 229
0.0154 0.1859 -0.1321 189 220 228
0.0167 0.1795 -0.1352 190 219 226
0.0169 0.1189 -0.1169 185 218 227
0.0157 0.1242 -0.1135 184 219 230
0.0157 0.0681 -0.0922 180 218 231
0.0175 0.0622 -0.0964 180 217 229
0.0190 0.0068 -0.0755 176 216 230
0.0172 0.0122 -0.0713 174 218 233
0.0187 -0.0378 -0.0506 171 217 233
0.0208 -0.0414 -0.0569 172 215 231
0.0223 -0.0767 -0.0438 169 214 232
0.0202 -0.0735 -0.0376 167 216 236
0.0706 -0.2376 -0.1394 156 204 233
0.0700 -0.2357 -0.1331 156 204 236
0.0693 -0.2439 -0.1332 156 206 235
0.0701 -0.2453 -0.1385 156 206 234
0.0700 -0.2399 -0.1449 155 202 230
0.0712 -0.2338 -0.1403 155 200 234
0.0381 -0.2413 -0.1418 76 205 230
0.0381 -0.2494 -0.1417 76 208 232
0.0389 -0.2474 -0.1349 76 208 234
0.0383 -0.2394 -0.1346 77 203 235
0.0376 -0.2376 -0.1413 78 201 231
0.0398 -0.2394 -0.1488 81 199 225
0.0397 -0.2433 -0.1479 80 206 223
0.0619 -0.2470 -0.1519 126 197 214
0.0624 -0.2455 -0.1531 130 182 224
0.0653 -0.2453 -0.1512 141 195 219
0.0648 -0.2517 -0.1507 137 206 216
0.0615 -0.2520 -0.1518 124 207 213
0.0580 -0.2479 -0.1522 124 198 214
0.0586 -0.2464 -0.1532 124 183 222
0.0629 -0.2447 -0.1564 131 180 231
0.0631 -0.2447 -0.1603 132 180 233
0.0662 -0.2429 -0.1565 139 183 232
0.0657 -0.2437 -0.1530 141 185 227
0.0591 -0.2458 -0.1561 122 178 230
0.0593 -0.2458 -0.1598 121 178 234
0.0535 -0.2481 -0.1535 122 198 214
0.0541 -0.2465 -0.1545 118 183 221
0.0526 -0.2531 -0.1534 121 206 213
0.0487 -0.2474 -0.1540 107 200 214
0.0492 -0.2455 -0.1553 102 187 219
0.0547 -0.2457 -0.1574 112 178 229
0.0552 -0.2455 -0.1609 108 178 232
0.0500 -0.2443 -0.1582 99 182 227
0.0691 -0.2403 -0.1548 146 188 233
0.0684 -0.2411 -0.1511 149 191 230
0.0697 -0.2404 -0.1592 143 186 236
0.0729 -0.2357 -0.1572 152 195 235
0.0715 -0.2367 -0.1524 151 193 235
0.0681 -0.2427 -0.1488 151 198 225
0.0679 -0.2495 -0.1475 149 205 222
0.0707 -0.2371 -0.1474 153 196 233
0.0699 -0.2468 -0.1432 155 206 229
0.0451 -0.2414 -0.1565 89 188 225
0.0443 -0.2431 -0.1534 89 195 220
0.0409 -0.2377 -0.1534 83 194 226
0.0411 -0.2361 -0.1574 82 192 231
0.0459 -0.2409 -0.1603 93 183 233
0.0436 -0.2456 -0.1521 91 204 217
0.0429 -0.2529 -0.1513 92 207 216
0.0390 -0.2512 -0.1472 80 208 224
0.0680 -0.2948 -0.2058 80 208 221
0.0699 -0.2928 -0.2074 75 209 226
0.0701 -0.2985 -0.2088 81 203 221
0.0690 -0.3016 -0.2072 82 201 220
0.0661 -0.2970 -0.2027 74 204 227
0.0654 -0.2879 -0.2013 75 206 226
0.0677 -0.2863 -0.2044 85 209 219
0.0658 -0.2997 -0.1972 72 200 234
0.0661 -0.2970 -0.2027 74 204 227
0.0671 -0.3051 -0.1986 91 180 234
0.0673 -0.3016 -0.1922 81 196 245
0.0660 -0.2939 -0.1900 80 200 245
0.0648 -0.2910 -0.1960 72 204 234
0.0809 -0.2969 -0.1978 151 203 236
0.0794 -0.2992 -0.1928 147 201 243
0.0801 -0.3021 -0.1990 137 183 234
0.0798 -0.3020 -0.2049 143 190 228
0.0811 -0.2945 -0.2032 151 204 228
0.0810 -0.2890 -0.1968 151 207 238
0.0791 -0.2920 -0.1908 146 205 244
0.0794 -0.2929 -0.2062 143 207 221
0.0780 -0.2997 -0.2075 139 202 219
0.0764 -0.2975 -0.2090 138 202 219
0.0775 -0.2917 -0.2076 146 206 222
0.0800 -0.2849 -0.2048 143 209 220
0.0816 -0.2861 -0.2020 152 207 230
0.0491 -0.3052 -0.2067 77 207 223
0.0506 -0.3037 -0.2083 73 207 228
0.0509 -0.3090 -0.2094 81 201 221
0.0498 -0.3116 -0.2077 80 201 221
0.0476 -0.3071 -0.2035 72 205 229
0.0475 -0.2988 -0.2027 73 206 229
0.0491 -0.2975 -0.2057 81 208 221
0.0476 -0.3099 -0.1978 71 204 236
0.0476 -0.3071 -0.2035 72 205 229
0.0481 -0.3144 -0.2049 80 188 228
0.0480 -0.3149 -0.1986 89 180 234
0.0490 -0.3124 -0.1925 76 202 244
0.0490 -0.3050 -0.1911 77 203 244
0.0476 -0.3019 -0.1973 72 206 236
0.0609 -0.3093 -0.1982 150 203 235
0.0596 -0.3119 -0.1929 145 200 243
0.0604 -0.3140 -0.1990 131 180 234
0.0602 -0.3134 -0.2052 142 189 228
0.0610 -0.3064 -0.2037 150 204 229
0.0614 -0.3017 -0.1975 151 204 235
0.0599 -0.3050 -0.1914 145 202 244
0.0597 -0.3046 -0.2068 146 206 224
0.0610 -0.3064 -0.2037 150 204 229
0.0588 -0.3108 -0.2079 141 200 221
0.0578 -0.3085 -0.2095 141 200 221
0.0584 -0.3033 -0.2084 149 206 227
0.0601 -0.2973 -0.2057 144 207 221
0.0615 -0.2985 -0.2028 151 204 229
0.0302 -0.2986 -0.2071 78 209 223
0.0315 -0.2974 -0.2083 75 209 226
0.0316 -0.3028 -0.2095 84 204 219
0.0305 -0.3050 -0.2084 83 203 220
0.0288 -0.3002 -0.2043 73 209 229
0.0294 -0.2922 -0.2030 73 210 230
0.0308 -0.2909 -0.2059 80 211 222
0.0284 -0.3028 -0.1987 71 208 235
0.0288 -0.3002 -0.2043 73 209 229
0.0282 -0.3071 -0.2008 92 180 231
0.0288 -0.3081 -0.1960 87 182 232
0.0291 -0.3053 -0.1933 75 201 242
0.0302 -0.2987 -0.1910 78 207 244
0.0292 -0.2953 -0.1975 72 209 235
0.0430 -0.3045 -0.1981 149 197 237
0.0406 -0.3066 -0.1929 140 192 244
0.0397 -0.3096 -0.1958 122 177 234
0.0414 -0.3090 -0.2004 123 177 234
0.0439 -0.3020 -0.2037 150 199 230
0.0445 -0.2967 -0.1967 150 201 238
0.0416 -0.2997 -0.1903 141 200 246
0.0428 -0.3000 -0.2067 144 203 222
0.0439 -0.3020 -0.2037 150 199 230
0.0406 -0.3064 -0.2081 138 198 220
0.0398 -0.3038 -0.2094 136 199 219
0.0413 -0.2983 -0.2082 146 204 223
0.0444 -0.2921 -0.2054 142 205 220
0.0457 -0.2936 -0.2023 151 202 230
0.0656 -0.2546 -0.2021 79 205 225
0.0668 -0.2538 -0.2044 77 202 228
0.0682 -0.2594 -0.2046 84 204 220
0.0662 -0.2601 -0.2023 81 206 222
0.0644 -0.2563 -0.1980 75 206 230
0.0644 -0.2520 -0.1975 76 209 231
0.0653 -0.2496 -0.2020 77 207 228
0.0646 -0.2592 -0.1910 75 205 234
0.0644 -0.2563 -0.1980 75 206 230
0.0647 -0.2613 -0.1987 75 207 229
0.0647 -0.2632 -0.1923 75 206 234
0.0658 -0.2619 -0.1845 78 201 240
0.0656 -0.2592 -0.1836 78 203 240
0.0644 -0.2558 -0.1903 75 208 235
0.0805 -0.2583 -0.1925 154 203 236
0.0781 -0.2606 -0.1858 149 202 242
0.0801 -0.2631 -0.1935 153 203 237
0.0807 -0.2615 -0.1998 153 206 228
0.0810 -0.2560 -0.1993 153 206 227
0.0809 -0.2540 -0.1919 154 205 236
0.0786 -0.2570 -0.1852 149 204 243
0.0785 -0.2544 -0.2028 143 207 218
0.0784 -0.2603 -0.2031 141 209 218
0.0748 -0.2596 -0.2049 135 209 215
0.0758 -0.2536 -0.2046 147 204 221
0.0790 -0.2490 -0.2026 145 206 219
0.0813 -0.2510 -0.1988 154 206 227
0.0506 -0.2604 -0.2034 79 209 224
0.0520 -0.2594 -0.2054 77 207 227
0.0526 -0.2691 -0.2062 90 210 217
0.0501 -0.2693 -0.2041 82 210 221
0.0491 -0.2620 -0.1993 75 210 230
0.0497 -0.2555 -0.1985 75 208 230
0.0508 -0.2525 -0.2028 77 207 226
0.0491 -0.2641 -0.1919 75 210 235
0.0491 -0.2620 -0.1993 75 210 230
0.0484 -0.2701 -0.1934 74 209 235
0.0496 -0.2704 -0.1855 77 208 241
0.0503 -0.2660 -0.1849 78 208 241
0.0507 -0.2627 -0.1841 77 206 240
0.0496 -0.2593 -0.1911 75 208 234
0.0634 -0.2629 -0.1913 154 204 235
0.0615 -0.2656 -0.1844 150 200 241
0.0632 -0.2692 -0.1930 153 205 236
0.0637 -0.2684 -0.2000 154 206 230
0.0639 -0.2602 -0.1987 154 206 230
0.0638 -0.2580 -0.1903 154 203 234
0.0621 -0.2623 -0.1834 150 200 240
0.0626 -0.2587 -0.2028 150 207 224
0.0639 -0.2602 -0.1987 154 206 230
0.0622 -0.2680 -0.2037 147 207 222
0.0610 -0.2579 -0.2049 151 206 225
0.0632 -0.2504 -0.2021 152 204 225
0.0643 -0.2534 -0.1976 155 204 229
0.0362 -0.2526 -0.2037 79 211 225
0.0374 -0.2518 -0.2056 77 210 227
0.0370 -0.2627 -0.2064 91 211 217
0.0351 -0.2623 -0.2044 81 211 222
0.0348 -0.2537 -0.1997 76 212 229
0.0362 -0.2462 -0.1992 78 217 232
0.0376 -0.2438 -0.2032 78 215 228
0.0343 -0.2554 -0.1925 76 212 234
0.0348 -0.2537 -0.1997 76 212 229
0.0337 -0.2626 -0.2008 76 212 229
0.0333 -0.2630 -0.1939 75 211 233
0.0350 -0.2574 -0.1856 78 211 240
0.0361 -0.2524 -0.1851 81 216 241
0.0356 -0.2491 -0.1920 78 218 235
0.0490 -0.2615 -0.1918 154 202 235
0.0470 -0.2628 -0.1849 147 198 242
0.0462 -0.2668 -0.1855 147 201 243
0.0482 -0.2664 -0.1932 153 201 236
0.0496 -0.2595 -0.1991 154 204 230
0.0495 -0.2577 -0.1911 154 204 235
0.0477 -0.2599 -0.1842 149 198 241
0.0485 -0.2574 -0.2033 151 205 224
0.0496 -0.2595 -0.1991 154 204 230
0.0475 -0.2654 -0.2039 149 205 223
0.0454 -0.2652 -0.2062 140 207 218
0.0473 -0.2556 -0.2054 153 203 227
0.0493 -0.2504 -0.2028 153 205 226
0.0500 -0.2542 -0.1984 155 206 231
0.0396 -0.2383 -0.2034 80 219 234
0.0406 -0.2358 -0.2053 80 219 235
0.0386 -0.2424 -0.2053 77 214 232
0.0383 -0.2419 -0.1994 82 222 235
0.0399 -0.2396 -0.2001 78 215 232
0.0412 -0.2350 -0.2038 78 212 228
0.0375 -0.2457 -0.1922 83 224 236
0.0383 -0.2419 -0.1994 82 222 235
0.0362 -0.2462 -0.1992 78 217 232
0.0378 -0.2495 -0.1849 80 215 240
0.0384 -0.2473 -0.1836 84 190 236
0.0389 -0.2438 -0.1931 77 213 233
0.0495 -0.2549 -0.1907 155 207 235
0.0483 -0.2573 -0.1837 149 192 236
0.0500 -0.2542 -0.1984 155 206 231
0.0499 -0.2510 -0.1980 155 211 233
0.0494 -0.2540 -0.1905 115 183 245
0.0497 -0.2461 -0.2027 154 202 227
0.0499 -0.2510 -0.1980 155 211 233
0.0485 -0.2474 -0.2052 155 203 230
0.0494 -0.2422 -0.2055 155 201 230
0.0506 -0.2361 -0.2066 125 211 213
0.0499 -0.2449 -0.2028 119 194 215
0.0496 -0.2500 -0.1978 109 237 234
0.0504 -0.2472 -0.2027 78 203 226
0.0512 -0.2442 -0.2055 77 206 228
0.0518 -0.2508 -0.2052 76 205 230
0.0497 -0.2515 -0.1980 76 206 230
0.0496 -0.2557 -0.1906 75 205 233
0.0497 -0.2515 -0.1980 76 206 230
0.0497 -0.2555 -0.1985 75 208 230
0.0506 -0.2591 -0.1837 77 201 239
0.0496 -0.2560 -0.1821 109 180 241
0.0646 -0.2543 -0.1899 154 200 232
0.0630 -0.2586 -0.1831 150 196 238
0.0643 -0.2534 -0.1976 155 204 229
0.0650 -0.2492 -0.1971 154 201 229
0.0650 -0.2525 -0.1898 111 185 246
0.0647 -0.2557 -0.1819 118 179 240
0.0645 -0.2450 -0.2019 150 198 224
0.0650 -0.2492 -0.1971 154 201 229
0.0620 -0.2490 -0.2045 153 202 227
0.0638 -0.2424 -0.2047 151 199 224
0.0655 -0.2431 -0.2019 102 191 217
0.0654 -0.2477 -0.1970 111 216 214
0.0655 -0.2451 -0.2019 76 208 230
0.0659 -0.2427 -0.2049 76 208 233
0.0661 -0.2483 -0.2046 76 205 231
0.0649 -0.2489 -0.1972 77 214 234
0.0659 -0.2368 -0.2058 106 206 213
0.0648 -0.2533 -0.1899 76 213 236
0.0649 -0.2489 -0.1972 77 214 234
0.0644 -0.2520 -0.1975 76 209 231
0.0656 -0.2568 -0.1833 78 197 236
0.0811 -0.2505 -0.1917 155 207 237
0.0787 -0.2537 -0.1853 150 207 243
0.0817 -0.2472 -0.1981 155 207 228
0.0808 -0.2470 -0.1909 154 209 238
0.0783 -0.2504 -0.1851 149 209 243
0.0797 -0.2445 -0.2023 149 207 221
0.0765 -0.2479 -0.2047 151 203 224
0.0774 -0.2428 -0.2049 151 206 223
0.0802 -0.2397 -0.2009 153 211 225
0.0817 -0.2433 -0.1967 156 210 231
0.0410 -0.2330 -0.2042 102 198 215
0.0420 -0.2285 -0.2059 113 200 213
0.0431 -0.2296 -0.2057 100 209 214
0.0398 -0.2377 -0.2008 92 194 219
0.0397 -0.2311 -0.2044 102 199 215
0.0386 -0.2422 -0.1948 107 183 222
0.0398 -0.2377 -0.2008 92 194 219
0.0399 -0.2396 -0.2001 78 215 232
0.0365 -0.2455 -0.1885 125 179 227
0.0352 -0.2453 -0.1916 135 182 228
0.0374 -0.2415 -0.1963 131 185 222
0.0784 -0.2201 -0.1745 157 207 236
0.0776 -0.2142 -0.1702 158 210 234
0.0768 -0.2193 -0.1649 158 206 234
0.0768 -0.2259 -0.1700 156 204 236
0.0788 -0.2267 -0.1777 156 204 236
0.0795 -0.2234 -0.1807 157 208 234
0.0793 -0.2176 -0.1796 158 212 232
0.0318 -0.2845 -0.2056 80 210 222
0.0304 -0.2852 -0.2029 74 211 229
0.0316 -0.2783 -0.2029 75 211 227
0.0330 -0.2782 -0.2055 80 211 222
0.0332 -0.2844 -0.2071 76 209 226
0.0326 -0.2903 -0.2072 87 213 218
0.0341 -0.2709 -0.2051 81 212 222
0.0326 -0.2708 -0.2020 76 211 228
0.0354 -0.2710 -0.2068 76 212 227
0.0342 -0.2782 -0.2071 74 211 229
0.0301 -0.2870 -0.1981 73 210 234
0.0307 -0.2883 -0.1933 74 209 238
0.0315 -0.2789 -0.1938 74 209 236
0.0311 -0.2785 -0.1986 74 211 233
0.0304 -0.2852 -0.2029 74 211 229
0.0294 -0.2922 -0.2030 73 210 230
0.0322 -0.2706 -0.1965 74 211 233
0.0325 -0.2711 -0.1909 74 210 235
0.0326 -0.2708 -0.2020 76 211 228
0.0457 -0.2880 -0.1973 151 203 238
0.0457 -0.2936 -0.2023 151 202 230
0.0467 -0.2861 -0.2022 152 203 230
0.0467 -0.2795 -0.1977 152 203 237
0.0452 -0.2800 -0.1930 151 202 239
0.0438 -0.2893 -0.1924 149 202 241
0.0475 -0.2724 -0.1958 153 202 236
0.0480 -0.2725 -0.2013 153 204 230
0.0488 -0.2659 -0.2001 154 204 230
0.0461 -0.2728 -0.1902 151 200 238
0.0452 -0.2853 -0.2051 144 204 221
0.0418 -0.2910 -0.2071 135 207 217
0.0435 -0.2850 -0.2068 147 200 224
0.0444 -0.2790 -0.2068 152 203 229
0.0458 -0.2790 -0.2050 146 204 222
0.0472 -0.2792 -0.2022 152 204 229
0.0467 -0.2861 -0.2022 152 203 230
0.0466 -0.2724 -0.2046 148 205 223
0.0452 -0.2725 -0.2064 151 206 226
0.0480 -0.2725 -0.2013 153 204 230
0.0492 -0.2913 -0.2054 81 207 221
0.0475 -0.2919 -0.2025 74 207 228
0.0476 -0.2852 -0.2024 74 208 227
0.0495 -0.2851 -0.2053 82 208 221
0.0509 -0.2912 -0.2070 76 205 225
0.0513 -0.2968 -0.2073 84 211 219
0.0498 -0.2777 -0.2048 82 209 221
0.0479 -0.2777 -0.2015 75 209 228
0.0516 -0.2778 -0.2066 77 209 225
0.0475 -0.2937 -0.1977 72 206 235
0.0485 -0.2949 -0.1926 73 206 239
0.0484 -0.2858 -0.1927 74 206 238
0.0475 -0.2854 -0.1976 73 207 235
0.0475 -0.2919 -0.2025 74 207 228
0.0475 -0.2988 -0.2027 73 206 229
0.0478 -0.2774 -0.1958 73 208 234
0.0487 -0.2777 -0.1900 74 206 237
0.0484 -0.2697 -0.2004 75 210 229
0.0479 -0.2777 -0.2015 75 209 228
0.0621 -0.2937 -0.1978 152 204 235
0.0615 -0.2985 -0.2028 151 204 229
0.0621 -0.2918 -0.2026 151 204 228
0.0628 -0.2854 -0.1976 152 204 235
0.0618 -0.2860 -0.1926 151 204 238
0.0611 -0.2951 -0.1927 150 203 239
0.0631 -0.2770 -0.1956 153 205 235
0.0633 -0.2769 -0.2013 152 206 229
0.0618 -0.2777 -0.1898 152 204 238
0.0606 -0.2911 -0.2054 145 205 222
0.0582 -0.2967 -0.2073 139 209 219
0.0592 -0.2910 -0.2070 149 202 225
0.0597 -0.2848 -0.2069 151 205 228
0.0611 -0.2848 -0.2051 146 205 222
0.0627 -0.2849 -0.2023 151 205 228
0.0621 -0.2918 -0.2026 151 204 228
0.0617 -0.2769 -0.2046 146 207 222
0.0601 -0.2771 -0.2064 150 207 226
0.0599 -0.2682 -0.2059 139 208 217
0.0633 -0.2769 -0.2013 152 206 229
0.0674 -0.2788 -0.2038 86 207 219
0.0650 -0.2799 -0.2009 76 206 225
0.0649 -0.2729 -0.2006 77 207 225
0.0671 -0.2722 -0.2035 84 207 219
0.0696 -0.2784 -0.2055 79 204 222
0.0707 -0.2851 -0.2061 88 211 218
0.0667 -0.2660 -0.2029 82 207 221
0.0648 -0.2668 -0.1997 76 208 227
0.0647 -0.2613 -0.1987 75 207 229
0.0685 -0.2656 -0.2048 77 206 225
0.0691 -0.2718 -0.2053 76 205 226
0.0643 -0.2818 -0.1961 73 206 233
0.0650 -0.2833 -0.1912 74 205 239
0.0649 -0.2746 -0.1912 75 206 237
0.0643 -0.2736 -0.1961 74 207 233
0.0650 -0.2799 -0.2009 76 206 225
0.0654 -0.2879 -0.2013 75 206 226
0.0645 -0.2677 -0.1944 74 207 234
0.0653 -0.2691 -0.1890 75 206 237
0.0648 -0.2668 -0.1997 76 208 227
0.0804 -0.2812 -0.1969 151 209 238
0.0811 -0.2790 -0.2016 153 209 230
0.0798 -0.2741 -0.1968 152 207 238
0.0780 -0.2755 -0.1918 151 207 240
0.0787 -0.2830 -0.1919 150 209 241
0.0797 -0.2682 -0.1953 153 204 237
0.0805 -0.2727 -0.2013 153 209 229
0.0804 -0.2670 -0.2006 153 207 228
0.0779 -0.2698 -0.1897 151 203 240
0.0796 -0.2780 -0.2043 144 210 221
0.0777 -0.2841 -0.2063 137 210 218
0.0778 -0.2777 -0.2058 148 208 223
0.0789 -0.2719 -0.2040 144 210 220
0.0785 -0.2661 -0.2035 143 209 219
0.0771 -0.2715 -0.2055 150 211 225
0.0763 -0.2657 -0.2051 146 213 221
0.0785 -0.2324 -0.1817 155 202 236
0.0766 -0.2324 -0.1736 155 202 237
0.0760 -0.2383 -0.1775 154 200 237
0.0786 -0.2376 -0.1856 155 204 238
0.0800 -0.2319 -0.1896 157 208 233
0.0800 -0.2265 -0.1848 157 208 233
0.0796 -0.2426 -0.1888 154 208 239
0.0759 -0.2432 -0.1811 153 203 240
0.0770 -0.2471 -0.1837 150 207 243
0.0808 -0.2378 -0.1937 156 210 234
0.0793 -0.2205 -0.1859 157 214 229
0.0791 -0.2265 -0.1922 156 213 229
0.0772 -0.2209 -0.1940 156 214 228
0.0775 -0.2148 -0.1865 156 216 228
0.0797 -0.2333 -0.1974 155 214 228
0.0775 -0.2359 -0.2051 149 212 221
0.0776 -0.2279 -0.2000 155 214 227
0.0316 -0.2956 -0.2093 72 209 231
0.0316 -0.2998 -0.2103 80 205 221
0.0327 -0.2914 -0.2083 83 222 225
0.0319 -0.2941 -0.2099 81 215 222
0.0321 -0.2973 -0.2105 87 209 218
0.0413 -0.2965 -0.2092 150 204 228
0.0411 -0.2920 -0.2082 141 219 222
0.0403 -0.3008 -0.2103 141 200 221
0.0404 -0.2982 -0.2105 136 205 218
0.0412 -0.2950 -0.2099 143 210 221
0.0504 -0.3022 -0.2093 72 206 236
0.0505 -0.3063 -0.2103 76 201 224
0.0513 -0.2979 -0.2084 78 220 228
0.0502 -0.3008 -0.2099 76 213 226
0.0505 -0.3039 -0.2105 80 207 221
0.0585 -0.3017 -0.2094 151 206 232
0.0579 -0.2977 -0.2084 143 220 225
0.0582 -0.3058 -0.2105 144 201 223
0.0581 -0.3034 -0.2106 139 207 219
0.0585 -0.3004 -0.2100 145 212 223
0.0774 -0.2902 -0.2086 151 205 229
0.0773 -0.2855 -0.2075 145 215 223
0.0765 -0.2949 -0.2099 142 202 220
0.0766 -0.2923 -0.2100 139 207 218
0.0773 -0.2889 -0.2092 143 210 221
0.0700 -0.2909 -0.2085 72 208 234
0.0698 -0.2955 -0.2098 77 204 224
0.0710 -0.2862 -0.2073 80 220 226
0.0699 -0.2894 -0.2091 77 214 226
0.0700 -0.2928 -0.2099 79 209 222
0.0760 -0.2659 -0.2063 152 215 229
0.0744 -0.2616 -0.2060 140 218 219
0.0771 -0.2715 -0.2067 153 211 234
0.0759 -0.2663 -0.2073 144 215 221
0.0746 -0.2630 -0.2068 139 217 219
0.0776 -0.2774 -0.2070 153 206 230
0.0772 -0.2820 -0.2071 142 202 220
0.0769 -0.2807 -0.2077 140 203 218
0.0774 -0.2773 -0.2079 145 205 221
0.0772 -0.2717 -0.2077 148 211 223
0.0684 -0.2660 -0.2062 74 207 234
0.0689 -0.2720 -0.2066 75 203 237
0.0686 -0.2614 -0.2058 81 213 223
0.0687 -0.2629 -0.2067 83 212 221
0.0683 -0.2664 -0.2072 79 208 223
0.0698 -0.2781 -0.2068 74 200 232
0.0710 -0.2826 -0.2070 84 198 220
0.0686 -0.2723 -0.2076 77 204 225
0.0697 -0.2780 -0.2078 80 200 223
0.0709 -0.2812 -0.2076 84 199 220
0.0515 -0.2784 -0.2079 74 211 232
0.0509 -0.2854 -0.2082 74 208 238
0.0512 -0.2852 -0.2070 74 208 228
0.0527 -0.2725 -0.2076 87 215 219
0.0526 -0.2744 -0.2083 86 214 219
0.0515 -0.2789 -0.2088 81 212 222
0.0509 -0.2910 -0.2083 73 203 233
0.0516 -0.2948 -0.2082 82 198 221
0.0508 -0.2908 -0.2091 79 202 223
0.0516 -0.2936 -0.2089 84 199 220
0.0601 -0.2776 -0.2077 153 208 231
0.0594 -0.2717 -0.2073 140 213 219
0.0600 -0.2848 -0.2081 152 204 237
0.0600 -0.2781 -0.2086 145 209 221
0.0593 -0.2738 -0.2082 140 212 219
0.0592 -0.2907 -0.2082 151 200 232
0.0579 -0.2947 -0.2082 140 197 220
0.0580 -0.2934 -0.2089 138 197 219
0.0592 -0.2905 -0.2091 143 200 222
0.0352 -0.2715 -0.2081 75 214 230
0.0339 -0.2781 -0.2084 74 211 236
0.0370 -0.2663 -0.2078 94 217 217
0.0368 -0.2682 -0.2086 93 216 217
0.0353 -0.2720 -0.2091 86 214 220
0.0332 -0.2840 -0.2084 73 207 231
0.0335 -0.2882 -0.2082 85 201 219
0.0334 -0.2837 -0.2093 83 205 220
0.0339 -0.2869 -0.2090 89 201 217
0.0452 -0.2730 -0.2077 154 207 232
0.0447 -0.2680 -0.2075 144 212 220
0.0447 -0.2791 -0.2080 152 202 237
0.0450 -0.2734 -0.2086 145 208 221
0.0445 -0.2695 -0.2083 140 211 218
0.0435 -0.2847 -0.2080 150 197 231
0.0417 -0.2887 -0.2080 137 195 220
0.0418 -0.2875 -0.2087 136 196 219
0.0434 -0.2846 -0.2089 142 198 221
0.0448 -0.2793 -0.2089 148 203 223
0.0403 -0.2355 -0.2068 81 221 230
0.0383 -0.2421 -0.2066 77 214 232
0.0427 -0.2319 -0.2072 92 222 220
0.0423 -0.2337 -0.2080 94 218 217
0.0404 -0.2365 -0.2078 89 215 218
0.0498 -0.2412 -0.2070 156 204 231
0.0498 -0.2374 -0.2076 147 209 220
0.0489 -0.2468 -0.2066 155 202 234
0.0496 -0.2412 -0.2079 147 205 220
0.0495 -0.2382 -0.2081 143 207 217
0.0375 -0.2512 -0.2068 77 209 228
0.0378 -0.2591 -0.2071 93 206 216
0.0384 -0.2428 -0.2075 86 211 219
0.0378 -0.2512 -0.2075 88 207 218
0.0382 -0.2569 -0.2075 93 206 216
0.0474 -0.2548 -0.2066 154 201 230
0.0455 -0.2616 -0.2069 136 201 216
0.0473 -0.2543 -0.2074 144 202 219
0.0511 -0.2439 -0.2070 78 209 227
0.0515 -0.2508 -0.2065 76 206 233
0.0517 -0.2390 -0.2075 93 210 216
0.0523 -0.2406 -0.2080 99 209 214
0.0516 -0.2445 -0.2077 91 207 217
0.0636 -0.2420 -0.2062 152 203 223
0.0639 -0.2375 -0.2067 135 207 214
0.0620 -0.2489 -0.2059 154 202 229
0.0627 -0.2426 -0.2071 140 204 216
0.0627 -0.2391 -0.2073 134 207 214
0.0520 -0.2590 -0.2066 75 205 231
0.0529 -0.2656 -0.2069 90 203 217
0.0516 -0.2513 -0.2073 84 206 220
0.0521 -0.2588 -0.2074 84 204 220
0.0529 -0.2635 -0.2074 89 204 217
0.0608 -0.2574 -0.2061 153 203 227
0.0596 -0.2645 -0.2066 139 203 217
0.0595 -0.2624 -0.2071 139 204 217
0.0606 -0.2573 -0.2069 144 204 219
0.0617 -0.2494 -0.2068 145 204 219
0.0769 -0.2426 -0.2067 153 208 225
0.0763 -0.2387 -0.2072 145 213 219
0.0764 -0.2477 -0.2063 155 204 232
0.0763 -0.2429 -0.2080 144 208 218
0.0755 -0.2399 -0.2080 138 211 216
0.0655 -0.2424 -0.2068 76 210 234
0.0657 -0.2482 -0.2063 76 204 234
0.0662 -0.2379 -0.2073 84 218 223
0.0663 -0.2394 -0.2081 87 212 219
0.0655 -0.2428 -0.2080 83 208 221
0.0755 -0.2532 -0.2061 154 200 230
0.0742 -0.2576 -0.2060 142 197 220
0.0743 -0.2564 -0.2068 142 198 219
0.0755 -0.2532 -0.2072 146 199 221
0.0765 -0.2479 -0.2075 149 204 222
0.0666 -0.2535 -0.2060 76 200 232
0.0680 -0.2575 -0.2059 82 194 225
0.0658 -0.2484 -0.2075 83 203 221
0.0667 -0.2535 -0.2071 84 199 222
0.0678 -0.2564 -0.2067 85 196 221
0.0507 -0.2183 -0.2027 154 213 224
0.0513 -0.2113 -0.1967 153 220 224
0.0523 -0.2130 -0.1964 118 230 218
0.0515 -0.2215 -0.2024 118 218 213
0.0499 -0.2243 -0.2067 150 210 220
0.0493 -0.2184 -0.2061 152 213 221
0.0497 -0.2136 -0.2033 149 220 222
0.0520 -0.2070 -0.1893 149 226 226
0.0520 -0.2049 -0.1831 138 234 230
0.0532 -0.2080 -0.1886 119 236 225
0.0500 -0.2088 -0.1972 145 227 223
0.0506 -0.2055 -0.1903 141 232 226
0.0508 -0.2045 -0.1857 140 233 228
0.0428 -0.2241 -0.2066 121 204 212
0.0439 -0.2230 -0.2066 112 209 212
0.0406 -0.2267 -0.2062 107 202 213
0.0420 -0.2218 -0.2069 120 207 212
0.0437 -0.2168 -0.2063 119 218 213
0.0527 -0.2183 -0.2029 85 217 223
0.0534 -0.2246 -0.2069 93 213 217
0.0535 -0.2113 -0.1969 87 224 225
0.0551 -0.2137 -0.2036 94 224 220
0.0554 -0.2187 -0.2066 94 216 217
0.0544 -0.2070 -0.1894 93 230 228
0.0562 -0.2046 -0.1831 101 235 229
0.0577 -0.2043 -0.1857 105 236 228
0.0566 -0.2055 -0.1904 103 235 227
0.0557 -0.2088 -0.1975 99 231 223
0.0759 -0.2205 -0.2020 155 215 226
0.0757 -0.2146 -0.1956 156 216 227
0.0751 -0.2252 -0.2064 147 212 219
0.0730 -0.2190 -0.2063 145 216 218
0.0735 -0.2142 -0.2032 146 223 221
0.0760 -0.2098 -0.1881 155 219 228
0.0754 -0.2063 -0.1819 151 226 229
0.0735 -0.2097 -0.1968 146 227 224
0.0737 -0.2064 -0.1897 144 230 227
0.0735 -0.2051 -0.1849 143 232 228
0.0313 -0.3065 -0.1912 92 193 249
0.0308 -0.3089 -0.1941 96 178 236
0.0338 -0.3094 -0.1937 106 176 234
0.0343 -0.3070 -0.1908 107 189 250
0.0325 -0.3014 -0.1892 94 202 251
0.0376 -0.3072 -0.1909 121 188 249
0.0370 -0.3097 -0.1939 112 176 235
0.0383 -0.3020 -0.1889 122 198 252
0.0353 -0.3018 -0.1889 108 199 253
0.0372 -0.2597 -0.1826 91 206 249
0.0340 -0.2640 -0.1860 78 210 241
0.0367 -0.2639 -0.1831 95 206 250
0.0403 -0.2617 -0.1820 108 200 252
0.0413 -0.2588 -0.1807 105 198 251
0.0382 -0.2559 -0.1817 90 208 248
0.0438 -0.2628 -0.1822 127 196 250
0.0398 -0.2650 -0.1828 112 204 253
0.0431 -0.2656 -0.1829 127 202 251
0.0447 -0.2602 -0.1812 127 193 249
0.0399 -0.2533 -0.1808 89 209 248
0.0429 -0.2564 -0.1794 103 196 250
0.0415 -0.2517 -0.1791 84 198 243
0.0459 -0.2578 -0.1802 129 190 248
0.0471 -0.2556 -0.1788 125 185 245
0.0467 -0.2423 -0.1637 104 182 241
0.0428 -0.2395 -0.1620 90 188 240
0.0435 -0.2435 -0.1657 98 189 245
0.0475 -0.2449 -0.1670 117 185 246
0.0512 -0.2442 -0.1648 104 180 238
0.0507 -0.2439 -0.1618 100 180 232
0.0380 -0.3085 -0.2088 121 191 217
0.0383 -0.3099 -0.2076 114 176 233
0.0350 -0.3096 -0.2078 104 177 237
0.0352 -0.3082 -0.2089 109 190 217
0.0378 -0.3055 -0.2101 121 196 215
0.0325 -0.3077 -0.2089 97 193 217
0.0319 -0.3088 -0.2079 93 179 235
0.0332 -0.3050 -0.2101 99 198 215
0.0354 -0.3054 -0.2102 110 196 215
0.0421 -0.2464 -0.1702 87 192 242
0.0394 -0.2445 -0.1731 87 191 241
0.0406 -0.2470 -0.1745 84 192 239
0.0427 -0.2494 -0.1726 87 190 241
0.0450 -0.2483 -0.1689 109 188 247
0.0411 -0.2424 -0.1684 86 194 242
0.0483 -0.2484 -0.1706 128 187 246
0.0456 -0.2517 -0.1716 112 184 245
0.0486 -0.2516 -0.1739 132 185 244
0.0517 -0.2482 -0.1721 111 184 245
0.0515 -0.2456 -0.1680 108 182 242
0.0425 -0.2507 -0.1760 85 191 239
0.0395 -0.2472 -0.1776 87 188 239
0.0445 -0.2545 -0.1776 101 187 245
0.0454 -0.2534 -0.1747 107 182 242
0.0481 -0.2538 -0.1767 126 183 243
0.0508 -0.2538 -0.1787 110 185 246
0.0515 -0.2513 -0.1761 112 185 246
0.0346 -0.2899 -0.2081 106 235 230
0.0348 -0.2901 -0.2077 91 223 220
0.0370 -0.2899 -0.2082 115 236 233
0.0369 -0.2906 -0.2093 114 225 218
0.0344 -0.2906 -0.2092 101 226 219
0.0394 -0.2903 -0.2081 129 233 232
0.0370 -0.2902 -0.2077 110 192 251
0.0394 -0.2904 -0.2076 140 206 219
0.0394 -0.2910 -0.2092 127 224 219
0.0383 -0.3021 -0.2109 121 200 215
0.0358 -0.3018 -0.2111 111 202 214
0.0362 -0.2979 -0.2112 112 208 214
0.0390 -0.2983 -0.2111 120 207 214
0.0333 -0.3015 -0.2109 100 202 215
0.0334 -0.2976 -0.2111 104 208 214
0.0394 -0.2941 -0.2103 121 214 215
0.0366 -0.2937 -0.2105 113 214 214
0.0408 -0.2924 -0.2091 138 218 220
0.0339 -0.2936 -0.2103 105 215 215
0.0329 -0.2917 -0.2091 89 222 221
0.0390 -0.2648 -0.2078 111 220 215
0.0391 -0.2636 -0.2071 110 213 213
0.0411 -0.2642 -0.2072 117 212 213
0.0411 -0.2653 -0.2079 120 221 215
0.0385 -0.2673 -0.2089 108 216 214
0.0432 -0.2659 -0.2077 128 219 216
0.0433 -0.2649 -0.2070 125 212 214
0.0431 -0.2681 -0.2087 128 215 215
0.0408 -0.2676 -0.2090 117 215 214
0.0395 -0.2901 -0.2082 117 186 219
0.0372 -0.2900 -0.2084 110 184 220
0.0376 -0.2883 -0.2094 112 196 215
0.0401 -0.2883 -0.2092 122 195 215
0.0350 -0.2898 -0.2083 100 187 219
0.0353 -0.2880 -0.2093 103 197 215
0.0414 -0.2845 -0.2097 122 202 214
0.0384 -0.2844 -0.2101 114 203 213
0.0393 -0.2790 -0.2102 115 207 213
0.0426 -0.2792 -0.2097 124 206 214
0.0354 -0.2840 -0.2099 106 204 214
0.0360 -0.2785 -0.2101 107 208 213
0.0431 -0.2732 -0.2094 124 209 214
0.0402 -0.2728 -0.2098 116 210 213
0.0373 -0.2724 -0.2097 108 211 213
0.0435 -0.2636 -0.2073 122 201 214
0.0413 -0.2630 -0.2075 113 201 213
0.0440 -0.2604 -0.2078 123 202 213
0.0392 -0.2623 -0.2074 104 203 214
0.0394 -0.2591 -0.2079 104 204 213
0.0417 -0.2599 -0.2081 114 204 213
0.0447 -0.2315 -0.2077 111 221 214
0.0450 -0.2290 -0.2068 102 211 214
0.0467 -0.2305 -0.2073 115 212 212
0.0466 -0.2330 -0.2081 125 218 214
0.0439 -0.2335 -0.2087 109 217 214
0.0485 -0.2348 -0.2080 138 215 216
0.0485 -0.2323 -0.2074 130 211 213
0.0483 -0.2364 -0.2088 134 212 214
0.0461 -0.2348 -0.2091 122 214 213
0.0477 -0.2404 -0.2087 126 205 213
0.0467 -0.2464 -0.2083 124 205 213
0.0436 -0.2455 -0.2087 115 206 212
0.0450 -0.2391 -0.2091 116 207 212
0.0422 -0.2378 -0.2087 106 209 213
0.0405 -0.2441 -0.2083 106 207 213
0.0453 -0.2539 -0.2081 123 205 213
0.0457 -0.2592 -0.2074 134 202 215
0.0425 -0.2532 -0.2084 115 206 213
0.0488 -0.2469 -0.2075 148 202 221
0.0397 -0.2521 -0.2081 107 207 213
0.0484 -0.2255 -0.2079 127 208 213
0.0466 -0.2243 -0.2076 107 209 213
0.0482 -0.2176 -0.2072 130 217 214
0.0452 -0.2233 -0.2070 105 209 213
0.0451 -0.2167 -0.2063 112 220 214
0.0465 -0.2172 -0.2069 110 218 213
0.0453 -0.2060 -0.1798 110 234 240
0.0426 -0.2070 -0.1799 101 232 240
0.0449 -0.2084 -0.1761 103 235 237
0.0476 -0.2072 -0.1769 106 236 236
0.0478 -0.2053 -0.1804 113 235 240
0.0453 -0.2042 -0.1841 112 238 234
0.0432 -0.2047 -0.1843 105 236 235
0.0503 -0.2047 -0.1808 120 237 237
0.0506 -0.2060 -0.1776 109 237 234
0.0541 -0.2053 -0.1795 112 238 230
0.0495 -0.2038 -0.1846 125 238 231
0.0474 -0.2040 -0.1843 115 238 233
0.0481 -0.2119 -0.2033 128 229 218
0.0463 -0.2118 -0.2029 114 230 218
0.0483 -0.2079 -0.1973 126 234 222
0.0448 -0.2116 -0.2024 113 230 218
0.0433 -0.2115 -0.2020 116 231 219
0.0445 -0.2078 -0.1966 116 235 222
0.0463 -0.2079 -0.1970 117 235 222
0.0488 -0.2050 -0.1906 124 237 225
0.0468 -0.2050 -0.1904 117 237 226
0.0449 -0.2051 -0.1901 115 237 227
0.0428 -0.2078 -0.1963 115 235 223
0.0430 -0.2053 -0.1901 112 237 227
0.0707 -0.3017 -0.1905 104 195 252
0.0712 -0.3054 -0.1921 115 177 238
0.0744 -0.3046 -0.1921 119 177 235
0.0745 -0.3009 -0.1906 116 196 252
0.0702 -0.2958 -0.1888 105 197 252
0.0774 -0.3003 -0.1908 131 197 250
0.0770 -0.3040 -0.1923 124 178 238
0.0789 -0.3033 -0.1942 132 180 234
0.0769 -0.2946 -0.1892 131 200 251
0.0741 -0.2952 -0.1889 117 197 252
0.0681 -0.2628 -0.1818 96 196 249
0.0684 -0.2654 -0.1827 97 203 251
0.0711 -0.2653 -0.1825 118 202 252
0.0711 -0.2626 -0.1816 119 196 251
0.0679 -0.2603 -0.1806 96 198 249
0.0747 -0.2619 -0.1825 136 199 249
0.0742 -0.2649 -0.1832 133 203 250
0.0775 -0.2650 -0.1862 148 202 243
0.0750 -0.2589 -0.1816 137 201 249
0.0711 -0.2599 -0.1804 121 198 251
0.0679 -0.2579 -0.1801 98 199 250
0.0712 -0.2574 -0.1798 122 199 251
0.0679 -0.2558 -0.1794 104 190 248
0.0751 -0.2560 -0.1814 140 204 248
0.0748 -0.2534 -0.1810 143 205 247
0.0711 -0.2553 -0.1789 128 193 249
0.0695 -0.2419 -0.1633 134 183 240
0.0662 -0.2433 -0.1645 130 181 238
0.0689 -0.2445 -0.1674 121 183 244
0.0718 -0.2431 -0.1670 143 190 241
0.0725 -0.2391 -0.1628 149 193 238
0.0665 -0.2427 -0.1608 136 181 234
0.0749 -0.2330 -0.1655 155 201 236
0.0743 -0.2384 -0.1696 154 199 237
0.0752 -0.2282 -0.1614 156 202 234
0.0759 -0.3025 -0.2080 127 193 217
0.0769 -0.3040 -0.2065 132 181 230
0.0739 -0.3051 -0.2066 120 177 230
0.0735 -0.3033 -0.2081 115 190 217
0.0749 -0.2998 -0.2096 125 197 215
0.0710 -0.3037 -0.2079 99 191 217
0.0706 -0.3056 -0.2064 107 177 228
0.0714 -0.3003 -0.2095 98 197 216
0.0679 -0.2482 -0.1716 110 186 246
0.0649 -0.2479 -0.1724 122 184 245
0.0672 -0.2517 -0.1752 105 186 245
0.0700 -0.2517 -0.1744 129 186 245
0.0707 -0.2477 -0.1710 135 188 244
0.0657 -0.2449 -0.1682 125 182 242
0.0734 -0.2439 -0.1735 152 197 238
0.0729 -0.2484 -0.1769 150 198 241
0.0674 -0.2540 -0.1778 107 186 246
0.0643 -0.2537 -0.1787 121 185 246
0.0704 -0.2538 -0.1771 129 188 246
0.0643 -0.2512 -0.1762 120 185 246
0.0737 -0.2512 -0.1794 146 200 245
0.0726 -0.2843 -0.2071 99 234 231
0.0727 -0.2845 -0.2066 96 218 217
0.0744 -0.2842 -0.2068 116 192 251
0.0743 -0.2839 -0.2072 108 236 232
0.0741 -0.2847 -0.2083 110 225 218
0.0722 -0.2851 -0.2082 94 225 221
0.0761 -0.2839 -0.2072 120 235 228
0.0761 -0.2840 -0.2067 124 218 216
0.0760 -0.2848 -0.2083 124 224 218
0.0749 -0.2965 -0.2104 124 201 215
0.0730 -0.2967 -0.2105 112 202 214
0.0732 -0.2928 -0.2106 111 209 213
0.0755 -0.2927 -0.2105 122 208 214
0.0711 -0.2969 -0.2104 97 201 215
0.0731 -0.3001 -0.2096 113 196 215
0.0709 -0.2930 -0.2105 100 209 214
0.0758 -0.2883 -0.2096 120 214 214
0.0736 -0.2882 -0.2096 111 215 214
0.0771 -0.2860 -0.2083 138 217 219
0.0714 -0.2886 -0.2095 101 216 215
0.0710 -0.2866 -0.2082 82 220 224
0.0697 -0.2598 -0.2059 103 224 217
0.0697 -0.2593 -0.2053 102 201 214
0.0713 -0.2594 -0.2055 114 202 213
0.0713 -0.2598 -0.2061 115 227 218
0.0696 -0.2618 -0.2070 100 217 215
0.0729 -0.2600 -0.2060 124 224 217
0.0729 -0.2595 -0.2055 128 207 214
0.0732 -0.2619 -0.2071 126 219 215
0.0714 -0.2617 -0.2071 114 218 214
0.0759 -0.2837 -0.2073 123 188 218
0.0742 -0.2840 -0.2073 116 185 219
0.0740 -0.2822 -0.2082 113 198 214
0.0758 -0.2819 -0.2081 125 199 215
0.0726 -0.2841 -0.2072 107 188 218
0.0721 -0.2823 -0.2080 100 197 215
0.0758 -0.2776 -0.2085 123 206 214
0.0735 -0.2779 -0.2087 113 205 213
0.0729 -0.2722 -0.2087 113 208 213
0.0755 -0.2720 -0.2084 123 209 214
0.0712 -0.2780 -0.2084 103 204 214
0.0703 -0.2723 -0.2083 103 207 214
0.0744 -0.2663 -0.2079 123 212 214
0.0721 -0.2663 -0.2081 113 211 213
0.0698 -0.2664 -0.2078 103 210 214
0.0727 -0.2591 -0.2061 127 185 220
0.0711 -0.2592 -0.2062 113 183 221
0.0729 -0.2575 -0.2072 127 195 215
0.0695 -0.2590 -0.2060 102 185 221
0.0690 -0.2575 -0.2071 100 194 216
0.0709 -0.2577 -0.2073 114 195 214
0.0684 -0.2363 -0.2078 104 221 215
0.0681 -0.2345 -0.2069 108 209 213
0.0712 -0.2338 -0.2072 116 210 212
0.0713 -0.2364 -0.2080 119 219 214
0.0706 -0.2383 -0.2091 117 215 213
0.0677 -0.2383 -0.2088 103 216 214
0.0742 -0.2370 -0.2077 131 217 215
0.0742 -0.2340 -0.2070 131 210 213
0.0736 -0.2387 -0.2088 127 214 214
0.0739 -0.2427 -0.2088 125 207 213
0.0742 -0.2478 -0.2083 124 205 213
0.0708 -0.2478 -0.2087 116 204 213
0.0706 -0.2424 -0.2091 116 206 212
0.0675 -0.2427 -0.2088 106 206 213
0.0678 -0.2481 -0.2083 106 204 213
0.0736 -0.2533 -0.2079 124 203 213
0.0709 -0.2534 -0.2081 115 203 213
0.0684 -0.2535 -0.2078 105 202 214
0.0722 -0.2265 -0.2081 128 208 213
0.0685 -0.2274 -0.2081 117 205 212
0.0700 -0.2181 -0.2080 129 218 214
0.0729 -0.2042 -0.1795 138 235 231
0.0696 -0.2032 -0.1789 126 238 232
0.0718 -0.2039 -0.1750 133 237 232
0.0746 -0.2053 -0.1751 145 231 232
0.0709 -0.2036 -0.1839 131 237 229
0.0692 -0.2121 -0.2038 127 230 218
0.0642 -0.2122 -0.2040 119 230 218
0.0645 -0.2080 -0.1974 120 235 222
0.0694 -0.2080 -0.1972 127 234 222
0.0699 -0.2050 -0.1902 127 236 225
0.0652 -0.2049 -0.1902 120 237 225
0.0661 -0.2029 -0.1830 121 238 229
0.0512 -0.3132 -0.1906 96 199 252
0.0492 -0.3161 -0.1935 94 178 234
0.0514 -0.3165 -0.1916 104 177 238
0.0541 -0.3164 -0.1915 114 176 236
0.0541 -0.3132 -0.1905 112 198 253
0.0515 -0.3075 -0.1895 96 200 252
0.0571 -0.3130 -0.1908 127 198 251
0.0569 -0.3161 -0.1918 120 177 237
0.0592 -0.3154 -0.1939 126 178 233
0.0570 -0.3075 -0.1896 127 199 251
0.0541 -0.3076 -0.1894 112 198 253
0.0527 -0.2669 -0.1818 92 201 249
0.0525 -0.2694 -0.1824 93 206 250
0.0554 -0.2694 -0.1819 112 204 253
0.0557 -0.2670 -0.1812 112 197 252
0.0530 -0.2643 -0.1809 92 201 249
0.0588 -0.2667 -0.1815 133 196 249
0.0584 -0.2693 -0.1822 132 202 250
0.0593 -0.2642 -0.1805 134 197 249
0.0560 -0.2646 -0.1801 112 197 252
0.0530 -0.2609 -0.1801 90 201 248
0.0563 -0.2613 -0.1791 112 198 252
0.0531 -0.2575 -0.1791 92 195 247
0.0599 -0.2608 -0.1798 137 198 248
0.0605 -0.2574 -0.1789 136 192 246
0.0566 -0.2582 -0.1778 112 192 250
0.0554 -0.2457 -0.1638 104 180 237
0.0553 -0.2469 -0.1668 100 183 242
0.0589 -0.2477 -0.1657 119 181 242
0.0593 -0.2462 -0.1627 120 179 238
0.0629 -0.2451 -0.1636 134 181 236
0.0624 -0.2465 -0.1669 135 183 240
0.0567 -0.3135 -0.2084 126 191 218
0.0602 -0.3134 -0.2052 142 189 228
0.0572 -0.3151 -0.2068 126 178 231
0.0542 -0.3140 -0.2085 112 188 218
0.0543 -0.3109 -0.2102 112 194 215
0.0563 -0.3105 -0.2101 125 196 216
0.0516 -0.3139 -0.2083 96 191 218
0.0540 -0.3158 -0.2069 113 176 232
0.0509 -0.3157 -0.2066 97 178 230
0.0524 -0.3109 -0.2100 97 196 216
0.0550 -0.2496 -0.1708 96 187 244
0.0545 -0.2527 -0.1746 94 189 244
0.0575 -0.2539 -0.1730 114 184 245
0.0583 -0.2506 -0.1693 117 184 245
0.0616 -0.2494 -0.1708 136 186 242
0.0610 -0.2526 -0.1745 136 187 243
0.0537 -0.2551 -0.1773 95 192 247
0.0570 -0.2560 -0.1758 113 186 247
0.0607 -0.2550 -0.1772 134 189 246
0.0528 -0.2962 -0.2082 100 235 231
0.0530 -0.2964 -0.2077 95 217 217
0.0546 -0.2961 -0.2083 112 236 233
0.0545 -0.2967 -0.2094 111 225 218
0.0525 -0.2970 -0.2092 95 225 220
0.0564 -0.2962 -0.2082 121 235 231
0.0547 -0.2964 -0.2078 118 192 251
0.0564 -0.2964 -0.2078 119 218 216
0.0565 -0.2969 -0.2093 125 225 219
0.0566 -0.3073 -0.2110 124 200 215
0.0543 -0.3075 -0.2111 111 201 214
0.0543 -0.3038 -0.2113 111 208 214
0.0570 -0.3037 -0.2111 120 207 214
0.0520 -0.3077 -0.2109 98 199 215
0.0515 -0.3041 -0.2111 100 207 214
0.0568 -0.2998 -0.2104 119 215 215
0.0544 -0.2998 -0.2105 111 214 214
0.0578 -0.2980 -0.2092 138 220 222
0.0519 -0.3000 -0.2103 102 215 215
0.0512 -0.2982 -0.2092 82 221 224
0.0543 -0.2702 -0.2076 103 219 215
0.0544 -0.2690 -0.2069 106 211 214
0.0561 -0.2699 -0.2076 113 220 215
0.0560 -0.2726 -0.2087 114 215 214
0.0540 -0.2730 -0.2086 101 215 215
0.0580 -0.2698 -0.2074 123 218 215
0.0562 -0.2687 -0.2070 115 211 213
0.0580 -0.2685 -0.2067 124 211 214
0.0580 -0.2725 -0.2085 125 215 215
0.0564 -0.2961 -0.2083 119 186 219
0.0547 -0.2961 -0.2084 112 183 220
0.0547 -0.2945 -0.2094 112 196 215
0.0566 -0.2944 -0.2092 123 196 216
0.0530 -0.2961 -0.2083 105 186 219
0.0528 -0.2945 -0.2092 100 196 216
0.0575 -0.2905 -0.2097 122 203 214
0.0550 -0.2906 -0.2100 113 204 213
0.0553 -0.2851 -0.2101 113 207 213
0.0582 -0.2849 -0.2098 123 207 214
0.0525 -0.2907 -0.2098 103 203 214
0.0506 -0.2855 -0.2092 77 208 224
0.0524 -0.2853 -0.2099 103 207 214
0.0583 -0.2783 -0.2093 123 210 214
0.0601 -0.2849 -0.2090 148 205 224
0.0557 -0.2783 -0.2096 114 210 213
0.0531 -0.2787 -0.2094 104 210 214
0.0580 -0.2672 -0.2070 126 201 214
0.0561 -0.2675 -0.2073 117 200 213
0.0561 -0.2646 -0.2079 117 203 213
0.0582 -0.2641 -0.2076 127 203 214
0.0543 -0.2677 -0.2072 107 201 214
0.0541 -0.2648 -0.2078 105 203 214
0.0543 -0.2369 -0.2076 111 215 213
0.0549 -0.2338 -0.2072 114 209 212
0.0579 -0.2363 -0.2075 118 216 213
0.0575 -0.2385 -0.2084 118 213 213
0.0542 -0.2391 -0.2084 109 213 213
0.0616 -0.2360 -0.2072 124 214 213
0.0589 -0.2337 -0.2069 119 208 212
0.0629 -0.2344 -0.2066 121 206 212
0.0609 -0.2381 -0.2080 126 212 213
0.0602 -0.2431 -0.2080 126 206 213
0.0595 -0.2499 -0.2077 127 206 213
0.0570 -0.2436 -0.2085 119 207 212
0.0538 -0.2442 -0.2083 110 207 213
0.0565 -0.2505 -0.2082 118 206 213
0.0536 -0.2511 -0.2080 108 206 213
0.0588 -0.2577 -0.2077 126 206 213
0.0562 -0.2582 -0.2081 117 206 213
0.0538 -0.2586 -0.2079 107 206 213
0.0595 -0.2033 -0.1808 110 238 231
0.0578 -0.2038 -0.1780 108 237 229
0.0611 -0.2031 -0.1776 115 238 230
0.0632 -0.2029 -0.1800 117 238 231
0.0607 -0.2033 -0.1844 114 238 229
0.0592 -0.2121 -0.2039 113 230 218
0.0584 -0.2180 -0.2080 109 217 213
0.0596 -0.2080 -0.1976 115 235 222
0.0605 -0.2049 -0.1905 116 237 225
0.0330 -0.2263 -0.1734 85 216 242
0.0351 -0.2198 -0.1739 83 220 239
0.0328 -0.2178 -0.1817 85 223 237
0.0280 -0.2279 -0.1794 86 220 241
0.0320 -0.2328 -0.1727 89 208 246
0.0363 -0.2272 -0.1682 82 208 241
0.0368 -0.2217 -0.1682 81 214 238
0.0328 -0.2460 -0.1844 122 178 237
0.0282 -0.2467 -0.1827 125 184 245
0.0285 -0.2486 -0.1855 135 184 241
0.0317 -0.2475 -0.1878 136 182 235
0.0341 -0.2449 -0.1804 106 181 241
0.0393 -0.2088 -0.1815 92 228 238
0.0368 -0.2105 -0.1848 87 226 235
0.0381 -0.2127 -0.1776 89 226 239
0.0419 -0.2100 -0.1759 95 231 238
0.0407 -0.2058 -0.1855 96 233 234
0.0387 -0.2077 -0.1870 89 228 233
0.0416 -0.2115 -0.2019 111 231 219
0.0417 -0.2155 -0.2058 114 223 215
0.0400 -0.2150 -0.2045 99 225 218
0.0397 -0.2123 -0.2018 98 228 221
0.0391 -0.2093 -0.1965 94 229 224
0.0411 -0.2081 -0.1964 107 234 223
0.0373 -0.2147 -0.2013 90 224 223
0.0384 -0.2175 -0.2051 96 220 217
0.0346 -0.2187 -0.2012 88 223 223
0.0338 -0.2172 -0.1966 86 224 227
0.0367 -0.2123 -0.1961 87 224 227
0.0410 -0.2059 -0.1907 103 235 228
0.0388 -0.2076 -0.1910 91 229 229
0.0362 -0.2113 -0.1901 85 224 230
0.0328 -0.2170 -0.1905 85 225 231
0.0380 -0.2288 -0.1643 79 203 237
0.0377 -0.2240 -0.1631 78 209 236
0.0367 -0.2325 -0.1683 86 202 244
0.0389 -0.2334 -0.1653 82 199 240
0.0389 -0.2314 -0.1620 79 200 234
0.0382 -0.2269 -0.1585 78 205 232
0.0404 -0.2355 -0.1613 81 195 235
0.0393 -0.2319 -0.1579 79 199 232
0.0396 -0.2344 -0.1637 80 198 236
0.0408 -0.2381 -0.1642 83 195 239
0.0400 -0.2380 -0.1667 83 197 241
0.0373 -0.2371 -0.1695 90 197 245
0.0382 -0.2411 -0.1713 90 192 244
0.0594 -0.3135 -0.1993 81 185 233
0.0591 -0.3137 -0.2039 101 177 238
0.0584 -0.3136 -0.1947 79 193 225
0.0582 -0.3103 -0.1994 117 176 233
0.0580 -0.3116 -0.2033 115 176 236
0.0368 -0.3067 -0.1975 97 186 220
0.0390 -0.3072 -0.1989 84 188 225
0.0342 -0.3063 -0.1972 107 186 219
0.0368 -0.3011 -0.2012 122 228 221
0.0382 -0.3020 -0.2022 131 207 216
0.0318 -0.3059 -0.1975 119 185 220
0.0300 -0.3057 -0.1991 137 186 226
0.0334 -0.3003 -0.2013 114 230 221
0.0351 -0.3006 -0.2010 119 228 221
0.0757 -0.3024 -0.1934 102 190 217
0.0775 -0.3020 -0.1951 88 185 225
0.0735 -0.3029 -0.1932 113 195 215
0.0739 -0.2980 -0.1944 112 235 229
0.0755 -0.2981 -0.1959 126 220 217
0.0710 -0.3049 -0.2054 125 186 247
0.0688 -0.3050 -0.2036 126 179 239
0.0706 -0.3056 -0.2064 107 177 228
0.0739 -0.3051 -0.2066 120 177 230
0.0740 -0.3044 -0.2058 118 188 249
0.0718 -0.3029 -0.2048 113 176 236
0.0700 -0.3024 -0.2030 108 176 235
0.0565 -0.3139 -0.1928 96 195 216
0.0542 -0.3141 -0.1925 111 196 215
0.0545 -0.3090 -0.1936 107 235 230
0.0561 -0.3089 -0.1938 122 233 229
0.0520 -0.3142 -0.1927 125 193 217
0.0502 -0.3143 -0.1945 140 190 225
0.0515 -0.3097 -0.1955 92 188 221
0.0529 -0.3091 -0.1938 96 232 228
0.0360 -0.2759 -0.1846 100 198 251
0.0356 -0.2808 -0.1863 98 199 251
0.0385 -0.2764 -0.1842 110 197 252
0.0389 -0.2720 -0.1829 112 202 253
0.0364 -0.2714 -0.1831 101 203 252
0.0348 -0.2715 -0.1841 87 203 248
0.0339 -0.2749 -0.1855 84 202 246
0.0335 -0.2802 -0.1875 83 202 246
0.0329 -0.2729 -0.1874 76 208 239
0.0322 -0.2795 -0.1901 75 207 239
0.0342 -0.2686 -0.1843 83 209 245
0.0365 -0.2676 -0.1830 100 208 251
0.0393 -0.2683 -0.1827 113 206 253
0.0408 -0.2767 -0.1843 121 197 252
0.0380 -0.2812 -0.1860 109 198 252
0.0403 -0.2815 -0.1860 121 197 252
0.0423 -0.2814 -0.1870 139 198 247
0.0428 -0.2763 -0.1851 139 197 247
0.0429 -0.2730 -0.1839 136 199 249
0.0413 -0.2724 -0.1830 122 201 252
0.0421 -0.2688 -0.1829 124 205 252
0.0442 -0.2704 -0.1841 141 201 247
0.0446 -0.2746 -0.1869 149 200 241
0.0438 -0.2808 -0.1894 149 200 241
0.0352 -0.2858 -0.1876 101 202 252
0.0374 -0.2863 -0.1873 108 201 253
0.0332 -0.2859 -0.1885 88 205 249
0.0333 -0.2903 -0.1887 94 206 251
0.0347 -0.2910 -0.1883 104 204 253
0.0337 -0.2962 -0.1886 99 205 252
0.0361 -0.2967 -0.1883 108 204 253
0.0368 -0.2915 -0.1880 109 204 253
0.0321 -0.2937 -0.1892 86 207 249
0.0317 -0.2873 -0.1902 78 207 243
0.0395 -0.2865 -0.1873 118 201 253
0.0388 -0.2916 -0.1880 114 203 253
0.0403 -0.2913 -0.1881 126 203 252
0.0413 -0.2870 -0.1879 134 201 250
0.0425 -0.2884 -0.1894 144 201 245
0.0407 -0.2947 -0.1886 134 203 250
0.0385 -0.2968 -0.1882 119 202 253
0.0698 -0.2739 -0.1829 105 199 252
0.0701 -0.2773 -0.1839 105 199 252
0.0715 -0.2739 -0.1830 117 200 252
0.0711 -0.2710 -0.1823 117 204 253
0.0693 -0.2710 -0.1823 105 204 252
0.0681 -0.2732 -0.1836 87 200 247
0.0683 -0.2768 -0.1847 87 200 247
0.0665 -0.2713 -0.1855 78 203 241
0.0664 -0.2758 -0.1873 78 203 242
0.0682 -0.2710 -0.1830 89 203 248
0.0672 -0.2689 -0.1835 85 205 246
0.0660 -0.2655 -0.1853 78 205 241
0.0688 -0.2681 -0.1826 103 207 252
0.0710 -0.2681 -0.1825 117 208 253
0.0731 -0.2737 -0.1832 128 201 251
0.0719 -0.2774 -0.1840 117 200 252
0.0736 -0.2772 -0.1842 129 201 251
0.0751 -0.2768 -0.1853 143 204 246
0.0747 -0.2730 -0.1841 142 203 247
0.0729 -0.2708 -0.1826 127 205 252
0.0735 -0.2679 -0.1829 128 207 252
0.0744 -0.2707 -0.1834 139 204 248
0.0754 -0.2686 -0.1841 143 204 247
0.0762 -0.2715 -0.1861 149 204 242
0.0766 -0.2763 -0.1879 150 206 242
0.0706 -0.2819 -0.1848 108 200 253
0.0724 -0.2820 -0.1849 117 201 253
0.0686 -0.2820 -0.1855 91 202 250
0.0690 -0.2862 -0.1861 97 201 251
0.0707 -0.2867 -0.1859 109 199 253
0.0704 -0.2911 -0.1872 107 197 252
0.0735 -0.2908 -0.1873 117 197 252
0.0677 -0.2892 -0.1873 90 200 249
0.0666 -0.2829 -0.1876 80 204 245
0.0740 -0.2817 -0.1851 126 202 252
0.0747 -0.2864 -0.1862 125 200 252
0.0759 -0.2856 -0.1866 137 204 249
0.0756 -0.2817 -0.1860 141 205 248
0.0771 -0.2827 -0.1883 148 207 243
0.0771 -0.2882 -0.1879 141 204 247
0.0758 -0.2904 -0.1876 128 199 251
0.0527 -0.2824 -0.1839 99 197 251
0.0526 -0.2878 -0.1859 98 200 251
0.0548 -0.2826 -0.1837 110 197 252
0.0549 -0.2773 -0.1819 111 201 253
0.0527 -0.2772 -0.1822 99 202 251
0.0513 -0.2776 -0.1833 86 202 247
0.0509 -0.2815 -0.1848 84 200 246
0.0508 -0.2872 -0.1869 83 201 247
0.0496 -0.2795 -0.1865 76 204 240
0.0494 -0.2865 -0.1891 76 204 241
0.0505 -0.2746 -0.1836 82 207 245
0.0526 -0.2729 -0.1821 97 208 251
0.0551 -0.2729 -0.1817 112 207 253
0.0568 -0.2827 -0.1837 122 197 251
0.0566 -0.2881 -0.1857 122 199 252
0.0585 -0.2876 -0.1865 139 200 248
0.0587 -0.2819 -0.1844 139 199 247
0.0585 -0.2778 -0.1830 139 200 248
0.0571 -0.2774 -0.1820 125 201 252
0.0577 -0.2729 -0.1819 128 207 252
0.0596 -0.2747 -0.1833 143 204 246
0.0612 -0.2702 -0.1852 149 204 242
0.0604 -0.2798 -0.1863 149 202 242
0.0603 -0.2869 -0.1889 148 202 242
0.0527 -0.2928 -0.1865 99 203 252
0.0544 -0.2933 -0.1863 109 203 253
0.0546 -0.2882 -0.1856 110 200 253
0.0510 -0.2927 -0.1874 86 204 248
0.0513 -0.2969 -0.1875 87 204 249
0.0526 -0.2976 -0.1869 99 202 252
0.0521 -0.3024 -0.1881 97 199 252
0.0542 -0.3028 -0.1879 111 198 253
0.0543 -0.2982 -0.1867 110 201 253
0.0505 -0.3000 -0.1886 83 203 247
0.0496 -0.2940 -0.1893 77 205 243
0.0562 -0.2931 -0.1863 121 203 253
0.0560 -0.2979 -0.1867 121 201 253
0.0574 -0.2972 -0.1873 134 202 250
0.0579 -0.2931 -0.1871 136 203 249
0.0596 -0.2944 -0.1892 145 203 244
0.0584 -0.3002 -0.1885 139 201 248
0.0564 -0.3026 -0.1881 124 198 252
0.0044 -0.6211 0.1414 121 194 249
0.0035 -0.6230 0.1426 118 194 251
0.0044 -0.6274 0.1401 121 195 249
0.0057 -0.6275 0.1380 119 193 250
0.0053 -0.6197 0.1403 116 193 253
0.0046 -0.6151 0.1427 125 192 242
0.0044 -0.6167 0.1438 123 189 245
0.0045 -0.6327 0.1392 120 195 250
0.0056 -0.6331 0.1369 122 194 247
0.0034 -0.6310 0.1413 116 194 253
0.0029 -0.6369 0.1409 106 192 255
0.0045 -0.6365 0.1386 119 194 250
0.0108 -0.6047 0.1478 122 185 236
0.0122 -0.6020 0.1483 124 187 238
0.0112 -0.6041 0.1493 120 184 245
0.0093 -0.6073 0.1486 116 181 247
0.0093 -0.6074 0.1470 122 185 235
0.0101 -0.6050 0.1465 114 191 226
0.0116 -0.6025 0.1468 118 186 230
0.0019 -0.6438 0.1381 123 198 246
0.0020 -0.6448 0.1377 123 195 244
0.0022 -0.6445 0.1374 120 192 249
0.0020 -0.6436 0.1379 115 194 253
0.0016 -0.6413 0.1385 119 198 251
0.0019 -0.6437 0.1382 119 203 232
0.0020 -0.6446 0.1380 123 199 236
0.0028 -0.6398 0.1386 56 185 229
0.0033 -0.6399 0.1384 91 168 238
0.0030 -0.6405 0.1388 103 186 224
0.0027 -0.6403 0.1388 80 195 220
0.0020 -0.6383 0.1390 78 200 221
0.0022 -0.6381 0.1390 60 196 224
0.0029 -0.6399 0.1383 79 176 254
0.0061 -0.6350 0.1341 123 192 245
0.0063 -0.6370 0.1315 123 190 243
0.0074 -0.6332 0.1310 122 189 245
0.0068 -0.6312 0.1341 121 191 247
0.0054 -0.6374 0.1361 122 192 245
0.0054 -0.6387 0.1340 123 190 243
0.0079 -0.6276 0.1344 119 190 249
0.0087 -0.6290 0.1313 122 189 245
0.0100 -0.6246 0.1318 123 190 245
0.0090 -0.6238 0.1346 120 190 249
0.0070 -0.6245 0.1375 116 191 252
0.0098 -0.6193 0.1352 120 192 249
0.0083 -0.6187 0.1379 116 192 253
0.0081 -0.6224 0.1367 118 192 251
0.0109 -0.6201 0.1324 124 192 245
0.0116 -0.6162 0.1330 124 193 245
0.0104 -0.6153 0.1359 120 192 250
0.0110 -0.6127 0.1362 120 190 249
0.0120 -0.6131 0.1336 125 192 244
0.0124 -0.6107 0.1339 125 190 243
0.0117 -0.6105 0.1362 121 188 248
0.0099 -0.6114 0.1386 115 188 252
0.0087 -0.6133 0.1389 114 191 254
0.0104 -0.6018 0.1429 76 203 255
0.0106 -0.6020 0.1430 81 200 255
0.0106 -0.6012 0.1430 74 195 255
0.0103 -0.6013 0.1429 71 197 255
0.0102 -0.6016 0.1428 73 205 255
0.0099 -0.6019 0.1429 82 205 255
0.0100 -0.6024 0.1429 83 202 255
0.0094 -0.6028 0.1430 88 201 255
0.0094 -0.6033 0.1430 89 199 255
0.0101 -0.6028 0.1430 86 200 255
0.0094 -0.6024 0.1429 87 202 255
0.0086 -0.6028 0.1430 91 200 255
0.0085 -0.6031 0.1431 91 200 255
0.0074 -0.6031 0.1432 100 199 255
0.0074 -0.6036 0.1432 100 197 255
0.0085 -0.6035 0.1431 91 198 255
0.0075 -0.6028 0.1432 100 200 255
0.0069 -0.6031 0.1435 127 199 240
0.0112 -0.6004 0.1439 79 171 233
0.0116 -0.6004 0.1438 101 171 243
0.0117 -0.6004 0.1441 109 177 231
0.0111 -0.6008 0.1442 88 183 222
0.0107 -0.6002 0.1440 71 178 228
0.0111 -0.6003 0.1436 66 176 247
0.0115 -0.6006 0.1435 88 174 251
0.0109 -0.6007 0.1432 74 187 255
0.0112 -0.6008 0.1433 83 183 255
0.0106 -0.6005 0.1432 71 188 255
0.0109 -0.6012 0.1431 81 193 255
0.0077 -0.6033 0.1441 106 200 222
0.0076 -0.6038 0.1440 106 197 222
0.0076 -0.6028 0.1441 108 202 223
0.0089 -0.6029 0.1446 99 204 221
0.0091 -0.6033 0.1446 98 201 220
0.0091 -0.6039 0.1446 106 189 223
0.0101 -0.6028 0.1448 92 198 220
0.0098 -0.6025 0.1448 89 201 220
0.0103 -0.6019 0.1448 81 195 220
0.0107 -0.6021 0.1448 86 193 220
0.0103 -0.6031 0.1449 106 186 224
0.0110 -0.6014 0.1445 87 187 221
0.0105 -0.6014 0.1446 82 188 221
0.0106 -0.6009 0.1443 84 184 222
0.0114 -0.6013 0.1446 105 184 224
0.0110 -0.6022 0.1448 106 185 224
0.0063 -0.6377 0.1293 122 188 239
0.0060 -0.6378 0.1277 113 190 227
0.0071 -0.6342 0.1276 108 192 224
0.0075 -0.6340 0.1290 123 188 239
0.0053 -0.6401 0.1321 122 188 242
0.0052 -0.6406 0.1298 122 187 240
0.0078 -0.6297 0.1277 74 201 221
0.0071 -0.6296 0.1283 52 206 230
0.0086 -0.6245 0.1284 53 205 230
0.0093 -0.6247 0.1278 75 201 221
0.0085 -0.6297 0.1277 110 193 225
0.0062 -0.6343 0.1276 73 201 221
0.0089 -0.6296 0.1292 123 189 239
0.0099 -0.6249 0.1279 112 194 225
0.0102 -0.6249 0.1294 124 191 239
0.0112 -0.6204 0.1299 125 193 239
0.0108 -0.6203 0.1283 112 197 225
0.0118 -0.6164 0.1305 126 194 238
0.0122 -0.6131 0.1309 126 195 237
0.0116 -0.6128 0.1290 112 199 224
0.0125 -0.6104 0.1313 126 194 236
0.0113 -0.6161 0.1286 111 199 224
0.0130 -0.6080 0.1317 125 192 235
0.0124 -0.6074 0.1299 113 197 225
0.0136 -0.6060 0.1321 124 190 235
0.0137 -0.6066 0.1335 125 189 238
0.0131 -0.6083 0.1339 125 190 241
0.0119 -0.6099 0.1294 114 198 225
0.0148 -0.5975 0.1268 126 193 235
0.0139 -0.5978 0.1251 119 193 228
0.0156 -0.5928 0.1269 128 199 239
0.0153 -0.5941 0.1281 125 196 247
0.0149 -0.5975 0.1284 124 194 248
0.0135 -0.6036 0.1284 122 193 249
0.0134 -0.6040 0.1268 125 193 235
0.0020 -0.6438 0.1243 110 180 231
0.0018 -0.6429 0.1232 107 181 228
0.0052 -0.6382 0.1245 120 186 235
0.0052 -0.6387 0.1254 121 186 242
0.0020 -0.6444 0.1252 112 177 238
-0.0014 -0.6459 0.1242 84 174 228
-0.0014 -0.6448 0.1230 84 176 226
0.0120 -0.6116 0.1263 125 193 236
0.0121 -0.6111 0.1277 122 192 248
0.0104 -0.6198 0.1268 123 191 245
0.0103 -0.6202 0.1256 125 192 237
0.0114 -0.6121 0.1249 116 195 226
0.0126 -0.6045 0.1253 117 194 226
0.0080 -0.6297 0.1250 123 190 236
0.0080 -0.6297 0.1260 123 189 244
0.0050 -0.6377 0.1234 119 186 233
0.0077 -0.6293 0.1240 119 191 230
0.0098 -0.6205 0.1244 117 194 228
0.0109 -0.6021 0.1430 95 194 255
0.0111 -0.6021 0.1429 118 186 249
0.0113 -0.6011 0.1431 96 188 255
0.0103 -0.6031 0.1430 96 192 255
0.0104 -0.6032 0.1429 114 180 248
0.0094 -0.6037 0.1430 93 192 255
0.0094 -0.6039 0.1429 105 176 250
0.0084 -0.6040 0.1431 93 194 255
0.0115 -0.6007 0.1433 102 178 252
0.0119 -0.6005 0.1432 118 179 242
0.0118 -0.6005 0.1435 110 176 247
0.0115 -0.6010 0.1430 117 183 248
0.0104 -0.6032 0.1451 115 177 238
0.0111 -0.6023 0.1451 120 181 238
0.0110 -0.6023 0.1455 118 185 249
0.0102 -0.6032 0.1455 111 178 248
0.0094 -0.6039 0.1449 111 175 235
0.0066 -0.6095 0.1415 109 190 255
0.0066 -0.6073 0.1424 108 191 255
0.0058 -0.6076 0.1431 126 193 241
0.0055 -0.6096 0.1427 125 192 244
0.0067 -0.6131 0.1405 112 192 254
0.0083 -0.6096 0.1406 107 188 255
0.0082 -0.6071 0.1420 105 191 255
0.0096 -0.6092 0.1400 110 187 254
0.0110 -0.6081 0.1393 114 187 252
0.0097 -0.6068 0.1409 109 190 255
0.0110 -0.6097 0.1382 117 187 250
0.0116 -0.6014 0.1448 122 185 234
0.0116 -0.6013 0.1451 123 188 245
0.0119 -0.6004 0.1445 122 185 235
0.0119 -0.6006 0.1448 125 188 242
0.0120 -0.5985 0.1304 52 206 232
0.0129 -0.5955 0.1303 90 198 219
0.0128 -0.5966 0.1302 83 201 220
0.0122 -0.5990 0.1302 72 201 221
0.0110 -0.6028 0.1305 62 203 224
0.0112 -0.6011 0.1308 54 206 230
0.0121 -0.5982 0.1306 51 207 246
0.0146 -0.5999 0.1305 107 196 222
0.0143 -0.6028 0.1307 118 191 228
0.0137 -0.6000 0.1302 94 199 220
0.0150 -0.5967 0.1307 99 199 220
0.0154 -0.5993 0.1311 120 194 228
0.0151 -0.6015 0.1314 123 191 232
0.0154 -0.5897 0.1291 116 186 227
0.0154 -0.5909 0.1301 111 186 225
0.0146 -0.5900 0.1285 127 193 237
0.0153 -0.5880 0.1280 117 192 226
0.0164 -0.5890 0.1299 122 191 230
0.0155 -0.5918 0.1305 104 191 222
0.0154 -0.5929 0.1307 101 195 221
0.0142 -0.5921 0.1303 108 184 225
0.0166 -0.5904 0.1308 120 192 228
0.0166 -0.5917 0.1311 119 194 227
0.0153 -0.5945 0.1307 99 197 220
0.0140 -0.5964 0.1307 95 199 220
0.0142 -0.5941 0.1306 95 197 220
0.0165 -0.5930 0.1313 119 195 227
0.0162 -0.5947 0.1312 117 196 226
0.0143 -0.6043 0.1326 124 189 236
0.0141 -0.6056 0.1346 125 188 241
0.0133 -0.6044 0.1301 109 194 223
0.0150 -0.6027 0.1332 125 189 238
0.0146 -0.6039 0.1357 124 188 242
0.0142 -0.5987 0.1414 126 192 243
0.0146 -0.5961 0.1421 127 193 241
0.0142 -0.5972 0.1436 124 188 245
0.0138 -0.5990 0.1427 119 186 249
0.0138 -0.6008 0.1409 124 190 246
0.0142 -0.6002 0.1398 125 193 245
0.0146 -0.5980 0.1402 126 194 243
0.0132 -0.6029 0.1403 118 187 250
0.0133 -0.6009 0.1420 112 185 252
0.0125 -0.6032 0.1410 108 185 254
0.0128 -0.6048 0.1396 116 185 250
0.0138 -0.6033 0.1391 121 188 247
0.0139 -0.6020 0.1396 123 191 247
0.0114 -0.5992 0.1518 110 189 255
0.0091 -0.5994 0.1528 97 188 255
0.0109 -0.6018 0.1510 109 188 255
0.0122 -0.6015 0.1498 121 188 247
0.0130 -0.5987 0.1504 121 190 249
0.0118 -0.5962 0.1526 111 191 255
0.0028 -0.6374 0.1202 103 188 224
0.0011 -0.6373 0.1195 97 189 222
0.0025 -0.6346 0.1194 99 191 222
0.0090 -0.6038 0.1187 120 193 229
0.0103 -0.5963 0.1184 119 194 227
0.0105 -0.6012 0.1231 121 192 230
0.0122 -0.5993 0.1242 114 192 225
0.0112 -0.6054 0.1246 110 195 223
0.0114 -0.5975 0.1223 122 190 231
0.0129 -0.5948 0.1232 120 192 228
0.0103 -0.6127 0.1244 108 197 223
0.0091 -0.6205 0.1239 110 197 224
0.0090 -0.6139 0.1236 118 196 228
0.0097 -0.6069 0.1237 119 195 228
0.0075 -0.6281 0.1233 118 193 229
0.0060 -0.6336 0.1227 122 190 236
0.0064 -0.6311 0.1221 121 192 233
0.0072 -0.6272 0.1226 121 194 231
0.0083 -0.6211 0.1232 118 195 228
0.0128 -0.5784 0.1230 126 205 232
0.0135 -0.5786 0.1258 127 205 234
0.0138 -0.5831 0.1236 127 203 233
0.0117 -0.5804 0.1201 120 203 227
0.0097 -0.5741 0.1191 118 204 225
0.0116 -0.5733 0.1227 126 205 232
0.0124 -0.5738 0.1257 128 206 235
0.0140 -0.5787 0.1272 125 207 231
0.0149 -0.5827 0.1268 121 201 227
0.0143 -0.5828 0.1259 126 202 233
0.0128 -0.5741 0.1275 127 207 234
0.0145 -0.5787 0.1283 123 207 230
0.0127 -0.5804 0.1402 128 205 242
0.0128 -0.5801 0.1414 123 202 229
0.0136 -0.5829 0.1415 123 204 229
0.0136 -0.5840 0.1407 127 207 239
0.0134 -0.5807 0.1390 122 205 250
0.0127 -0.5756 0.1383 121 203 251
0.0120 -0.5746 0.1395 129 201 241
0.0147 -0.5627 0.1393 108 192 221
0.0171 -0.5606 0.1403 124 194 229
0.0167 -0.5720 0.1430 124 196 229
0.0143 -0.5729 0.1416 109 195 222
0.0125 -0.5637 0.1388 116 193 224
0.0130 -0.5526 0.1355 110 189 222
0.0153 -0.5516 0.1357 107 189 222
0.0180 -0.5564 0.1426 131 198 238
0.0176 -0.5510 0.1455 131 200 243
0.0172 -0.5576 0.1478 131 201 241
0.0174 -0.5643 0.1448 130 198 238
0.0176 -0.5499 0.1366 124 192 228
0.0186 -0.5470 0.1389 132 197 238
0.0104 -0.5681 0.1227 126 203 230
0.0114 -0.5688 0.1252 129 204 236
0.0085 -0.5673 0.1198 121 203 226
0.0094 -0.5622 0.1217 122 197 226
0.0107 -0.5626 0.1236 129 199 234
0.0059 -0.5725 0.1166 112 202 222
0.0073 -0.5615 0.1192 120 198 225
0.0114 -0.5689 0.1270 129 205 238
0.0116 -0.5690 0.1285 126 206 231
0.0107 -0.5624 0.1254 130 200 241
0.0103 -0.5625 0.1277 130 200 236
0.0119 -0.5648 0.1380 130 199 237
0.0123 -0.5737 0.1407 121 197 226
0.0123 -0.5665 0.1372 123 203 250
0.0121 -0.5557 0.1349 131 201 241
0.0121 -0.5536 0.1351 128 195 231
0.0157 -0.5418 0.1306 109 184 224
0.0180 -0.5401 0.1312 124 188 229
0.0134 -0.5429 0.1306 110 184 224
0.0137 -0.5347 0.1226 112 179 228
0.0160 -0.5336 0.1225 112 179 228
0.0191 -0.5372 0.1328 132 196 237
0.0192 -0.5336 0.1355 133 201 241
0.0183 -0.5433 0.1421 131 201 242
0.0184 -0.5317 0.1227 126 186 232
0.0196 -0.5281 0.1236 133 196 237
0.0087 -0.5546 0.1188 115 189 224
0.0109 -0.5545 0.1206 124 191 229
0.0061 -0.5543 0.1166 119 191 225
0.0083 -0.5468 0.1133 109 181 226
0.0114 -0.5464 0.1150 117 183 228
0.0044 -0.5543 0.1140 124 193 228
0.0052 -0.5472 0.1115 119 184 228
0.0115 -0.5538 0.1223 131 195 237
0.0115 -0.5527 0.1240 131 195 237
0.0129 -0.5452 0.1165 129 190 234
0.0125 -0.5438 0.1304 126 191 230
0.0124 -0.5451 0.1300 132 199 239
0.0128 -0.5366 0.1223 133 200 239
0.0129 -0.5356 0.1226 128 188 232
0.0126 -0.5474 0.1292 132 200 240
0.0124 -0.5565 0.1333 131 201 240
0.0125 -0.5497 0.1279 131 197 238
0.0131 -0.5400 0.1207 132 201 240
0.0129 -0.5382 0.1217 132 201 240
0.0165 -0.5271 0.1098 112 175 232
0.0191 -0.5251 0.1098 127 185 235
0.0140 -0.5281 0.1101 111 175 232
0.0141 -0.5240 0.0950 111 174 235
0.0171 -0.5231 0.0946 112 174 236
0.0201 -0.5210 0.1105 134 198 238
0.0200 -0.5164 0.1127 134 204 238
0.0198 -0.5240 0.1257 133 201 239
0.0199 -0.5209 0.0944 128 185 237
0.0206 -0.5164 0.0950 134 201 239
0.0195 -0.5095 0.0971 132 213 238
0.0086 -0.5407 0.1049 107 175 230
0.0119 -0.5401 0.1061 112 177 231
0.0097 -0.5373 0.0941 106 172 236
0.0126 -0.5365 0.0948 111 174 236
0.0139 -0.5387 0.1071 127 185 235
0.0145 -0.5368 0.1078 132 199 239
0.0133 -0.5436 0.1179 132 196 239
0.0146 -0.5349 0.0951 126 183 237
0.0130 -0.5289 0.1102 128 186 234
0.0130 -0.5298 0.1101 133 201 238
0.0130 -0.5258 0.0951 133 204 238
0.0130 -0.5249 0.0951 128 186 237
0.0131 -0.5311 0.1098 132 205 240
0.0136 -0.5327 0.1092 132 206 241
0.0140 -0.5285 0.0952 130 211 240
0.0133 -0.5269 0.0951 131 211 239
0.0175 -0.5222 0.0789 113 174 239
0.0207 -0.5198 0.0786 129 186 239
0.0142 -0.5234 0.0792 114 175 239
0.0215 -0.5150 0.0786 134 202 239
0.0203 -0.5098 0.0794 131 213 238
0.0154 -0.5346 0.0817 125 183 240
0.0164 -0.5321 0.0813 133 201 239
0.0154 -0.5328 0.0951 133 200 239
0.0129 -0.5366 0.0818 111 174 240
0.0130 -0.5245 0.0792 130 189 239
0.0131 -0.5254 0.0792 132 209 238
0.0137 -0.5264 0.0795 127 216 238
0.0146 -0.5277 0.0801 128 215 238
0.0164 -0.5456 0.1487 129 202 246
0.0171 -0.5392 0.1454 130 203 245
0.0146 -0.5412 0.1512 123 206 251
0.0138 -0.5444 0.1532 119 207 252
0.0161 -0.5500 0.1506 129 204 245
0.0182 -0.5298 0.1390 131 204 244
0.0166 -0.5257 0.1414 127 209 248
0.0149 -0.5350 0.1484 122 209 250
0.0191 -0.5202 0.1295 133 205 241
0.0192 -0.5131 0.1171 133 209 240
0.0184 -0.5081 0.1072 130 215 239
0.0170 -0.5075 0.1138 124 220 241
0.0178 -0.5113 0.1227 127 217 242
-0.0171 -0.5024 0.0682 71 225 235
-0.0189 -0.5057 0.0511 71 225 236
-0.0237 -0.5105 0.0542 60 216 237
-0.0134 -0.5007 0.0668 93 230 234
0.0074 -0.5018 0.0672 76 227 235
0.0105 -0.5007 0.0668 98 230 234
0.0069 -0.5040 0.0507 86 230 237
0.0034 -0.5051 0.0529 108 229 237
0.0036 -0.5034 0.0782 79 228 235
0.0051 -0.5034 0.0705 75 227 236
0.0176 -0.5061 0.0816 126 220 239
0.0208 -0.5105 0.0542 129 216 237
0.0142 -0.5024 0.0682 120 225 235
0.0170 -0.5048 0.0727 126 220 237
0.0160 -0.5057 0.0511 119 225 236
-0.0014 -0.4961 0.0723 96 231 238
0.0022 -0.5039 0.0740 114 227 237
-0.0165 -0.5264 0.0795 60 216 238
-0.0181 -0.5308 0.0544 59 216 237
-0.0190 -0.5320 0.0551 57 213 237
-0.0160 -0.5254 0.0792 55 209 238
0.0075 -0.6106 0.1459 122 186 235
0.0064 -0.6116 0.1445 118 193 228
0.0083 -0.6075 0.1454 115 194 226
0.0065 -0.6121 0.1462 116 181 248
0.0055 -0.6108 0.1435 123 195 231
0.0065 -0.6079 0.1441 116 197 226
0.0052 -0.6134 0.1419 121 193 249
0.0128 -0.5996 0.1302 87 199 220
0.0133 -0.5961 0.1304 103 198 221
0.0120 -0.6036 0.1300 81 201 220
0.0134 -0.5931 0.1303 120 189 229
0.0135 -0.5935 0.1303 94 197 220
0.0128 -0.5950 0.1305 51 208 243
0.0127 -0.5955 0.1306 91 199 255
0.0131 -0.5941 0.1302 126 191 243
0.0140 -0.5919 0.1297 124 187 242
0.0143 -0.5928 0.1305 96 193 220
0.0135 -0.5943 0.1304 101 196 220
0.0151 -0.5907 0.1276 127 203 244
0.0149 -0.5891 0.1261 128 203 238
0.0146 -0.5884 0.1273 128 198 235
0.0149 -0.5929 0.1288 120 199 251
0.0150 -0.5917 0.1247 125 197 232
0.0168 -0.5940 0.1345 127 195 242
0.0165 -0.5943 0.1355 126 195 245
0.0165 -0.5961 0.1344 127 194 242
0.0165 -0.5961 0.1334 127 194 239
0.0168 -0.5941 0.1335 128 194 240
0.0171 -0.5920 0.1336 128 196 240
0.0170 -0.5918 0.1346 127 197 243
0.0167 -0.5917 0.1354 126 198 245
0.0167 -0.5945 0.1323 127 194 235
0.0163 -0.5965 0.1322 126 194 235
0.0170 -0.5926 0.1324 127 195 236
0.0162 -0.5980 0.1343 127 193 241
0.0162 -0.5964 0.1354 126 194 244
0.0159 -0.5983 0.1352 126 193 244
0.0158 -0.5996 0.1341 127 192 240
0.0159 -0.5993 0.1334 127 192 239
0.0162 -0.5980 0.1334 127 193 239
0.0159 -0.5986 0.1321 126 193 235
0.0159 -0.5968 0.1311 117 195 226
0.0156 -0.6003 0.1325 126 191 237
0.0155 -0.6012 0.1337 126 191 239
0.0156 -0.6000 0.1351 126 193 242
0.0153 -0.6017 0.1353 126 191 242
0.0150 -0.5967 0.1392 126 195 245
0.0147 -0.5989 0.1390 125 194 245
0.0152 -0.5976 0.1379 126 194 245
0.0155 -0.5955 0.1381 125 196 246
0.0152 -0.5937 0.1392 126 198 246
0.0149 -0.5945 0.1406 128 197 241
0.0161 -0.5947 0.1368 126 195 246
0.0158 -0.5968 0.1367 126 194 245
0.0163 -0.5921 0.1367 126 198 246
0.0157 -0.5927 0.1380 125 198 247
0.0155 -0.5987 0.1366 126 194 245
0.0151 -0.5993 0.1378 125 195 246
0.0153 -0.6003 0.1366 126 194 244
0.0149 -0.6020 0.1370 125 191 244
0.0141 -0.6039 0.1376 123 187 245
0.0150 -0.6005 0.1376 125 194 245
0.0145 -0.6018 0.1383 124 192 246
0.0145 -0.6006 0.1388 125 194 246
0.0151 -0.5893 0.1389 125 201 248
0.0147 -0.5890 0.1401 128 202 242
0.0158 -0.5890 0.1376 124 201 248
0.0148 -0.5847 0.1384 123 203 250
0.0163 -0.5889 0.1365 125 200 247
0.0167 -0.5889 0.1353 126 200 246
0.0166 -0.5857 0.1352 127 201 245
0.0162 -0.5853 0.1362 125 201 247
0.0156 -0.5850 0.1372 123 202 249
0.0143 -0.5810 0.1379 119 204 252
0.0141 -0.5843 0.1396 125 206 247
0.0153 -0.5813 0.1369 121 203 251
0.0148 -0.5773 0.1368 120 203 252
0.0138 -0.5765 0.1375 115 203 254
0.0159 -0.5816 0.1360 125 202 248
0.0164 -0.5823 0.1349 127 202 244
0.0160 -0.5781 0.1345 128 204 242
0.0155 -0.5777 0.1359 125 204 247
0.0145 -0.5706 0.1314 127 207 233
0.0136 -0.5682 0.1315 126 209 233
0.0138 -0.5691 0.1344 129 207 239
0.0122 -0.5661 0.1303 125 207 231
0.0128 -0.5649 0.1338 129 204 235
0.0130 -0.5696 0.1299 120 207 227
0.0142 -0.5741 0.1299 120 205 227
0.0132 -0.5741 0.1287 123 207 229
0.0147 -0.5736 0.1358 128 204 244
0.0148 -0.5733 0.1346 128 206 241
0.0137 -0.5689 0.1357 129 205 239
0.0142 -0.5725 0.1366 122 204 250
0.0133 -0.5696 0.1369 117 203 253
0.0136 -0.5683 0.1362 127 204 245
0.0129 -0.5640 0.1361 126 204 248
0.0129 -0.5635 0.1351 130 202 238
0.0123 -0.5590 0.1319 130 198 235
0.0170 -0.5893 0.1344 127 199 244
0.0172 -0.5900 0.1334 128 198 240
0.0172 -0.5880 0.1332 128 200 240
0.0169 -0.5867 0.1343 128 201 243
0.0171 -0.5909 0.1322 127 197 235
0.0171 -0.5893 0.1319 128 198 235
0.0168 -0.5839 0.1338 128 202 242
0.0170 -0.5858 0.1325 128 201 238
0.0167 -0.5836 0.1316 128 202 237
0.0165 -0.5812 0.1331 129 203 239
0.0169 -0.5876 0.1311 128 199 235
0.0162 -0.5873 0.1287 122 195 229
0.0166 -0.5858 0.1301 127 201 234
0.0151 -0.5782 0.1296 123 206 230
0.0152 -0.5745 0.1312 127 205 233
0.0158 -0.5780 0.1310 127 204 234
0.0160 -0.5805 0.1304 127 204 234
0.0156 -0.5890 0.1477 128 194 240
0.0147 -0.5936 0.1472 127 191 241
0.0157 -0.5892 0.1467 128 194 240
0.0162 -0.5848 0.1468 128 196 239
0.0164 -0.5840 0.1480 129 195 239
0.0155 -0.5892 0.1488 128 194 241
0.0157 -0.5891 0.1455 128 195 239
0.0162 -0.5850 0.1455 128 196 237
0.0152 -0.5927 0.1452 127 193 241
0.0157 -0.5898 0.1444 128 196 237
0.0158 -0.5857 0.1441 126 198 232
0.0144 -0.5955 0.1449 125 190 243
0.0137 -0.5975 0.1445 123 186 244
0.0149 -0.5944 0.1441 127 192 241
0.0149 -0.5933 0.1463 127 191 242
0.0139 -0.5964 0.1457 125 188 242
0.0152 -0.5908 0.1499 127 193 243
0.0156 -0.5872 0.1509 127 193 244
0.0144 -0.5895 0.1523 121 191 250
0.0142 -0.5926 0.1514 121 192 250
0.0144 -0.5948 0.1495 126 191 242
0.0145 -0.5940 0.1483 127 191 239
0.0121 -0.5933 0.1533 112 191 255
0.0090 -0.5922 0.1554 100 189 255
0.0087 -0.5955 0.1545 97 189 255
0.0137 -0.5956 0.1509 121 191 249
0.0122 -0.5903 0.1543 112 189 254
0.0165 -0.5806 0.1451 128 197 235
0.0165 -0.5807 0.1465 129 196 238
0.0161 -0.5799 0.1437 121 197 227
0.0169 -0.5756 0.1451 129 197 236
0.0168 -0.5769 0.1464 129 197 238
0.0144 -0.5798 0.1425 113 199 223
0.0146 -0.5843 0.1425 121 202 228
0.0169 -0.5789 0.1480 129 196 238
0.0171 -0.5741 0.1476 129 197 238
0.0171 -0.5765 0.1498 129 197 241
0.0164 -0.5834 0.1496 128 195 242
0.0173 -0.5697 0.1465 130 198 237
0.0175 -0.5649 0.1488 130 199 239
0.0175 -0.5703 0.1497 130 198 240
0.0102 -0.5477 0.1561 101 208 255
0.0140 -0.5495 0.1549 118 207 253
0.0099 -0.5440 0.1549 103 208 255
0.0061 -0.5456 0.1557 86 207 255
0.0061 -0.5489 0.1568 82 209 255
0.0093 -0.5522 0.1574 99 205 255
0.0046 -0.6138 0.1464 107 182 253
0.0066 -0.6098 0.1484 104 182 254
0.0039 -0.6105 0.1491 101 184 255
0.0023 -0.6148 0.1471 106 185 255
0.0029 -0.6191 0.1445 112 189 254
0.0135 -0.5975 0.1466 125 189 239
0.0133 -0.5984 0.1476 125 189 237
0.0124 -0.6001 0.1460 122 185 234
0.0131 -0.5985 0.1452 123 185 240
0.0134 -0.5986 0.1489 126 190 240
0.0067 -0.6189 0.1393 113 193 254
0.0121 -0.5874 0.1559 110 188 254
0.0092 -0.5869 0.1576 100 187 255
0.0091 -0.5895 0.1564 100 187 255
0.0143 -0.5865 0.1542 120 190 250
0.0139 -0.5844 0.1557 109 207 255
0.0118 -0.5853 0.1570 105 207 255
0.0155 -0.5845 0.1529 126 194 246
0.0162 -0.5807 0.1521 127 196 245
0.0150 -0.5830 0.1545 109 204 255
0.0060 -0.5849 0.1589 88 190 255
0.0035 -0.5803 0.1597 85 197 255
0.0026 -0.5814 0.1592 70 193 255
0.0055 -0.5869 0.1581 84 187 255
0.0092 -0.5852 0.1582 105 210 255
0.0063 -0.5835 0.1591 110 209 255
0.0029 -0.5721 0.1596 92 200 255
0.0039 -0.5633 0.1590 92 201 255
0.0017 -0.5720 0.1591 66 200 255
0.0036 -0.5727 0.1591 125 197 249
0.0056 -0.5649 0.1583 109 193 255
0.0033 -0.5740 0.1574 129 196 236
0.0047 -0.5688 0.1562 121 185 246
0.0042 -0.5796 0.1595 119 205 252
0.0041 -0.5800 0.1582 126 208 235
0.0029 -0.5753 0.1556 129 197 237
0.0039 -0.5709 0.1542 120 184 247
0.0062 -0.5834 0.1582 116 220 235
0.0088 -0.5850 0.1576 100 227 237
0.0058 -0.5838 0.1570 115 220 234
0.0038 -0.5806 0.1567 126 209 235
0.0090 -0.5676 0.1547 98 183 255
0.0133 -0.5699 0.1535 85 190 255
0.0109 -0.5643 0.1563 102 190 255
0.0047 -0.5688 0.1562 121 185 246
0.0079 -0.5701 0.1530 96 183 255
0.0147 -0.5752 0.1531 73 197 255
0.0145 -0.5806 0.1534 67 205 255
0.0156 -0.5799 0.1537 107 200 255
0.0160 -0.5738 0.1536 106 196 255
0.0119 -0.5723 0.1522 79 190 255
0.0134 -0.5770 0.1521 70 198 255
0.0142 -0.5832 0.1543 66 216 251
0.0133 -0.5843 0.1555 75 225 246
0.0135 -0.5817 0.1526 65 205 255
0.0134 -0.5840 0.1536 64 217 249
0.0113 -0.5851 0.1567 85 229 241
0.0126 -0.5849 0.1547 70 225 241
0.0108 -0.5855 0.1558 83 228 238
0.0032 -0.5536 0.1569 66 208 253
0.0015 -0.5615 0.1572 60 204 251
0.0042 -0.5554 0.1582 78 205 255
0.0065 -0.5520 0.1575 88 206 255
0.0032 -0.5509 0.1556 68 207 254
0.0006 -0.5589 0.1554 96 205 255
0.0008 -0.5720 0.1580 63 200 254
-0.0001 -0.5720 0.1574 100 200 255
0.0017 -0.5821 0.1584 73 195 255
0.0025 -0.5621 0.1586 70 204 255
-0.0159 -0.5245 0.0792 57 189 239
-0.0175 -0.5287 0.0539 56 190 241
-0.0171 -0.5234 0.0792 73 175 239
-0.0188 -0.5272 0.0539 68 178 242
-0.0014 -0.6280 0.1447 85 189 255
0.0016 -0.6278 0.1432 105 192 255
0.0013 -0.6200 0.1454 109 189 255
-0.0014 -0.6366 0.1417 85 190 255
0.0027 -0.6257 0.1429 109 193 255
0.0038 -0.6273 0.1420 115 194 253
0.0118 -0.6027 0.1416 100 185 255
0.0125 -0.6008 0.1423 99 185 255
0.0113 -0.6021 0.1421 110 183 252
0.0105 -0.6034 0.1417 109 182 252
0.0108 -0.6043 0.1410 103 187 255
0.0111 -0.6020 0.1426 122 184 243
0.0116 -0.6008 0.1428 119 182 245
0.0104 -0.6032 0.1424 117 179 242
0.0132 -0.5984 0.1443 120 182 243
0.0126 -0.5993 0.1450 119 181 236
0.0128 -0.5989 0.1442 119 180 241
0.0130 -0.5989 0.1435 114 179 247
0.0135 -0.5984 0.1436 116 182 248
0.0132 -0.5993 0.1429 106 182 254
0.0126 -0.5996 0.1430 111 180 250
0.0122 -0.6001 0.1431 119 180 243
0.0124 -0.5997 0.1434 119 180 242
0.0120 -0.6002 0.1434 119 180 242
0.0119 -0.6007 0.1426 108 182 253
0.0068 -0.6063 0.1444 116 198 226
0.0060 -0.6064 0.1433 126 193 241
0.0062 -0.6056 0.1435 125 188 239
0.0070 -0.6053 0.1447 117 186 229
0.0082 -0.6056 0.1455 107 201 222
0.0097 -0.6032 0.1460 112 179 248
0.0107 -0.6021 0.1459 117 185 250
0.0105 -0.6020 0.1463 110 181 228
0.0094 -0.6034 0.1463 111 185 226
0.0087 -0.6041 0.1456 110 174 243
0.0091 -0.6041 0.1452 106 173 245
0.0095 -0.6043 0.1462 100 199 221
0.0108 -0.6026 0.1464 98 193 221
0.0081 -0.6046 0.1457 113 189 225
0.0118 -0.6008 0.1458 103 183 224
0.0115 -0.6006 0.1457 113 179 231
0.0123 -0.5995 0.1449 119 181 237
0.0095 -0.6052 0.1415 107 190 255
0.0114 -0.6058 0.1401 110 187 254
0.0093 -0.6043 0.1420 109 182 252
0.0080 -0.6049 0.1424 106 184 254
0.0080 -0.6056 0.1422 105 192 255
0.0093 -0.6040 0.1425 109 174 244
0.0083 -0.6044 0.1430 101 180 254
0.0081 -0.6046 0.1427 105 175 249
0.0067 -0.6061 0.1426 110 192 255
0.0068 -0.6054 0.1428 109 187 254
0.0069 -0.6046 0.1437 112 195 224
0.0075 -0.6047 0.1440 107 190 223
0.0064 -0.6052 0.1433 121 185 246
0.0066 -0.6048 0.1433 118 185 249
0.0067 -0.6044 0.1434 126 193 243
0.0069 -0.6036 0.1435 127 193 240
0.0073 -0.6042 0.1432 99 194 255
0.0072 -0.6048 0.1431 101 185 255
0.0070 -0.6051 0.1430 104 181 254
0.0124 -0.5996 0.1443 121 182 241
0.0124 -0.5996 0.1438 119 181 242
0.0121 -0.6000 0.1448 123 186 243
0.0121 -0.6000 0.1436 118 180 244
0.0152 -0.5927 0.1432 128 195 238
0.0152 -0.5904 0.1423 127 199 235
0.0153 -0.5923 0.1445 128 194 240
0.0146 -0.5874 0.1415 127 203 234
0.0126 -0.6061 0.1385 118 185 249
0.0127 -0.6071 0.1372 121 186 247
0.0130 -0.6079 0.1357 123 188 245
0.0115 -0.6009 0.1455 122 188 247
0.0082 -0.6046 0.1445 109 175 234
0.0077 -0.6048 0.1445 106 172 241
0.0076 -0.6048 0.1449 111 174 239
0.0015 -0.6477 0.1360 113 180 248
0.0009 -0.6487 0.1353 104 174 248
0.0020 -0.6476 0.1348 118 183 246
0.0022 -0.6464 0.1359 120 187 246
0.0018 -0.6467 0.1367 118 185 246
0.0013 -0.6469 0.1375 106 179 252
0.0006 -0.6475 0.1374 98 176 253
0.0020 -0.6458 0.1372 122 190 245
0.0022 -0.6454 0.1368 121 190 246
0.0020 -0.6455 0.1378 123 191 243
0.0018 -0.6463 0.1376 115 184 249
0.0042 -0.6385 0.1385 119 191 249
0.0033 -0.6394 0.1398 115 190 252
0.0039 -0.6393 0.1385 118 185 247
0.0043 -0.6396 0.1373 117 185 248
0.0048 -0.6389 0.1368 120 188 247
0.0036 -0.6397 0.1384 113 177 244
0.0032 -0.6400 0.1394 120 187 246
0.0031 -0.6404 0.1391 121 185 240
0.0034 -0.6401 0.1378 104 179 252
0.0038 -0.6400 0.1375 112 182 250
0.0469 -0.4283 -0.0565 129 219 227
0.0397 -0.4312 -0.0683 130 211 223
0.0456 -0.4237 -0.0537 135 214 228
0.0543 -0.4295 -0.0434 131 221 230
0.0564 -0.4332 -0.0471 126 225 232
0.0489 -0.4320 -0.0584 123 225 228
0.0364 -0.4415 -0.0735 131 204 223
0.0397 -0.4312 -0.0683 130 211 223
0.0419 -0.4344 -0.0680 119 216 221
0.0381 -0.4433 -0.0720 121 205 219
0.0352 -0.4550 -0.0755 134 202 227
0.0639 -0.4633 -0.0142 129 200 250
0.0630 -0.4497 -0.0140 132 208 248
0.0572 -0.4620 -0.0074 125 199 252
0.0564 -0.4771 -0.0109 121 192 252
0.0635 -0.4781 -0.0179 126 193 250
0.0693 -0.4641 -0.0215 133 201 247
0.0677 -0.4515 -0.0207 134 208 246
0.0109 -0.4248 0.0266 107 203 255
0.0027 -0.6407 0.1380 102 189 255
0.0021 -0.6388 0.1386 77 190 255
0.0025 -0.6419 0.1378 107 192 255
0.0032 -0.6411 0.1374 111 188 253
0.0023 -0.6429 0.1378 112 193 255
0.0018 -0.6406 0.1384 105 195 255
0.0017 -0.6407 0.1385 106 196 255
0.0025 -0.6437 0.1373 118 190 250
0.0029 -0.6425 0.1373 115 189 252
0.0020 -0.6432 0.1384 106 202 224
0.0015 -0.6408 0.1386 123 202 236
0.0016 -0.6410 0.1386 101 201 222
0.0022 -0.6425 0.1386 100 200 222
0.0024 -0.6429 0.1387 115 196 228
0.0022 -0.6439 0.1384 116 200 228
0.0024 -0.6414 0.1388 94 198 221
0.0019 -0.6395 0.1389 92 201 221
0.0027 -0.6416 0.1389 113 194 227
0.0026 -0.6468 0.1323 120 185 239
0.0016 -0.6488 0.1317 113 178 237
0.0015 -0.6484 0.1307 113 177 238
0.0026 -0.6466 0.1312 120 184 240
0.0034 -0.6445 0.1316 121 186 241
0.0035 -0.6443 0.1329 121 187 241
0.0027 -0.6467 0.1335 121 186 242
0.0016 -0.6491 0.1332 112 176 242
0.0045 -0.6417 0.1334 122 187 242
0.0043 -0.6425 0.1318 121 186 242
0.0046 -0.6410 0.1348 121 188 244
0.0036 -0.6440 0.1341 121 187 243
0.0043 -0.6428 0.1296 121 186 241
0.0035 -0.6447 0.1294 121 186 241
0.0043 -0.6428 0.1277 119 189 233
0.0051 -0.6406 0.1279 118 190 231
0.0015 -0.6457 0.1384 100 183 255
0.0019 -0.6451 0.1384 113 185 251
0.0019 -0.6439 0.1392 98 186 255
0.0012 -0.6442 0.1391 89 187 255
0.0007 -0.6461 0.1384 93 182 255
0.0025 -0.6415 0.1398 106 189 255
0.0023 -0.6435 0.1391 113 187 252
0.0027 -0.6416 0.1395 118 189 249
0.0018 -0.6414 0.1400 91 189 255
0.0021 -0.6445 0.1384 123 192 241
0.0024 -0.6432 0.1389 123 191 240
0.0028 -0.6417 0.1392 123 190 240
0.0026 -0.6444 0.1365 120 189 247
0.0027 -0.6452 0.1356 120 188 247
0.0033 -0.6434 0.1357 119 187 248
0.0031 -0.6430 0.1365 118 188 249
0.0036 -0.6413 0.1369 116 187 251
0.0039 -0.6412 0.1363 117 186 249
0.0027 -0.6461 0.1346 120 187 245
0.0035 -0.6437 0.1349 119 187 246
0.0044 -0.6410 0.1356 119 187 247
0.0106 -0.6037 0.1503 111 185 253
0.0086 -0.6031 0.1516 97 187 255
0.0093 -0.6052 0.1503 105 184 255
0.0077 -0.6072 0.1498 100 183 255
0.0063 -0.6066 0.1504 96 186 255
0.0510 -0.4337 -0.0608 111 231 232
0.0438 -0.4355 -0.0685 98 225 223
0.0419 -0.4344 -0.0680 119 216 221
0.0586 -0.4356 -0.0516 121 228 234
0.0604 -0.4366 -0.0565 120 229 237
0.0528 -0.4340 -0.0637 103 233 237
0.0376 -0.4671 -0.0742 84 204 218
0.0387 -0.4789 -0.0752 85 200 218
0.0364 -0.4674 -0.0745 121 204 221
0.0366 -0.4555 -0.0732 124 203 221
0.0377 -0.4551 -0.0728 89 206 217
0.0383 -0.4663 -0.0752 63 201 228
0.0398 -0.4778 -0.0763 72 197 222
0.0396 -0.4436 -0.0717 94 211 217
0.0381 -0.4433 -0.0720 121 205 219
0.0419 -0.4344 -0.0680 119 216 221
0.0438 -0.4355 -0.0685 98 225 223
0.0408 -0.4429 -0.0723 69 215 227
0.0385 -0.4541 -0.0735 62 206 229
0.0477 -0.5021 -0.0685 118 186 225
0.0529 -0.5023 -0.0618 122 182 230
0.0429 -0.5092 -0.0670 121 186 226
0.0401 -0.5033 -0.0727 113 191 221
0.0439 -0.4981 -0.0732 108 191 220
0.0517 -0.4949 -0.0706 118 187 223
0.0409 -0.4898 -0.0751 96 197 218
0.0382 -0.4926 -0.0750 108 198 218
0.0370 -0.4797 -0.0753 113 203 219
0.0428 -0.4870 -0.0760 92 195 218
0.0468 -0.4930 -0.0741 107 192 219
0.0541 -0.4335 -0.0670 102 232 239
0.0469 -0.4347 -0.0714 81 229 236
0.0456 -0.4354 -0.0696 83 229 232
0.0615 -0.4366 -0.0617 121 228 238
0.0623 -0.4362 -0.0678 123 227 239
0.0552 -0.4328 -0.0711 105 232 238
0.0670 -0.4424 -0.0570 133 219 236
0.0662 -0.4409 -0.0496 131 221 236
0.0706 -0.4516 -0.0544 138 210 236
0.0708 -0.4523 -0.0641 138 209 238
0.0675 -0.4429 -0.0653 134 218 238
0.0386 -0.4646 -0.0764 59 200 234
0.0404 -0.4757 -0.0775 66 195 225
0.0388 -0.4526 -0.0748 60 206 238
0.0383 -0.4629 -0.0784 59 199 239
0.0404 -0.4733 -0.0791 60 192 234
0.0416 -0.4418 -0.0736 65 216 235
0.0456 -0.4354 -0.0696 83 229 232
0.0469 -0.4347 -0.0714 81 229 236
0.0420 -0.4410 -0.0759 66 218 236
0.0386 -0.4513 -0.0770 60 207 240
0.0722 -0.4651 -0.0556 138 203 236
0.0729 -0.4655 -0.0478 138 203 234
0.0711 -0.4777 -0.0593 135 194 233
0.0711 -0.4739 -0.0668 135 192 234
0.0722 -0.4638 -0.0649 138 202 237
0.0666 -0.4840 -0.0640 127 186 229
0.0714 -0.4835 -0.0514 134 192 233
0.0645 -0.4909 -0.0591 126 185 230
0.0603 -0.4866 -0.0687 120 186 225
0.0615 -0.4814 -0.0717 117 182 226
0.0672 -0.4790 -0.0691 125 183 230
0.0540 -0.4883 -0.0724 116 189 222
0.0576 -0.4939 -0.0656 122 185 226
0.0482 -0.4877 -0.0751 106 192 219
0.0550 -0.4835 -0.0743 113 184 223
0.0437 -0.4834 -0.0769 90 193 218
0.0439 -0.4802 -0.0784 77 185 224
0.0487 -0.4836 -0.0767 101 184 221
0.0563 -0.4327 -0.0766 106 232 237
0.0487 -0.4340 -0.0782 82 229 235
0.0479 -0.4340 -0.0742 82 229 235
0.0635 -0.4359 -0.0751 124 226 238
0.0574 -0.4327 -0.0853 105 232 237
0.0690 -0.4427 -0.0744 134 217 239
0.0723 -0.4519 -0.0743 138 208 239
0.0734 -0.4504 -0.0861 139 208 237
0.0702 -0.4419 -0.0856 135 218 238
0.0646 -0.4356 -0.0853 124 227 238
0.0376 -0.4620 -0.0815 59 199 239
0.0398 -0.4719 -0.0818 60 191 238
0.0380 -0.4509 -0.0805 61 209 239
0.0373 -0.4604 -0.0881 59 200 235
0.0393 -0.4709 -0.0875 60 192 235
0.0421 -0.4408 -0.0795 67 219 236
0.0487 -0.4340 -0.0782 82 229 235
0.0496 -0.4341 -0.0858 83 229 236
0.0426 -0.4407 -0.0866 68 220 236
0.0731 -0.4621 -0.0749 138 200 238
0.0714 -0.4710 -0.0754 134 190 236
0.0714 -0.4691 -0.0864 135 190 235
0.0735 -0.4598 -0.0868 138 199 236
0.0439 -0.3170 -0.0242 147 214 228
0.0402 -0.3146 -0.0320 145 213 226
0.0409 -0.3106 -0.0254 146 217 229
0.0440 -0.3135 -0.0173 146 217 230
0.0457 -0.3109 0.0065 150 209 237
0.0471 -0.3147 -0.0010 150 212 234
0.0461 -0.3114 -0.0020 150 209 233
0.0455 -0.3073 0.0053 149 202 239
0.0430 -0.3051 0.0148 149 206 240
0.0473 -0.3174 -0.0085 149 213 232
0.0463 -0.3183 -0.0162 148 214 230
0.0457 -0.3136 -0.0095 148 215 230
0.0585 -0.4314 -0.0341 133 221 234
0.0527 -0.4249 -0.0396 135 217 230
0.0561 -0.4273 -0.0304 136 218 236
0.0606 -0.4348 -0.0265 133 220 240
0.0641 -0.4385 -0.0308 131 221 238
0.0611 -0.4352 -0.0382 130 223 234
0.0620 -0.4406 -0.0190 132 216 244
0.0572 -0.4312 -0.0231 134 218 241
0.0577 -0.4367 -0.0149 132 216 244
0.0661 -0.4434 -0.0245 133 216 243
0.0482 -0.4185 -0.0137 138 208 244
0.0476 -0.4090 -0.0133 140 203 243
0.0440 -0.4180 -0.0050 136 207 246
0.0470 -0.4261 -0.0060 133 212 247
0.0500 -0.4251 -0.0126 135 214 244
0.0518 -0.4242 -0.0181 137 213 243
0.0516 -0.4202 -0.0214 139 211 241
0.0540 -0.4234 -0.0266 138 214 238
0.0518 -0.4202 -0.0351 138 214 231
0.0511 -0.4124 -0.0271 142 208 235
0.0540 -0.4275 -0.0200 135 216 242
0.0697 -0.4456 -0.0307 135 216 240
0.0711 -0.4519 -0.0278 136 209 243
0.0724 -0.4512 -0.0368 138 211 236
0.0676 -0.4420 -0.0364 132 220 236
0.0640 -0.4385 -0.0434 129 224 235
0.0709 -0.4485 -0.0436 137 213 235
0.0727 -0.4637 -0.0290 136 202 243
0.0695 -0.4779 -0.0254 130 194 247
0.0732 -0.4767 -0.0331 135 196 242
0.0741 -0.4734 -0.0377 137 200 238
0.0742 -0.4635 -0.0360 138 203 238
0.0727 -0.4547 -0.0335 138 207 240
0.0739 -0.4645 -0.0417 138 204 234
0.0737 -0.4786 -0.0432 137 197 235
0.0712 -0.4865 -0.0388 132 188 240
0.0668 -0.4899 -0.0313 128 186 244
0.0669 -0.4938 -0.0458 128 183 236
0.0601 -0.4993 -0.0539 123 181 232
0.0618 -0.4993 -0.0385 123 179 241
0.0546 -0.5055 -0.0462 119 177 238
0.0609 -0.4908 -0.0233 123 186 248
0.0540 -0.4893 -0.0157 117 187 251
0.0499 -0.4979 -0.0199 112 181 250
0.0561 -0.5003 -0.0292 117 179 245
0.0493 -0.5056 -0.0342 113 176 244
0.0437 -0.5019 -0.0217 110 178 248
0.0425 -0.5099 -0.0361 123 182 244
0.0582 -0.4326 -0.0991 105 233 237
0.0649 -0.4351 -0.0996 124 227 237
0.0585 -0.4321 -0.1124 105 232 238
0.0517 -0.4332 -0.1121 85 230 237
0.0508 -0.4338 -0.0990 84 230 236
0.0579 -0.4313 -0.1196 105 232 240
0.0635 -0.4332 -0.1205 125 226 239
0.0571 -0.4301 -0.1229 104 229 245
0.0517 -0.4325 -0.1193 83 229 241
0.0697 -0.4408 -0.1001 135 217 236
0.0723 -0.4483 -0.1007 139 207 235
0.0704 -0.4463 -0.1142 139 207 234
0.0684 -0.4395 -0.1136 136 216 235
0.0673 -0.4382 -0.1220 136 216 235
0.0691 -0.4451 -0.1231 139 207 235
0.0668 -0.4384 -0.1276 137 215 235
0.0629 -0.4314 -0.1255 130 222 241
0.0645 -0.4344 -0.1130 125 226 237
0.0388 -0.4567 -0.1005 60 200 233
0.0379 -0.4501 -0.0875 61 210 236
0.0393 -0.4478 -0.1000 61 211 235
0.0408 -0.4532 -0.1133 60 200 233
0.0430 -0.4610 -0.1148 62 192 232
0.0403 -0.4643 -0.1010 61 194 232
0.0424 -0.4520 -0.1212 60 200 232
0.0412 -0.4454 -0.1127 62 211 234
0.0427 -0.4441 -0.1204 62 211 234
0.0436 -0.4437 -0.1251 61 208 235
0.0435 -0.4520 -0.1259 60 200 233
0.0443 -0.4596 -0.1221 62 192 233
0.0439 -0.4395 -0.0994 69 222 236
0.0508 -0.4338 -0.0990 84 230 236
0.0454 -0.4382 -0.1122 70 222 236
0.0462 -0.4372 -0.1196 69 221 237
0.0517 -0.4332 -0.1121 85 230 237
0.0517 -0.4325 -0.1193 83 229 241
0.0463 -0.4368 -0.1242 66 217 239
0.0722 -0.4566 -0.1013 138 199 234
0.0707 -0.4637 -0.1016 135 192 233
0.0684 -0.4613 -0.1161 135 191 233
0.0703 -0.4539 -0.1147 138 199 233
0.0691 -0.4526 -0.1232 139 199 234
0.0675 -0.4598 -0.1229 136 192 235
0.0674 -0.4595 -0.1270 137 193 240
0.0688 -0.4523 -0.1283 139 200 238
0.0553 -0.4814 -0.0768 109 175 230
0.0489 -0.4818 -0.0790 92 174 230
0.0554 -0.4812 -0.0801 106 172 237
0.0620 -0.4785 -0.0791 115 175 237
0.0619 -0.4790 -0.0752 115 176 231
0.0679 -0.4690 -0.1011 132 188 233
0.0664 -0.4672 -0.1110 132 188 232
0.0686 -0.4721 -0.0914 131 187 233
0.0560 -0.4741 -0.1164 100 174 229
0.0510 -0.4733 -0.1158 80 178 229
0.0558 -0.4715 -0.1211 99 175 228
0.0608 -0.4727 -0.1161 118 179 229
0.0558 -0.4704 -0.1240 99 173 232
0.0513 -0.4693 -0.1238 78 176 234
0.0556 -0.4701 -0.1266 96 173 243
0.0603 -0.4691 -0.1238 117 175 236
0.0603 -0.4700 -0.1208 118 178 230
0.0429 -0.4703 -0.1019 63 190 231
0.0448 -0.4680 -0.1105 64 189 231
0.0422 -0.4742 -0.0935 63 188 232
0.0702 -0.5676 -0.2073 56 201 228
0.0714 -0.5663 -0.2086 53 201 232
0.0721 -0.5699 -0.2104 59 195 227
0.0713 -0.5720 -0.2094 60 196 226
0.0691 -0.5690 -0.2052 51 197 234
0.0682 -0.5634 -0.2032 52 198 234
0.0695 -0.5625 -0.2053 59 201 227
0.0691 -0.5703 -0.2018 51 192 241
0.0691 -0.5690 -0.2052 51 197 234
0.0701 -0.5739 -0.2035 71 173 240
0.0711 -0.5740 -0.2002 77 171 242
0.0703 -0.5713 -0.1985 60 187 249
0.0697 -0.5663 -0.1968 57 193 249
0.0684 -0.5650 -0.2002 51 196 242
0.0796 -0.5692 -0.2021 129 198 242
0.0786 -0.5704 -0.1990 125 194 248
0.0786 -0.5731 -0.2006 110 174 240
0.0795 -0.5726 -0.2038 113 175 240
0.0797 -0.5679 -0.2053 129 201 235
0.0793 -0.5642 -0.2006 129 200 244
0.0779 -0.5655 -0.1972 125 200 249
0.0785 -0.5669 -0.2074 124 205 229
0.0797 -0.5679 -0.2053 129 201 235
0.0781 -0.5711 -0.2093 121 199 226
0.0771 -0.5695 -0.2104 122 198 227
0.0773 -0.5659 -0.2086 128 204 233
0.0784 -0.5619 -0.2055 122 206 227
0.0796 -0.5627 -0.2035 130 203 236
0.0549 -0.5748 -0.2074 56 203 229
0.0561 -0.5739 -0.2087 51 202 234
0.0564 -0.5774 -0.2104 58 195 227
0.0555 -0.5791 -0.2092 59 196 226
0.0537 -0.5759 -0.2052 50 200 235
0.0536 -0.5705 -0.2035 51 201 235
0.0549 -0.5698 -0.2057 59 204 227
0.0537 -0.5774 -0.2014 50 197 242
0.0537 -0.5759 -0.2052 50 200 235
0.0540 -0.5809 -0.2029 65 175 240
0.0551 -0.5814 -0.1993 71 173 242
0.0549 -0.5786 -0.1978 55 192 249
0.0552 -0.5735 -0.1964 55 198 249
0.0538 -0.5720 -0.2002 51 199 243
0.0648 -0.5771 -0.2017 129 195 242
0.0636 -0.5784 -0.1982 123 191 248
0.0633 -0.5810 -0.1996 107 172 240
0.0643 -0.5804 -0.2032 113 175 240
0.0649 -0.5756 -0.2053 129 198 235
0.0650 -0.5720 -0.2004 129 198 243
0.0637 -0.5734 -0.1967 124 196 249
0.0639 -0.5746 -0.2075 125 202 230
0.0649 -0.5756 -0.2053 129 198 235
0.0631 -0.5787 -0.2093 120 194 227
0.0624 -0.5771 -0.2104 121 194 227
0.0629 -0.5736 -0.2088 128 201 234
0.0641 -0.5697 -0.2057 123 203 228
0.0652 -0.5704 -0.2035 129 200 235
0.0390 -0.5704 -0.2081 54 205 231
0.0399 -0.5695 -0.2092 51 204 235
0.0399 -0.5731 -0.2109 56 198 228
0.0392 -0.5746 -0.2101 57 199 227
0.0381 -0.5714 -0.2062 51 203 235
0.0386 -0.5661 -0.2043 51 204 236
0.0395 -0.5655 -0.2062 57 206 229
0.0380 -0.5728 -0.2029 50 201 241
0.0381 -0.5714 -0.2062 51 203 235
0.0378 -0.5760 -0.2046 70 173 238
0.0383 -0.5766 -0.2013 68 174 238
0.0385 -0.5741 -0.1997 53 196 247
0.0394 -0.5690 -0.1981 54 201 247
0.0385 -0.5676 -0.2015 51 202 242
0.0473 -0.5736 -0.2026 127 190 243
0.0458 -0.5746 -0.1994 121 188 249
0.0453 -0.5773 -0.2010 101 170 240
0.0463 -0.5770 -0.2044 103 171 240
0.0479 -0.5723 -0.2059 128 193 236
0.0484 -0.5683 -0.2010 127 192 245
0.0465 -0.5694 -0.1976 123 192 249
0.0472 -0.5711 -0.2080 125 197 230
0.0479 -0.5723 -0.2059 128 193 236
0.0457 -0.5753 -0.2100 121 191 228
0.0454 -0.5735 -0.2110 120 193 227
0.0464 -0.5700 -0.2092 128 198 232
0.0484 -0.5660 -0.2060 123 198 228
0.0493 -0.5669 -0.2039 129 194 237
0.0667 -0.5468 -0.2052 56 191 232
0.0676 -0.5467 -0.2074 56 187 235
0.0690 -0.5495 -0.2068 61 191 227
0.0674 -0.5496 -0.2046 57 193 229
0.0659 -0.5466 -0.2024 52 195 237
0.0656 -0.5439 -0.2028 52 199 237
0.0661 -0.5440 -0.2059 53 195 235
0.0663 -0.5459 -0.1989 53 197 243
0.0659 -0.5466 -0.2024 52 195 237
0.0667 -0.5490 -0.1987 54 194 244
0.0681 -0.5487 -0.1951 58 195 249
0.0675 -0.5450 -0.1957 57 197 248
0.0659 -0.5429 -0.1993 53 198 242
0.0656 -0.5439 -0.2028 52 199 237
0.0770 -0.5447 -0.1999 130 204 244
0.0753 -0.5441 -0.1966 126 204 249
0.0773 -0.5483 -0.1994 129 203 245
0.0775 -0.5454 -0.2031 131 202 235
0.0772 -0.5419 -0.2037 131 201 234
0.0767 -0.5412 -0.2005 130 203 244
0.0761 -0.5457 -0.2056 125 199 227
0.0775 -0.5454 -0.2031 131 202 235
0.0766 -0.5490 -0.2050 123 202 226
0.0745 -0.5492 -0.2069 119 201 224
0.0746 -0.5459 -0.2076 129 197 232
0.0758 -0.5424 -0.2064 126 199 228
0.0772 -0.5419 -0.2037 131 201 234
0.0554 -0.5489 -0.2052 55 198 230
0.0565 -0.5489 -0.2072 54 195 233
0.0570 -0.5538 -0.2066 65 201 223
0.0552 -0.5536 -0.2047 58 200 228
0.0544 -0.5488 -0.2023 52 201 236
0.0546 -0.5448 -0.2028 52 200 236
0.0554 -0.5446 -0.2060 54 197 233
0.0547 -0.5484 -0.1986 52 200 242
0.0544 -0.5488 -0.2023 52 201 236
0.0545 -0.5530 -0.1985 53 200 244
0.0561 -0.5530 -0.1946 57 198 249
0.0558 -0.5479 -0.1949 55 199 247
0.0547 -0.5442 -0.1988 52 199 241
0.0546 -0.5448 -0.2028 52 200 236
0.0654 -0.5482 -0.1984 130 199 244
0.0638 -0.5477 -0.1948 126 199 249
0.0635 -0.5529 -0.1945 125 197 249
0.0652 -0.5529 -0.1984 129 198 244
0.0659 -0.5487 -0.2021 131 199 237
0.0660 -0.5446 -0.2025 132 198 237
0.0655 -0.5441 -0.1987 131 199 243
0.0649 -0.5488 -0.2051 128 197 230
0.0659 -0.5487 -0.2021 131 199 237
0.0648 -0.5535 -0.2045 126 198 229
0.0631 -0.5538 -0.2065 118 200 224
0.0637 -0.5488 -0.2071 129 195 232
0.0651 -0.5445 -0.2058 129 195 232
0.0660 -0.5446 -0.2025 132 198 237
0.0429 -0.5444 -0.2062 55 202 231
0.0437 -0.5443 -0.2080 53 202 234
0.0434 -0.5496 -0.2075 64 203 224
0.0421 -0.5494 -0.2056 56 204 229
0.0421 -0.5444 -0.2036 53 204 236
0.0427 -0.5401 -0.2041 53 203 236
0.0435 -0.5398 -0.2069 54 202 232
0.0422 -0.5442 -0.2004 53 205 241
0.0421 -0.5444 -0.2036 53 204 236
0.0414 -0.5490 -0.2003 53 205 241
0.0431 -0.5440 -0.1971 55 205 245
0.0429 -0.5398 -0.2008 53 204 241
0.0520 -0.5465 -0.1992 129 195 245
0.0505 -0.5456 -0.1959 124 195 250
0.0495 -0.5502 -0.1956 123 194 250
0.0513 -0.5505 -0.1992 128 194 245
0.0526 -0.5472 -0.2027 131 194 238
0.0532 -0.5438 -0.2030 131 193 238
0.0527 -0.5430 -0.1993 129 193 244
0.0519 -0.5467 -0.2056 128 193 231
0.0526 -0.5472 -0.2027 131 194 238
0.0512 -0.5509 -0.2051 127 195 230
0.0497 -0.5508 -0.2072 120 196 225
0.0510 -0.5459 -0.2078 128 191 233
0.0527 -0.5429 -0.2063 128 190 232
0.0532 -0.5438 -0.2030 131 193 238
0.0438 -0.5364 -0.2074 55 199 232
0.0446 -0.5357 -0.2096 55 202 232
0.0442 -0.5395 -0.2089 53 202 236
0.0431 -0.5371 -0.2045 53 200 236
0.0429 -0.5349 -0.2048 54 192 236
0.0436 -0.5339 -0.2078 58 192 230
0.0432 -0.5366 -0.2011 53 200 241
0.0431 -0.5371 -0.2045 53 200 236
0.0427 -0.5401 -0.2041 53 203 236
0.0438 -0.5395 -0.1973 55 204 245
0.0442 -0.5361 -0.1976 56 200 246
0.0429 -0.5343 -0.2013 55 192 242
0.0429 -0.5349 -0.2048 54 192 236
0.0534 -0.5406 -0.1992 124 185 245
0.0524 -0.5387 -0.1957 118 186 250
0.0514 -0.5416 -0.1959 124 192 249
0.0538 -0.5417 -0.2031 128 186 238
0.0543 -0.5411 -0.2031 82 171 236
0.0541 -0.5399 -0.1989 81 176 249
0.0537 -0.5404 -0.2068 121 182 231
0.0538 -0.5417 -0.2031 128 186 238
0.0521 -0.5417 -0.2088 129 189 235
0.0534 -0.5386 -0.2096 126 186 232
0.0546 -0.5397 -0.2070 81 176 228
0.0543 -0.5411 -0.2031 82 171 236
0.0552 -0.5413 -0.2067 55 192 233
0.0557 -0.5402 -0.2094 53 195 235
0.0562 -0.5443 -0.2084 52 197 237
0.0546 -0.5422 -0.2030 53 196 236
0.0545 -0.5412 -0.1989 53 194 241
0.0546 -0.5422 -0.2030 53 196 236
0.0555 -0.5434 -0.1951 55 198 246
0.0551 -0.5398 -0.1951 57 193 246
0.0657 -0.5412 -0.1988 131 198 243
0.0643 -0.5400 -0.1951 126 195 249
0.0640 -0.5434 -0.1950 126 199 249
0.0661 -0.5421 -0.2028 132 198 237
0.0661 -0.5412 -0.2030 102 228 232
0.0659 -0.5400 -0.1989 89 184 255
0.0655 -0.5415 -0.2064 129 191 233
0.0661 -0.5421 -0.2028 132 198 237
0.0640 -0.5443 -0.2082 131 195 235
0.0648 -0.5406 -0.2092 130 193 233
0.0659 -0.5402 -0.2068 82 176 227
0.0661 -0.5412 -0.2030 102 228 232
0.0660 -0.5415 -0.2065 52 198 237
0.0661 -0.5407 -0.2093 53 196 239
0.0666 -0.5439 -0.2084 53 193 238
0.0658 -0.5419 -0.2030 53 206 238
0.0659 -0.5408 -0.1992 52 199 240
0.0658 -0.5419 -0.2030 53 206 238
0.0670 -0.5417 -0.1960 57 196 247
0.0665 -0.5392 -0.1958 60 188 247
0.0765 -0.5382 -0.2008 131 204 244
0.0748 -0.5376 -0.1975 126 205 249
0.0751 -0.5405 -0.1972 126 204 248
0.0770 -0.5388 -0.2040 132 202 235
0.0765 -0.5354 -0.2040 132 206 236
0.0760 -0.5351 -0.2008 130 207 244
0.0756 -0.5390 -0.2069 127 200 229
0.0770 -0.5388 -0.2040 132 202 235
0.0743 -0.5426 -0.2085 131 201 235
0.0742 -0.5391 -0.2092 130 203 231
0.0754 -0.5352 -0.2070 128 204 230
0.0765 -0.5354 -0.2040 132 206 236
0.0413 -0.4597 -0.1465 59 203 237
0.0417 -0.4550 -0.1409 59 203 238
0.0419 -0.4543 -0.1497 61 209 233
0.0416 -0.4623 -0.1578 62 211 231
0.0408 -0.4660 -0.1525 58 204 237
0.0417 -0.4659 -0.1427 59 199 240
0.0422 -0.4616 -0.1375 60 199 241
0.0708 -0.5129 -0.1989 131 204 245
0.0701 -0.5078 -0.1971 132 195 244
0.0689 -0.5130 -0.1949 131 201 246
0.0698 -0.5181 -0.1958 129 204 247
0.0718 -0.5181 -0.1993 130 204 247
0.0724 -0.5147 -0.2025 134 206 240
0.0715 -0.5088 -0.2032 133 208 235
0.0400 -0.5613 -0.2055 56 204 230
0.0391 -0.5616 -0.2037 52 204 235
0.0398 -0.5575 -0.2036 52 205 235
0.0407 -0.5576 -0.2055 55 204 230
0.0409 -0.5612 -0.2071 52 202 234
0.0408 -0.5649 -0.2075 61 209 227
0.0414 -0.5536 -0.2055 55 204 230
0.0405 -0.5535 -0.2034 53 205 235
0.0413 -0.5493 -0.2033 53 205 235
0.0422 -0.5537 -0.2071 54 207 234
0.0415 -0.5575 -0.2071 52 205 236
0.0392 -0.5624 -0.2013 51 203 242
0.0400 -0.5627 -0.1987 53 203 246
0.0407 -0.5573 -0.1988 53 203 245
0.0399 -0.5574 -0.2013 52 204 242
0.0391 -0.5616 -0.2037 52 204 235
0.0386 -0.5661 -0.2043 51 204 236
0.0406 -0.5532 -0.2008 52 204 242
0.0413 -0.5532 -0.1982 54 203 245
0.0413 -0.5493 -0.2033 53 205 235
0.0405 -0.5535 -0.2034 53 205 235
0.0494 -0.5629 -0.2007 127 194 246
0.0493 -0.5669 -0.2039 129 194 237
0.0502 -0.5622 -0.2032 130 195 237
0.0502 -0.5579 -0.2006 127 194 246
0.0488 -0.5578 -0.1980 126 194 248
0.0479 -0.5631 -0.1980 125 194 248
0.0507 -0.5540 -0.1999 128 194 246
0.0514 -0.5545 -0.2027 131 195 238
0.0520 -0.5510 -0.2025 131 195 238
0.0493 -0.5539 -0.1972 125 193 248
0.0493 -0.5618 -0.2053 125 196 229
0.0481 -0.5615 -0.2069 127 192 231
0.0489 -0.5580 -0.2069 130 194 235
0.0500 -0.5581 -0.2052 126 195 230
0.0508 -0.5581 -0.2031 130 195 237
0.0502 -0.5622 -0.2032 130 195 237
0.0506 -0.5546 -0.2050 127 195 230
0.0495 -0.5546 -0.2068 129 197 233
0.0514 -0.5545 -0.2027 131 195 238
0.0549 -0.5657 -0.2050 58 201 227
0.0536 -0.5660 -0.2029 51 200 235
0.0549 -0.5620 -0.2048 57 201 228
0.0562 -0.5621 -0.2065 52 200 234
0.0563 -0.5657 -0.2066 53 198 231
0.0550 -0.5580 -0.2046 58 201 228
0.0537 -0.5619 -0.2026 51 200 235
0.0538 -0.5577 -0.2023 51 201 236
0.0564 -0.5582 -0.2064 54 203 232
0.0540 -0.5668 -0.2000 52 200 244
0.0552 -0.5671 -0.1970 54 200 248
0.0555 -0.5618 -0.1970 54 200 247
0.0542 -0.5618 -0.1999 52 200 245
0.0536 -0.5660 -0.2029 51 200 235
0.0536 -0.5705 -0.2035 51 201 235
0.0543 -0.5573 -0.1992 53 199 244
0.0557 -0.5574 -0.1962 55 198 248
0.0540 -0.5534 -0.2021 52 201 236
0.0538 -0.5577 -0.2023 51 201 236
0.0649 -0.5668 -0.2001 129 199 244
0.0652 -0.5704 -0.2035 129 200 235
0.0653 -0.5660 -0.2028 130 199 236
0.0649 -0.5618 -0.1999 129 198 244
0.0636 -0.5617 -0.1970 127 198 247
0.0638 -0.5671 -0.1972 126 199 247
0.0650 -0.5573 -0.1991 129 197 245
0.0656 -0.5578 -0.2021 131 198 237
0.0658 -0.5533 -0.2019 131 199 237
0.0637 -0.5573 -0.1961 126 196 248
0.0643 -0.5657 -0.2050 125 200 229
0.0632 -0.5657 -0.2066 128 197 232
0.0634 -0.5621 -0.2065 130 199 236
0.0644 -0.5621 -0.2047 126 199 229
0.0653 -0.5660 -0.2028 130 199 236
0.0646 -0.5580 -0.2045 126 199 229
0.0635 -0.5581 -0.2063 129 201 233
0.0656 -0.5578 -0.2021 131 198 237
0.0654 -0.5620 -0.2025 130 199 236
0.0690 -0.5586 -0.2047 58 198 227
0.0677 -0.5590 -0.2025 52 197 234
0.0673 -0.5555 -0.2024 52 196 235
0.0685 -0.5553 -0.2046 58 196 228
0.0703 -0.5583 -0.2064 55 194 231
0.0680 -0.5524 -0.2045 57 195 229
0.0669 -0.5524 -0.2021 52 195 236
0.0692 -0.5523 -0.2064 54 196 232
0.0680 -0.5598 -0.1999 52 197 243
0.0691 -0.5601 -0.1973 55 198 247
0.0689 -0.5551 -0.1973 55 196 247
0.0677 -0.5553 -0.2000 53 196 244
0.0677 -0.5590 -0.2025 52 197 234
0.0682 -0.5634 -0.2032 52 198 234
0.0673 -0.5519 -0.1993 54 194 244
0.0684 -0.5517 -0.1966 56 192 247
0.0664 -0.5496 -0.2020 52 194 237
0.0669 -0.5524 -0.2021 52 195 236
0.0787 -0.5594 -0.2002 128 202 245
0.0796 -0.5627 -0.2035 130 203 236
0.0792 -0.5584 -0.2029 130 203 236
0.0782 -0.5551 -0.2001 129 203 245
0.0767 -0.5552 -0.1972 127 202 248
0.0774 -0.5598 -0.1974 126 202 248
0.0777 -0.5516 -0.1997 129 202 245
0.0783 -0.5518 -0.2026 131 204 236
0.0779 -0.5488 -0.2026 131 203 236
0.0762 -0.5516 -0.1968 126 202 248
0.0780 -0.5580 -0.2049 123 203 227
0.0766 -0.5612 -0.2069 119 207 226
0.0767 -0.5578 -0.2065 128 201 231
0.0776 -0.5548 -0.2049 124 203 228
0.0788 -0.5549 -0.2028 130 204 236
0.0792 -0.5584 -0.2029 130 203 236
0.0771 -0.5519 -0.2049 124 204 227
0.0763 -0.5547 -0.2065 129 205 233
0.0757 -0.5519 -0.2066 126 208 230
0.0779 -0.5488 -0.2026 131 203 236
0.0783 -0.5518 -0.2026 131 204 236
0.0726 -0.5228 -0.1997 129 204 247
0.0707 -0.5227 -0.1964 129 204 247
0.0716 -0.5270 -0.1968 128 206 248
0.0734 -0.5272 -0.2001 129 206 246
0.0737 -0.5221 -0.2024 133 205 241
0.0728 -0.5183 -0.2015 132 205 243
0.0748 -0.5314 -0.2005 129 208 245
0.0729 -0.5311 -0.1972 126 207 248
0.0742 -0.5347 -0.1975 126 206 248
0.0755 -0.5315 -0.2037 132 208 237
0.0744 -0.5270 -0.2031 133 206 239
0.0731 -0.5195 -0.2045 133 205 234
0.0724 -0.5147 -0.2025 134 206 240
0.0728 -0.5183 -0.2015 132 205 243
0.0737 -0.5221 -0.2024 133 205 241
0.0736 -0.5255 -0.2056 131 206 232
0.0723 -0.5238 -0.2077 130 205 231
0.0721 -0.5171 -0.2061 132 205 233
0.0745 -0.5307 -0.2065 129 207 231
0.0744 -0.5270 -0.2031 133 206 239
0.0755 -0.5315 -0.2037 132 208 237
0.0734 -0.5350 -0.2101 123 204 226
0.0730 -0.5296 -0.2088 128 206 229
0.0398 -0.5683 -0.2099 51 202 241
0.0397 -0.5710 -0.2114 54 199 230
0.0407 -0.5656 -0.2086 58 216 236
0.0399 -0.5672 -0.2104 57 212 231
0.0399 -0.5693 -0.2113 60 206 226
0.0466 -0.5688 -0.2100 130 197 238
0.0464 -0.5659 -0.2086 124 213 233
0.0459 -0.5716 -0.2115 122 194 228
0.0460 -0.5698 -0.2114 118 202 225
0.0466 -0.5677 -0.2105 123 206 229
0.0559 -0.5728 -0.2096 51 199 244
0.0559 -0.5756 -0.2110 54 194 230
0.0568 -0.5699 -0.2083 56 215 237
0.0566 -0.5701 -0.2091 59 217 233
0.0557 -0.5718 -0.2101 54 210 234
0.0559 -0.5739 -0.2109 57 203 228
0.0631 -0.5725 -0.2096 129 199 241
0.0624 -0.5698 -0.2083 123 215 235
0.0629 -0.5752 -0.2110 124 195 229
0.0628 -0.5736 -0.2110 119 204 226
0.0632 -0.5716 -0.2101 123 209 230
0.0774 -0.5647 -0.2094 130 201 242
0.0766 -0.5619 -0.2080 124 215 235
0.0774 -0.5676 -0.2109 126 197 230
0.0773 -0.5659 -0.2108 122 205 228
0.0774 -0.5638 -0.2099 126 210 232
0.0767 -0.5621 -0.2088 121 216 232
0.0713 -0.5651 -0.2094 50 198 239
0.0717 -0.5679 -0.2109 56 195 229
0.0717 -0.5622 -0.2080 56 212 234
0.0712 -0.5641 -0.2099 56 207 230
0.0717 -0.5662 -0.2108 59 203 226
0.0757 -0.5521 -0.2078 127 213 237
0.0744 -0.5503 -0.2078 116 217 228
0.0766 -0.5547 -0.2078 130 206 242
0.0757 -0.5523 -0.2087 121 212 228
0.0746 -0.5509 -0.2085 114 216 226
0.0767 -0.5576 -0.2077 131 197 239
0.0763 -0.5599 -0.2077 122 189 229
0.0762 -0.5592 -0.2084 121 190 227
0.0768 -0.5575 -0.2086 125 196 229
0.0692 -0.5525 -0.2077 51 200 239
0.0695 -0.5553 -0.2077 53 194 242
0.0697 -0.5552 -0.2064 53 194 234
0.0694 -0.5505 -0.2078 59 209 229
0.0695 -0.5512 -0.2084 61 208 227
0.0691 -0.5528 -0.2086 57 202 229
0.0703 -0.5581 -0.2077 54 188 239
0.0714 -0.5602 -0.2077 64 183 229
0.0703 -0.5580 -0.2086 60 188 229
0.0713 -0.5596 -0.2084 65 184 227
0.0563 -0.5585 -0.2076 52 206 239
0.0559 -0.5622 -0.2077 52 200 243
0.0572 -0.5556 -0.2076 61 210 227
0.0571 -0.5565 -0.2082 63 210 226
0.0562 -0.5587 -0.2085 58 206 228
0.0562 -0.5655 -0.2078 51 193 239
0.0570 -0.5679 -0.2079 61 187 228
0.0561 -0.5654 -0.2087 57 193 229
0.0569 -0.5671 -0.2085 62 188 226
0.0635 -0.5584 -0.2076 130 204 238
0.0628 -0.5555 -0.2075 121 209 227
0.0637 -0.5621 -0.2077 130 198 243
0.0635 -0.5587 -0.2084 123 205 228
0.0627 -0.5565 -0.2082 118 209 225
0.0633 -0.5655 -0.2078 129 192 239
0.0624 -0.5679 -0.2079 119 187 228
0.0624 -0.5671 -0.2085 117 188 226
0.0633 -0.5653 -0.2086 123 192 228
0.0420 -0.5539 -0.2084 54 211 238
0.0411 -0.5574 -0.2084 52 205 242
0.0434 -0.5514 -0.2084 64 213 227
0.0433 -0.5523 -0.2091 68 213 225
0.0421 -0.5541 -0.2093 62 210 227
0.0408 -0.5609 -0.2083 51 198 238
0.0412 -0.5635 -0.2083 60 191 227
0.0409 -0.5607 -0.2092 58 197 227
0.0414 -0.5626 -0.2090 63 192 225
0.0496 -0.5548 -0.2081 131 200 237
0.0492 -0.5522 -0.2082 123 207 228
0.0492 -0.5581 -0.2080 130 194 242
0.0494 -0.5550 -0.2090 124 201 227
0.0490 -0.5530 -0.2089 120 206 225
0.0482 -0.5614 -0.2081 127 188 238
0.0468 -0.5638 -0.2082 118 185 228
0.0470 -0.5630 -0.2089 115 186 226
0.0482 -0.5612 -0.2090 121 189 228
0.0447 -0.5361 -0.2108 57 207 230
0.0441 -0.5397 -0.2100 53 203 236
0.0459 -0.5338 -0.2115 70 205 222
0.0461 -0.5351 -0.2119 74 205 221
0.0451 -0.5368 -0.2116 67 202 223
0.0534 -0.5383 -0.2110 130 192 233
0.0537 -0.5362 -0.2117 116 195 222
0.0523 -0.5415 -0.2101 130 190 238
0.0530 -0.5386 -0.2117 119 191 224
0.0531 -0.5369 -0.2120 113 195 221
0.0437 -0.5441 -0.2091 53 199 235
0.0440 -0.5479 -0.2084 70 192 223
0.0442 -0.5401 -0.2108 61 199 226
0.0440 -0.5441 -0.2097 62 194 225
0.0443 -0.5468 -0.2090 68 192 223
0.0511 -0.5455 -0.2090 129 189 235
0.0497 -0.5489 -0.2082 116 187 225
0.0498 -0.5477 -0.2089 112 186 224
0.0510 -0.5453 -0.2097 119 187 227
0.0556 -0.5404 -0.2107 53 200 234
0.0560 -0.5445 -0.2095 52 197 239
0.0559 -0.5375 -0.2117 67 199 223
0.0564 -0.5388 -0.2119 71 197 222
0.0559 -0.5411 -0.2113 64 195 225
0.0646 -0.5408 -0.2105 130 197 232
0.0644 -0.5382 -0.2114 116 199 222
0.0641 -0.5445 -0.2094 132 196 238
0.0642 -0.5414 -0.2111 119 194 224
0.0638 -0.5393 -0.2117 113 196 221
0.0565 -0.5487 -0.2083 53 194 236
0.0572 -0.5520 -0.2074 67 190 224
0.0561 -0.5449 -0.2101 60 193 228
0.0566 -0.5487 -0.2088 62 189 227
0.0573 -0.5510 -0.2080 70 188 224
0.0636 -0.5487 -0.2082 130 193 235
0.0628 -0.5520 -0.2073 115 190 224
0.0634 -0.5486 -0.2087 120 189 226
0.0640 -0.5449 -0.2100 123 192 227
0.0742 -0.5396 -0.2107 130 208 235
0.0730 -0.5373 -0.2114 120 209 225
0.0747 -0.5428 -0.2099 131 205 243
0.0741 -0.5403 -0.2117 123 205 226
0.0729 -0.5385 -0.2120 115 207 223
0.0658 -0.5409 -0.2110 52 198 238
0.0665 -0.5441 -0.2099 54 191 239
0.0658 -0.5383 -0.2118 58 204 228
0.0661 -0.5394 -0.2122 63 199 225
0.0659 -0.5414 -0.2119 61 193 227
0.0747 -0.5459 -0.2089 131 196 240
0.0740 -0.5482 -0.2082 122 185 230
0.0740 -0.5476 -0.2090 120 184 229
0.0748 -0.5459 -0.2098 126 190 231
0.0676 -0.5468 -0.2089 57 185 238
0.0688 -0.5486 -0.2081 67 178 232
0.0677 -0.5468 -0.2098 66 182 229
0.0687 -0.5481 -0.2090 70 178 229
0.0544 -0.5267 -0.2112 115 203 221
0.0547 -0.5202 -0.2101 117 204 222
0.0553 -0.5204 -0.2097 90 206 218
0.0550 -0.5274 -0.2108 88 203 218
0.0550 -0.5352 -0.2112 91 194 219
0.0536 -0.5314 -0.2119 108 199 220
0.0528 -0.5290 -0.2122 108 201 220
0.0533 -0.5257 -0.2117 109 204 220
0.0550 -0.5139 -0.2087 120 207 223
0.0548 -0.5093 -0.2075 114 213 222
0.0560 -0.5061 -0.2050 83 219 223
0.0556 -0.5135 -0.2081 90 211 219
0.0541 -0.5144 -0.2096 110 207 220
0.0540 -0.5111 -0.2086 109 210 220
0.0554 -0.5273 -0.2112 65 203 224
0.0559 -0.5327 -0.2119 71 199 221
0.0557 -0.5205 -0.2101 65 205 225
0.0561 -0.5271 -0.2118 74 203 221
0.0564 -0.5310 -0.2122 75 202 220
0.0561 -0.5138 -0.2088 64 207 226
0.0570 -0.5088 -0.2076 70 212 224
0.0574 -0.5105 -0.2088 73 210 222
0.0568 -0.5142 -0.2098 73 208 222
0.0723 -0.5289 -0.2102 127 205 228
0.0718 -0.5233 -0.2090 130 204 230
0.0723 -0.5330 -0.2112 120 202 224
0.0716 -0.5317 -0.2116 115 204 222
0.0716 -0.5285 -0.2111 118 205 223
0.0717 -0.5171 -0.2076 132 204 231
0.0714 -0.5118 -0.2065 130 208 230
0.0713 -0.5176 -0.2087 125 205 226
0.0710 -0.5137 -0.2078 126 206 226
0.0484 -0.4651 -0.1696 59 203 233
0.0484 -0.4667 -0.1676 61 206 231
0.0477 -0.4568 -0.1595 62 209 231
0.0478 -0.4554 -0.1609 60 206 233
0.0492 -0.4633 -0.1715 69 214 226
0.0480 -0.4462 -0.1517 60 206 234
0.0478 -0.4477 -0.1504 64 212 230
0.0480 -0.4400 -0.1424 67 213 228
0.0483 -0.4382 -0.1438 61 206 233
0.0486 -0.4444 -0.1531 69 215 227
0.0486 -0.4538 -0.1622 71 217 226
0.0650 -0.4674 -0.1693 138 201 237
0.0650 -0.4582 -0.1603 139 203 237
0.0647 -0.4602 -0.1584 137 208 233
0.0648 -0.4650 -0.1715 133 213 229
0.0646 -0.4485 -0.1520 140 202 237
0.0646 -0.4419 -0.1457 139 202 233
0.0644 -0.4452 -0.1462 139 204 233
0.0641 -0.4506 -0.1503 138 207 233
0.0646 -0.4560 -0.1620 133 214 229
0.0643 -0.4463 -0.1536 133 213 228
0.0422 -0.4530 -0.1371 60 203 240
0.0428 -0.4523 -0.1346 61 203 242
0.0427 -0.4456 -0.1368 60 206 239
0.0423 -0.4466 -0.1396 60 207 236
0.0421 -0.4490 -0.1437 61 208 234
0.0429 -0.4598 -0.1341 60 200 242
0.0432 -0.4428 -0.1403 64 213 232
0.0433 -0.4454 -0.1443 68 216 229
0.0432 -0.4415 -0.1375 61 210 235
0.0443 -0.4400 -0.1392 67 215 229
0.0451 -0.4419 -0.1426 80 221 224
0.0445 -0.4649 -0.1321 63 195 244
0.0439 -0.4668 -0.1351 62 195 244
0.0466 -0.4687 -0.1308 66 191 247
0.0470 -0.4677 -0.1296 68 191 248
0.0451 -0.4643 -0.1305 64 195 246
0.0436 -0.4593 -0.1321 62 200 244
0.0400 -0.5747 -0.1979 66 188 253
0.0397 -0.5770 -0.1998 74 172 242
0.0415 -0.5772 -0.1994 85 169 241
0.0419 -0.5750 -0.1972 86 183 255
0.0408 -0.5707 -0.1961 63 195 253
0.0439 -0.5750 -0.1977 105 183 254
0.0436 -0.5774 -0.1996 94 170 242
0.0443 -0.5710 -0.1958 111 188 254
0.0445 -0.5441 -0.1942 61 204 251
0.0439 -0.5485 -0.1941 61 203 251
0.0464 -0.5444 -0.1927 85 201 255
0.0453 -0.5396 -0.1943 62 205 251
0.0485 -0.5449 -0.1935 114 196 255
0.0475 -0.5491 -0.1934 113 197 255
0.0495 -0.5406 -0.1935 113 195 255
0.0459 -0.5362 -0.1945 63 203 251
0.0481 -0.5368 -0.1927 84 200 255
0.0488 -0.5339 -0.1924 83 196 255
0.0462 -0.5330 -0.1943 64 197 252
0.0504 -0.5376 -0.1933 108 193 255
0.0473 -0.5400 -0.1927 85 201 255
0.0539 -0.5363 -0.1946 84 187 255
0.0512 -0.5347 -0.1929 103 194 255
0.0524 -0.5140 -0.1895 107 192 255
0.0505 -0.5136 -0.1887 87 195 255
0.0501 -0.5170 -0.1888 90 198 255
0.0521 -0.5177 -0.1899 112 196 255
0.0542 -0.5145 -0.1903 89 191 255
0.0543 -0.5112 -0.1885 85 182 253
0.0525 -0.5109 -0.1881 98 182 253
0.0440 -0.5767 -0.2109 103 183 224
0.0441 -0.5777 -0.2099 95 170 238
0.0420 -0.5775 -0.2101 83 169 240
0.0422 -0.5766 -0.2110 87 182 223
0.0440 -0.5747 -0.2118 103 190 221
0.0404 -0.5763 -0.2109 71 186 223
0.0400 -0.5771 -0.2100 71 173 239
0.0409 -0.5744 -0.2117 73 192 221
0.0468 -0.4487 -0.1501 81 221 224
0.0478 -0.4477 -0.1504 64 212 230
0.0477 -0.4568 -0.1595 62 209 231
0.0468 -0.4575 -0.1587 76 218 224
0.0451 -0.4496 -0.1503 84 222 224
0.0469 -0.4412 -0.1426 84 221 223
0.0433 -0.4512 -0.1506 71 217 227
0.0453 -0.4581 -0.1583 83 220 223
0.0435 -0.4592 -0.1582 74 218 225
0.0475 -0.4675 -0.1666 76 217 224
0.0459 -0.4678 -0.1663 89 220 222
0.0440 -0.4682 -0.1662 84 221 223
0.0422 -0.4700 -0.1666 71 216 226
0.0432 -0.4710 -0.1401 61 194 243
0.0411 -0.4711 -0.1487 58 200 240
0.0424 -0.4757 -0.1464 61 194 243
0.0455 -0.4750 -0.1384 67 188 246
0.0462 -0.4709 -0.1335 66 190 246
0.0484 -0.4774 -0.1373 74 182 246
0.0482 -0.4820 -0.1443 79 179 247
0.0515 -0.4830 -0.1435 80 178 246
0.0514 -0.4789 -0.1365 80 179 247
0.0514 -0.4756 -0.1317 80 181 249
0.0487 -0.4738 -0.1324 72 185 247
0.0486 -0.4873 -0.1530 83 177 247
0.0518 -0.4881 -0.1524 80 178 246
0.0446 -0.4808 -0.1461 69 184 246
0.0519 -0.5224 -0.1906 111 195 255
0.0496 -0.5215 -0.1894 90 196 255
0.0493 -0.5262 -0.1904 88 194 255
0.0517 -0.5272 -0.1914 107 195 255
0.0539 -0.5230 -0.1918 90 196 255
0.0541 -0.5183 -0.1910 91 196 255
0.0461 -0.5291 -0.1933 68 194 253
0.0431 -0.5280 -0.1957 73 191 254
0.0436 -0.5325 -0.1975 61 191 249
0.0491 -0.5304 -0.1915 85 193 255
0.0462 -0.5247 -0.1922 69 196 254
0.0516 -0.5313 -0.1922 102 194 255
0.0539 -0.5319 -0.1930 86 194 255
0.0539 -0.5278 -0.1925 88 196 255
0.0421 -0.5646 -0.2083 83 229 238
0.0422 -0.5647 -0.2078 63 213 227
0.0437 -0.5646 -0.2083 93 229 240
0.0436 -0.5649 -0.2094 92 224 227
0.0418 -0.5650 -0.2094 79 224 229
0.0453 -0.5647 -0.2083 107 227 239
0.0437 -0.5648 -0.2079 91 188 255
0.0453 -0.5649 -0.2078 119 197 225
0.0453 -0.5651 -0.2094 105 222 228
0.0445 -0.5724 -0.2122 102 195 220
0.0427 -0.5722 -0.2123 89 198 219
0.0429 -0.5696 -0.2120 90 207 220
0.0450 -0.5699 -0.2119 101 205 220
0.0408 -0.5721 -0.2121 75 197 220
0.0408 -0.5694 -0.2118 79 207 220
0.0453 -0.5671 -0.2108 101 213 222
0.0433 -0.5669 -0.2109 91 214 221
0.0462 -0.5660 -0.2094 118 215 229
0.0413 -0.5668 -0.2107 82 215 222
0.0407 -0.5657 -0.2094 65 220 231
0.0449 -0.5506 -0.2086 87 219 223
0.0450 -0.5500 -0.2080 86 208 219
0.0465 -0.5503 -0.2081 95 207 219
0.0465 -0.5508 -0.2087 97 220 224
0.0463 -0.5519 -0.2096 95 211 220
0.0445 -0.5518 -0.2094 83 213 221
0.0480 -0.5511 -0.2085 108 218 225
0.0481 -0.5506 -0.2079 106 205 220
0.0480 -0.5522 -0.2093 106 210 221
0.0454 -0.5646 -0.2084 96 177 226
0.0468 -0.5652 -0.2074 117 200 224
0.0438 -0.5646 -0.2085 88 175 227
0.0441 -0.5635 -0.2095 90 186 221
0.0458 -0.5635 -0.2093 102 185 222
0.0423 -0.5645 -0.2084 77 177 227
0.0424 -0.5633 -0.2093 78 187 222
0.0467 -0.5611 -0.2097 102 194 220
0.0446 -0.5610 -0.2100 92 195 219
0.0452 -0.5578 -0.2102 93 199 219
0.0476 -0.5580 -0.2097 104 198 220
0.0424 -0.5608 -0.2099 81 196 219
0.0427 -0.5575 -0.2100 82 201 219
0.0480 -0.5548 -0.2097 104 201 220
0.0458 -0.5545 -0.2101 93 203 219
0.0436 -0.5543 -0.2099 83 205 219
0.0482 -0.5499 -0.2082 99 187 221
0.0466 -0.5497 -0.2084 90 187 220
0.0469 -0.5482 -0.2092 90 187 220
0.0486 -0.5483 -0.2090 99 186 221
0.0451 -0.5494 -0.2083 81 189 221
0.0452 -0.5478 -0.2091 80 189 221
0.0478 -0.5335 -0.2120 86 208 219
0.0476 -0.5320 -0.2116 83 200 219
0.0500 -0.5328 -0.2119 91 201 218
0.0501 -0.5341 -0.2123 95 209 219
0.0476 -0.5350 -0.2125 84 205 219
0.0523 -0.5349 -0.2122 106 207 220
0.0524 -0.5338 -0.2118 100 201 219
0.0519 -0.5362 -0.2126 103 201 219
0.0498 -0.5356 -0.2128 93 204 218
0.0514 -0.5385 -0.2123 101 193 219
0.0522 -0.5417 -0.2108 122 189 228
0.0506 -0.5417 -0.2115 101 190 220
0.0491 -0.5381 -0.2126 91 195 219
0.0468 -0.5375 -0.2122 81 198 219
0.0483 -0.5414 -0.2118 90 192 219
0.0459 -0.5408 -0.2114 80 194 220
0.0496 -0.5453 -0.2103 100 188 220
0.0475 -0.5451 -0.2105 90 190 220
0.0454 -0.5446 -0.2103 80 192 220
0.0518 -0.5320 -0.2123 96 195 218
0.0496 -0.5307 -0.2123 88 195 219
0.0514 -0.5290 -0.2126 99 200 218
0.0473 -0.5297 -0.2121 83 194 219
0.0450 -0.5317 -0.2106 72 193 222
0.0452 -0.5285 -0.2118 84 194 219
0.0471 -0.5267 -0.2124 88 202 218
0.0493 -0.5277 -0.2127 92 201 218
0.0490 -0.5091 -0.2057 75 220 226
0.0471 -0.5098 -0.2044 70 220 228
0.0494 -0.5063 -0.2023 77 221 226
0.0512 -0.5084 -0.2064 82 221 225
0.0509 -0.5106 -0.2081 82 215 221
0.0485 -0.5113 -0.2073 77 216 223
0.0533 -0.5080 -0.2069 92 221 223
0.0514 -0.5057 -0.2028 83 223 225
0.0536 -0.5053 -0.2032 85 223 225
0.0529 -0.5104 -0.2085 94 214 220
0.0516 -0.5246 -0.2120 100 205 219
0.0495 -0.5237 -0.2120 93 207 218
0.0522 -0.5195 -0.2109 97 207 218
0.0537 -0.5199 -0.2107 109 205 220
0.0470 -0.5230 -0.2116 90 209 219
0.0450 -0.5256 -0.2121 89 202 218
0.0446 -0.5223 -0.2112 95 211 219
0.0472 -0.5189 -0.2101 87 212 220
0.0500 -0.5192 -0.2107 89 209 219
0.0526 -0.5145 -0.2098 94 209 219
0.0505 -0.5145 -0.2095 85 210 219
0.0478 -0.5148 -0.2088 81 212 221
0.0451 -0.5150 -0.2077 79 216 222
0.0462 -0.5120 -0.2061 73 218 225
0.0694 -0.4461 -0.1401 133 217 231
0.0708 -0.4489 -0.1388 138 212 237
0.0696 -0.4487 -0.1431 128 219 227
0.0673 -0.4469 -0.1434 123 219 224
0.0676 -0.4444 -0.1410 131 215 227
0.0691 -0.4446 -0.1375 136 215 234
0.0702 -0.4474 -0.1364 138 210 239
0.0678 -0.4413 -0.1330 137 214 236
0.0687 -0.4448 -0.1290 139 207 237
0.0693 -0.4458 -0.1333 139 208 239
0.0677 -0.4426 -0.1386 136 214 232
0.0661 -0.4377 -0.1333 137 214 236
0.0695 -0.4524 -0.1317 138 204 242
0.0686 -0.4591 -0.1297 133 199 247
0.0701 -0.4592 -0.1316 132 203 248
0.0706 -0.4531 -0.1341 137 207 243
0.0715 -0.4544 -0.1362 138 207 241
0.0712 -0.4604 -0.1333 135 203 245
0.0721 -0.4569 -0.1381 138 205 240
0.0717 -0.4518 -0.1420 137 213 234
0.0696 -0.4643 -0.1313 129 198 250
0.0703 -0.4661 -0.1330 131 196 247
0.0719 -0.4625 -0.1352 136 201 243
0.0685 -0.4633 -0.1302 125 198 251
0.0668 -0.4659 -0.1296 121 196 253
0.0672 -0.4672 -0.1301 122 194 252
0.0645 -0.4699 -0.1294 118 190 252
0.0617 -0.4721 -0.1292 111 186 253
0.0650 -0.4729 -0.1317 118 186 251
0.0680 -0.4697 -0.1320 124 190 250
0.0648 -0.4672 -0.1287 121 191 252
0.0609 -0.4694 -0.1272 115 180 248
0.0666 -0.4638 -0.1287 128 193 249
0.0649 -0.4648 -0.1266 131 186 242
0.0726 -0.5715 -0.1969 78 183 255
0.0731 -0.5739 -0.1989 88 170 244
0.0753 -0.5736 -0.1988 95 170 242
0.0751 -0.5713 -0.1966 95 183 255
0.0722 -0.5675 -0.1950 73 188 255
0.0771 -0.5710 -0.1972 112 187 253
0.0772 -0.5734 -0.1992 103 172 243
0.0764 -0.5670 -0.1953 116 194 254
0.0692 -0.5445 -0.1933 67 199 254
0.0699 -0.5478 -0.1929 68 198 255
0.0712 -0.5442 -0.1925 95 203 255
0.0706 -0.5406 -0.1927 97 201 255
0.0686 -0.5410 -0.1935 67 196 254
0.0733 -0.5440 -0.1939 119 204 253
0.0735 -0.5475 -0.1934 119 203 253
0.0729 -0.5404 -0.1943 119 204 253
0.0680 -0.5383 -0.1934 72 192 255
0.0700 -0.5379 -0.1927 100 200 255
0.0672 -0.5356 -0.1930 79 192 255
0.0652 -0.5369 -0.1947 96 187 255
0.0725 -0.5376 -0.1944 120 204 253
0.0719 -0.5348 -0.1943 121 204 252
0.0636 -0.5147 -0.1898 85 191 255
0.0617 -0.5148 -0.1904 102 191 255
0.0622 -0.5191 -0.1914 100 196 255
0.0643 -0.5191 -0.1905 80 196 255
0.0654 -0.5145 -0.1894 109 195 255
0.0631 -0.5108 -0.1880 94 181 253
0.0613 -0.5109 -0.1883 105 182 252
0.0671 -0.5137 -0.1914 128 200 249
0.0680 -0.5185 -0.1921 128 203 249
0.0683 -0.5082 -0.1927 131 192 244
0.0666 -0.5094 -0.1895 128 190 246
0.0767 -0.5729 -0.2102 107 188 222
0.0774 -0.5739 -0.2092 109 173 236
0.0751 -0.5745 -0.2094 96 170 236
0.0749 -0.5732 -0.2103 93 185 222
0.0761 -0.5709 -0.2111 106 192 221
0.0730 -0.5734 -0.2102 77 186 222
0.0727 -0.5747 -0.2093 82 171 234
0.0733 -0.5711 -0.2111 76 191 221
0.0707 -0.4552 -0.1487 120 221 225
0.0731 -0.4576 -0.1484 132 216 231
0.0716 -0.4635 -0.1561 113 222 224
0.0688 -0.4628 -0.1564 112 221 223
0.0680 -0.4538 -0.1489 117 220 223
0.0656 -0.4523 -0.1494 126 217 225
0.0662 -0.4617 -0.1571 124 218 225
0.0651 -0.4448 -0.1439 133 209 226
0.0716 -0.4718 -0.1647 108 223 224
0.0687 -0.4715 -0.1648 107 223 223
0.0744 -0.4650 -0.1554 126 219 228
0.0661 -0.4708 -0.1655 122 218 225
0.0647 -0.4695 -0.1669 136 207 233
0.0655 -0.4772 -0.1364 116 182 249
0.0625 -0.4792 -0.1364 113 180 249
0.0658 -0.4824 -0.1433 112 179 248
0.0690 -0.4808 -0.1434 113 180 248
0.0685 -0.4753 -0.1369 120 185 249
0.0622 -0.4753 -0.1318 113 183 251
0.0654 -0.4881 -0.1524 109 177 247
0.0685 -0.4867 -0.1519 110 177 247
0.0627 -0.4838 -0.1432 112 178 247
0.0648 -0.5236 -0.1910 78 196 255
0.0626 -0.5238 -0.1920 99 197 255
0.0653 -0.5281 -0.1916 79 194 255
0.0675 -0.5277 -0.1908 103 197 255
0.0668 -0.5234 -0.1902 104 198 255
0.0688 -0.5230 -0.1926 127 203 249
0.0696 -0.5273 -0.1931 125 203 250
0.0663 -0.5321 -0.1923 82 193 255
0.0640 -0.5325 -0.1931 98 195 255
0.0684 -0.5317 -0.1916 103 197 255
0.0708 -0.5313 -0.1938 123 204 251
0.0694 -0.5352 -0.1924 102 197 255
0.0727 -0.5610 -0.2077 78 228 237
0.0714 -0.5616 -0.2068 62 202 225
0.0727 -0.5612 -0.2072 58 207 228
0.0740 -0.5610 -0.2073 86 189 255
0.0740 -0.5608 -0.2077 88 229 239
0.0741 -0.5613 -0.2089 89 223 226
0.0726 -0.5615 -0.2088 75 222 228
0.0754 -0.5609 -0.2077 99 229 237
0.0753 -0.5610 -0.2072 122 210 229
0.0757 -0.5613 -0.2088 103 223 228
0.0763 -0.5686 -0.2116 105 196 221
0.0746 -0.5687 -0.2117 90 198 219
0.0745 -0.5661 -0.2115 90 207 219
0.0765 -0.5661 -0.2113 103 206 220
0.0729 -0.5687 -0.2116 76 195 220
0.0725 -0.5662 -0.2114 78 205 220
0.0762 -0.5634 -0.2102 100 214 222
0.0743 -0.5633 -0.2103 90 214 221
0.0724 -0.5635 -0.2102 80 214 222
0.0717 -0.5624 -0.2088 61 216 231
0.0703 -0.5497 -0.2080 77 222 227
0.0703 -0.5494 -0.2075 75 194 221
0.0717 -0.5494 -0.2076 92 198 219
0.0717 -0.5496 -0.2081 90 224 227
0.0703 -0.5506 -0.2088 78 213 222
0.0730 -0.5496 -0.2080 100 224 227
0.0730 -0.5493 -0.2075 109 200 220
0.0734 -0.5505 -0.2088 101 216 222
0.0718 -0.5505 -0.2090 90 214 221
0.0753 -0.5608 -0.2078 105 176 229
0.0740 -0.5609 -0.2079 93 174 229
0.0753 -0.5598 -0.2087 105 185 222
0.0727 -0.5609 -0.2078 81 174 229
0.0724 -0.5600 -0.2087 80 183 223
0.0738 -0.5600 -0.2089 92 184 221
0.0755 -0.5577 -0.2092 103 196 220
0.0735 -0.5579 -0.2095 91 195 219
0.0753 -0.5550 -0.2094 103 201 219
0.0715 -0.5580 -0.2092 80 192 220
0.0707 -0.5554 -0.2094 79 197 220
0.0730 -0.5552 -0.2097 91 199 219
0.0744 -0.5525 -0.2093 101 207 220
0.0723 -0.5526 -0.2095 91 204 219
0.0704 -0.5527 -0.2093 79 203 220
0.0693 -0.5554 -0.2087 55 194 230
0.0729 -0.5491 -0.2080 104 175 230
0.0716 -0.5493 -0.2081 93 173 230
0.0730 -0.5483 -0.2091 104 179 225
0.0702 -0.5493 -0.2080 85 173 230
0.0698 -0.5486 -0.2091 83 177 226
0.0714 -0.5485 -0.2092 93 178 225
0.0672 -0.5371 -0.2122 78 213 222
0.0655 -0.5371 -0.2108 85 193 219
0.0673 -0.5361 -0.2117 85 199 219
0.0692 -0.5368 -0.2123 92 213 220
0.0692 -0.5384 -0.2130 93 204 218
0.0671 -0.5387 -0.2128 79 203 220
0.0713 -0.5366 -0.2120 103 213 221
0.0693 -0.5357 -0.2117 96 202 218
0.0714 -0.5354 -0.2114 108 204 220
0.0714 -0.5382 -0.2127 103 206 219
0.0724 -0.5406 -0.2124 104 198 219
0.0733 -0.5434 -0.2116 104 192 220
0.0707 -0.5438 -0.2119 94 190 220
0.0699 -0.5410 -0.2128 94 195 219
0.0675 -0.5413 -0.2125 83 193 219
0.0683 -0.5442 -0.2116 84 188 221
0.0667 -0.5444 -0.2109 63 187 228
0.0733 -0.5462 -0.2104 104 186 222
0.0711 -0.5466 -0.2106 94 185 221
0.0691 -0.5467 -0.2104 85 183 222
0.0710 -0.5346 -0.2118 107 194 220
0.0690 -0.5349 -0.2121 97 191 219
0.0705 -0.5327 -0.2122 105 200 219
0.0669 -0.5353 -0.2121 92 190 219
0.0648 -0.5355 -0.2120 93 188 220
0.0664 -0.5330 -0.2125 92 199 218
0.0685 -0.5329 -0.2125 96 199 218
0.0669 -0.5065 -0.2064 108 221 225
0.0649 -0.5058 -0.2064 104 222 224
0.0665 -0.5041 -0.2028 109 224 227
0.0683 -0.5049 -0.2028 110 223 227
0.0687 -0.5076 -0.2064 113 219 225
0.0669 -0.5094 -0.2084 104 213 220
0.0648 -0.5086 -0.2084 101 214 220
0.0703 -0.5090 -0.2062 123 215 227
0.0700 -0.5059 -0.2028 120 219 228
0.0715 -0.5088 -0.2032 133 208 235
0.0702 -0.5122 -0.2081 118 209 223
0.0687 -0.5106 -0.2084 110 212 221
0.0702 -0.5282 -0.2117 105 205 219
0.0683 -0.5280 -0.2120 97 204 218
0.0700 -0.5225 -0.2106 109 206 220
0.0713 -0.5231 -0.2100 122 205 224
0.0662 -0.5278 -0.2120 93 204 218
0.0642 -0.5331 -0.2124 93 198 218
0.0641 -0.5277 -0.2120 95 204 218
0.0663 -0.5212 -0.2110 95 205 218
0.0683 -0.5218 -0.2110 100 206 218
0.0701 -0.5169 -0.2095 113 207 221
0.0685 -0.5156 -0.2098 104 207 219
0.0666 -0.5146 -0.2099 98 207 218
0.0642 -0.5208 -0.2110 96 205 218
0.0645 -0.5140 -0.2098 98 207 218
0.0537 -0.4739 -0.1291 93 185 253
0.0513 -0.4732 -0.1293 83 185 252
0.0540 -0.4764 -0.1313 90 180 250
0.0561 -0.4739 -0.1292 100 186 254
0.0558 -0.4724 -0.1284 99 189 255
0.0537 -0.4721 -0.1282 95 190 255
0.0546 -0.4707 -0.1277 94 184 253
0.0509 -0.4691 -0.1271 78 179 246
0.0514 -0.4703 -0.1278 89 188 254
0.0575 -0.4715 -0.1281 101 186 254
0.0588 -0.4734 -0.1291 105 186 254
0.0566 -0.4766 -0.1313 99 181 251
0.0593 -0.4763 -0.1315 106 182 251
0.0568 -0.5792 -0.1960 71 186 255
0.0569 -0.5815 -0.1978 81 171 244
0.0591 -0.5815 -0.1976 91 169 243
0.0591 -0.5792 -0.1955 91 183 255
0.0571 -0.5751 -0.1943 67 192 255
0.0616 -0.5791 -0.1962 109 185 254
0.0614 -0.5814 -0.1980 99 171 243
0.0615 -0.5750 -0.1946 112 191 255
0.0575 -0.5476 -0.1922 64 198 253
0.0580 -0.5520 -0.1921 65 198 254
0.0595 -0.5475 -0.1911 91 199 255
0.0592 -0.5430 -0.1910 90 200 255
0.0571 -0.5431 -0.1922 64 198 253
0.0618 -0.5475 -0.1921 117 200 254
0.0598 -0.5520 -0.1911 91 199 255
0.0617 -0.5520 -0.1921 117 199 254
0.0617 -0.5430 -0.1922 116 200 254
0.0568 -0.5394 -0.1922 67 197 254
0.0592 -0.5394 -0.1911 91 199 255
0.0592 -0.5362 -0.1909 93 197 255
0.0566 -0.5360 -0.1921 71 196 255
0.0620 -0.5395 -0.1923 115 198 255
0.0620 -0.5363 -0.1922 113 198 255
0.0561 -0.5150 -0.1890 71 193 253
0.0561 -0.5188 -0.1894 70 198 254
0.0580 -0.5153 -0.1878 94 193 255
0.0561 -0.5118 -0.1874 74 184 250
0.0599 -0.5151 -0.1890 118 195 253
0.0582 -0.5192 -0.1880 95 198 255
0.0602 -0.5192 -0.1896 119 198 253
0.0596 -0.5115 -0.1872 116 184 250
0.0614 -0.5804 -0.2100 105 184 224
0.0618 -0.5815 -0.2089 103 172 235
0.0592 -0.5807 -0.2101 90 181 223
0.0594 -0.5786 -0.2113 90 188 220
0.0611 -0.5784 -0.2111 104 189 222
0.0571 -0.5806 -0.2100 75 184 223
0.0591 -0.5819 -0.2090 91 169 237
0.0565 -0.5818 -0.2089 77 171 234
0.0577 -0.5786 -0.2111 76 189 221
0.0541 -0.4798 -0.1359 86 178 248
0.0543 -0.4842 -0.1426 81 178 247
0.0568 -0.4803 -0.1356 95 178 249
0.0596 -0.4801 -0.1359 107 179 249
0.0570 -0.4850 -0.1420 93 177 248
0.0598 -0.4848 -0.1425 107 177 248
0.0546 -0.4894 -0.1513 78 178 246
0.0572 -0.4904 -0.1507 92 176 248
0.0598 -0.4901 -0.1513 109 177 247
0.0625 -0.4892 -0.1522 112 177 247
0.0561 -0.5235 -0.1901 69 197 254
0.0562 -0.5282 -0.1908 70 196 254
0.0583 -0.5238 -0.1885 94 197 255
0.0605 -0.5238 -0.1902 119 198 254
0.0585 -0.5285 -0.1893 94 195 255
0.0608 -0.5285 -0.1908 116 198 254
0.0563 -0.5323 -0.1915 72 195 255
0.0589 -0.5326 -0.1902 93 195 255
0.0615 -0.5326 -0.1916 113 198 255
0.0631 -0.5283 -0.1926 98 197 255
0.0581 -0.5688 -0.2079 81 228 238
0.0568 -0.5693 -0.2071 62 206 225
0.0583 -0.5690 -0.2075 57 209 230
0.0596 -0.5687 -0.2080 90 229 240
0.0595 -0.5691 -0.2091 90 223 227
0.0578 -0.5693 -0.2090 76 223 229
0.0612 -0.5688 -0.2079 99 229 238
0.0597 -0.5690 -0.2076 94 189 255
0.0611 -0.5690 -0.2075 122 210 229
0.0626 -0.5692 -0.2071 119 204 225
0.0613 -0.5692 -0.2090 102 223 228
0.0615 -0.5762 -0.2117 103 195 220
0.0594 -0.5763 -0.2118 89 197 219
0.0594 -0.5738 -0.2116 89 206 220
0.0618 -0.5737 -0.2115 100 205 220
0.0573 -0.5764 -0.2117 76 194 220
0.0569 -0.5740 -0.2115 78 205 220
0.0617 -0.5712 -0.2104 98 214 222
0.0594 -0.5711 -0.2105 89 214 221
0.0624 -0.5700 -0.2091 116 219 231
0.0572 -0.5713 -0.2104 80 214 222
0.0585 -0.5545 -0.2077 82 218 223
0.0586 -0.5539 -0.2071 84 209 220
0.0600 -0.5545 -0.2079 92 219 223
0.0599 -0.5558 -0.2087 91 211 220
0.0582 -0.5559 -0.2086 79 212 221
0.0615 -0.5545 -0.2077 101 217 223
0.0601 -0.5539 -0.2072 92 209 220
0.0616 -0.5539 -0.2071 100 209 220
0.0616 -0.5558 -0.2086 103 211 221
0.0611 -0.5688 -0.2081 102 175 228
0.0597 -0.5688 -0.2082 90 174 228
0.0597 -0.5678 -0.2091 90 186 221
0.0613 -0.5677 -0.2089 102 186 222
0.0582 -0.5688 -0.2081 78 175 229
0.0580 -0.5677 -0.2089 78 186 222
0.0619 -0.5653 -0.2093 101 196 220
0.0597 -0.5654 -0.2095 90 196 219
0.0598 -0.5621 -0.2096 91 200 219
0.0623 -0.5621 -0.2093 102 200 220
0.0575 -0.5653 -0.2093 80 196 220
0.0573 -0.5622 -0.2093 80 200 220
0.0620 -0.5587 -0.2091 101 204 220
0.0598 -0.5586 -0.2093 91 204 219
0.0577 -0.5587 -0.2091 80 204 220
0.0616 -0.5532 -0.2072 100 189 220
0.0600 -0.5532 -0.2073 92 189 220
0.0600 -0.5518 -0.2082 92 186 221
0.0617 -0.5517 -0.2080 101 186 221
0.0585 -0.5532 -0.2072 84 189 220
0.0583 -0.5517 -0.2080 83 186 221
0.0577 -0.5366 -0.2121 86 209 219
0.0576 -0.5356 -0.2117 87 197 219
0.0601 -0.5359 -0.2117 93 198 218
0.0602 -0.5369 -0.2121 95 210 219
0.0577 -0.5384 -0.2124 84 201 219
0.0627 -0.5371 -0.2119 103 209 220
0.0627 -0.5362 -0.2115 98 196 219
0.0625 -0.5387 -0.2123 102 201 219
0.0624 -0.5416 -0.2118 103 193 220
0.0624 -0.5451 -0.2107 103 190 220
0.0600 -0.5452 -0.2110 92 190 220
0.0600 -0.5416 -0.2122 92 193 219
0.0576 -0.5415 -0.2119 83 193 219
0.0577 -0.5451 -0.2107 81 190 220
0.0601 -0.5386 -0.2126 93 202 218
0.0620 -0.5488 -0.2093 102 188 221
0.0627 -0.5510 -0.2079 108 187 223
0.0600 -0.5489 -0.2096 92 188 220
0.0580 -0.5488 -0.2093 82 188 221
0.0624 -0.5353 -0.2121 93 189 220
0.0599 -0.5350 -0.2122 92 189 220
0.0619 -0.5330 -0.2126 95 198 218
0.0576 -0.5347 -0.2122 85 190 220
0.0575 -0.5324 -0.2126 85 198 219
0.0597 -0.5327 -0.2127 93 198 218
0.0586 -0.5067 -0.2073 83 219 223
0.0584 -0.5051 -0.2056 84 219 223
0.0607 -0.5061 -0.2072 93 220 222
0.0606 -0.5088 -0.2089 94 213 219
0.0587 -0.5092 -0.2089 84 213 220
0.0628 -0.5058 -0.2068 99 221 223
0.0606 -0.5046 -0.2055 94 221 223
0.0627 -0.5042 -0.2050 102 222 224
0.0627 -0.5085 -0.2087 99 213 220
0.0618 -0.5275 -0.2121 96 204 218
0.0596 -0.5274 -0.2123 94 204 218
0.0620 -0.5206 -0.2111 97 205 218
0.0576 -0.5271 -0.2122 88 204 218
0.0578 -0.5205 -0.2112 88 205 218
0.0598 -0.5206 -0.2113 95 205 218
0.0624 -0.5139 -0.2100 98 207 218
0.0602 -0.5140 -0.2102 95 207 218
0.0583 -0.5142 -0.2102 88 207 219
0.0625 -0.5024 -0.2037 106 217 221
0.0640 -0.5010 -0.2019 124 213 226
0.0647 -0.5035 -0.2032 112 221 225
0.0627 -0.5042 -0.2050 102 222 224
0.0603 -0.5028 -0.2042 96 217 221
0.0599 -0.4997 -0.2026 95 216 220
0.0622 -0.4995 -0.2022 105 216 221
0.0581 -0.5032 -0.2042 85 216 221
0.0606 -0.5046 -0.2055 94 221 223
0.0584 -0.5051 -0.2056 84 219 223
0.0560 -0.5061 -0.2050 83 219 223
0.0562 -0.5019 -0.2024 68 211 225
0.0576 -0.4999 -0.2024 84 215 221
0.0483 -0.4323 -0.1391 63 209 232
0.0477 -0.4340 -0.1374 67 213 228
0.0484 -0.4285 -0.1365 65 212 231
0.0498 -0.4272 -0.1390 72 219 227
0.0494 -0.4307 -0.1414 69 215 227
0.0490 -0.4363 -0.1456 67 213 228
0.0617 -0.4631 -0.1723 113 222 224
0.0571 -0.4619 -0.1724 101 223 222
0.0612 -0.4538 -0.1627 113 222 223
0.0525 -0.4621 -0.1723 90 222 222
0.0518 -0.4526 -0.1627 91 222 222
0.0563 -0.4524 -0.1627 103 223 222
0.0606 -0.4440 -0.1542 113 221 222
0.0556 -0.4426 -0.1542 101 222 221
0.0601 -0.4354 -0.1473 115 221 222
0.0647 -0.4377 -0.1459 133 214 227
0.0514 -0.4430 -0.1539 87 221 222
0.0514 -0.4347 -0.1469 84 220 222
0.0551 -0.4827 -0.1904 84 218 222
0.0586 -0.4826 -0.1908 97 220 221
0.0621 -0.4832 -0.1908 110 219 223
0.0519 -0.4294 -0.1428 85 220 222
0.0524 -0.4264 -0.1405 88 224 223
0.0554 -0.4289 -0.1432 103 222 221
0.0553 -0.4342 -0.1475 100 222 221
0.0595 -0.4294 -0.1423 119 221 223
0.0631 -0.4310 -0.1401 132 218 229
0.0555 -0.4260 -0.1406 104 225 223
0.0588 -0.4258 -0.1389 120 225 226
0.0439 -0.4518 -0.1291 59 200 236
0.0439 -0.4434 -0.1291 60 206 237
0.0438 -0.4516 -0.1313 60 201 239
0.0446 -0.4594 -0.1300 62 198 244
0.0450 -0.4596 -0.1288 60 195 239
0.0434 -0.4518 -0.1329 61 203 242
0.0432 -0.4445 -0.1346 61 205 240
0.0442 -0.4592 -0.1309 63 200 245
0.0471 -0.4309 -0.1306 67 217 240
0.0472 -0.4327 -0.1285 67 215 243
0.0487 -0.4296 -0.1287 71 219 244
0.0475 -0.4297 -0.1332 65 215 236
0.0465 -0.4319 -0.1340 67 217 231
0.0458 -0.4336 -0.1352 73 220 228
0.0457 -0.4330 -0.1335 68 219 234
0.0455 -0.4343 -0.1321 63 212 240
0.0449 -0.4364 -0.1367 66 214 231
0.0440 -0.4395 -0.1373 63 212 233
0.0444 -0.4370 -0.1352 62 212 235
0.0456 -0.4363 -0.1379 77 219 224
0.0466 -0.4355 -0.1376 82 221 223
0.0477 -0.4340 -0.1374 67 213 228
0.0480 -0.4400 -0.1424 67 213 228
0.0456 -0.4369 -0.1284 63 212 240
0.0445 -0.4379 -0.1321 62 209 239
0.0437 -0.4396 -0.1349 61 209 238
0.0437 -0.4436 -0.1323 60 205 239
0.0469 -0.4648 -0.1284 65 191 245
0.0475 -0.4653 -0.1267 65 186 239
0.0450 -0.4598 -0.1264 61 193 235
0.0461 -0.4643 -0.1292 69 195 250
0.0474 -0.4666 -0.1288 75 195 252
0.0486 -0.4678 -0.1282 73 190 250
0.0456 -0.4641 -0.1297 67 196 249
0.0473 -0.4672 -0.1290 73 194 251
0.0491 -0.4692 -0.1283 77 191 252
0.0490 -0.4701 -0.1288 76 190 251
0.0489 -0.4715 -0.1298 73 187 249
0.0513 -0.4715 -0.1283 86 190 254
0.0459 -0.5100 -0.2024 66 220 232
0.0468 -0.5070 -0.1992 59 212 232
0.0477 -0.5068 -0.2013 67 217 228
0.0445 -0.5122 -0.2044 70 221 230
0.0434 -0.5123 -0.2024 67 222 234
0.0452 -0.5101 -0.2001 64 219 234
0.0446 -0.5103 -0.1980 61 217 237
0.0445 -0.5108 -0.1961 58 210 243
0.0458 -0.5075 -0.1949 56 207 235
0.0463 -0.5072 -0.1968 57 210 234
0.0427 -0.5127 -0.2002 63 219 238
0.0427 -0.5133 -0.1981 60 212 244
0.0453 -0.5115 -0.1944 61 202 249
0.0437 -0.5142 -0.1959 62 207 249
0.0454 -0.5153 -0.1935 64 205 250
0.0468 -0.5122 -0.1925 63 201 250
0.0465 -0.5086 -0.1920 62 191 247
0.0457 -0.5079 -0.1933 56 198 241
0.0396 -0.4815 -0.1663 57 201 235
0.0397 -0.4829 -0.1640 58 194 239
0.0396 -0.4783 -0.1622 57 204 237
0.0401 -0.4764 -0.1644 58 206 235
0.0410 -0.4745 -0.1678 62 210 230
0.0401 -0.4792 -0.1682 59 206 232
0.0406 -0.4716 -0.1625 59 207 235
0.0402 -0.4727 -0.1577 58 204 237
0.0397 -0.4798 -0.1594 58 197 240
0.0403 -0.4758 -0.1543 58 200 240
0.0406 -0.4846 -0.1633 63 187 242
0.0420 -0.4861 -0.1622 65 185 243
0.0417 -0.4838 -0.1586 64 186 243
0.0406 -0.4821 -0.1590 62 190 242
0.0413 -0.4793 -0.1530 61 192 243
0.0426 -0.4829 -0.1543 65 186 244
0.0436 -0.4867 -0.1584 66 184 243
0.0456 -0.4869 -0.1545 74 180 246
0.0384 -0.5754 -0.2056 123 182 240
0.0389 -0.5753 -0.2027 118 181 232
0.0382 -0.5760 -0.2086 61 179 236
0.0388 -0.5758 -0.2084 110 178 249
0.0395 -0.5739 -0.2083 87 170 244
0.0394 -0.5729 -0.2062 82 170 242
0.0400 -0.5721 -0.2042 76 204 220
0.0439 -0.5769 -0.2094 75 186 255
0.0420 -0.5768 -0.2096 86 188 255
0.0420 -0.5775 -0.2101 83 169 240
0.0441 -0.5777 -0.2099 95 170 238
0.0453 -0.5768 -0.2082 67 178 248
0.0436 -0.5753 -0.2091 88 171 245
0.0401 -0.5763 -0.2095 97 186 255
0.0400 -0.5771 -0.2100 71 173 239
0.0420 -0.5752 -0.2094 82 171 244
0.0405 -0.5747 -0.2092 81 172 246
0.0773 -0.5734 -0.2087 85 182 255
0.0752 -0.5740 -0.2089 93 184 255
0.0774 -0.5739 -0.2092 109 173 236
0.0794 -0.5727 -0.2077 121 182 234
0.0786 -0.5727 -0.2075 79 173 247
0.0768 -0.5721 -0.2084 104 173 244
0.0753 -0.5727 -0.2087 97 170 242
0.0730 -0.5742 -0.2088 101 181 254
0.0713 -0.5740 -0.2075 103 174 247
0.0727 -0.5747 -0.2093 82 171 234
0.0751 -0.5745 -0.2094 96 170 236
0.0736 -0.5728 -0.2085 86 170 242
0.0722 -0.5723 -0.2074 87 170 243
0.0440 -0.5561 -0.1925 62 205 252
0.0438 -0.5582 -0.1923 65 201 254
0.0448 -0.5561 -0.1919 88 203 255
0.0450 -0.5540 -0.1921 88 205 255
0.0441 -0.5539 -0.1931 61 204 251
0.0432 -0.5556 -0.1939 58 205 249
0.0429 -0.5580 -0.1935 57 203 249
0.0423 -0.5543 -0.1958 56 204 248
0.0418 -0.5576 -0.1959 55 203 247
0.0434 -0.5539 -0.1941 58 204 249
0.0429 -0.5523 -0.1952 57 203 248
0.0439 -0.5516 -0.1936 61 203 251
0.0452 -0.5518 -0.1924 86 203 255
0.0456 -0.5487 -0.1927 85 201 255
0.0456 -0.5562 -0.1923 116 201 254
0.0454 -0.5584 -0.1921 111 196 255
0.0463 -0.5583 -0.1931 124 196 250
0.0465 -0.5559 -0.1934 123 199 251
0.0459 -0.5542 -0.1928 117 200 254
0.0466 -0.5520 -0.1932 115 197 255
0.0467 -0.5543 -0.1936 120 198 252
0.0476 -0.5528 -0.1944 122 195 251
0.0478 -0.5549 -0.1950 124 196 250
0.0475 -0.5580 -0.1953 126 195 248
0.0434 -0.5608 -0.1927 62 199 253
0.0442 -0.5609 -0.1921 88 195 255
0.0425 -0.5609 -0.1941 57 200 249
0.0428 -0.5637 -0.1936 61 198 252
0.0437 -0.5639 -0.1927 87 193 255
0.0419 -0.5670 -0.1947 61 198 253
0.0425 -0.5710 -0.1951 86 188 255
0.0431 -0.5673 -0.1937 86 191 255
0.0411 -0.5655 -0.1960 56 201 249
0.0412 -0.5619 -0.1962 55 202 248
0.0421 -0.5634 -0.1945 57 200 250
0.0450 -0.5609 -0.1925 114 192 254
0.0446 -0.5583 -0.1919 87 198 255
0.0447 -0.5638 -0.1934 116 192 253
0.0459 -0.5611 -0.1937 123 193 250
0.0468 -0.5622 -0.1956 125 194 248
0.0455 -0.5636 -0.1942 121 192 251
0.0458 -0.5658 -0.1955 122 193 250
0.0445 -0.5672 -0.1944 115 191 254
0.0718 -0.5536 -0.1916 65 201 254
0.0720 -0.5554 -0.1913 69 197 255
0.0725 -0.5535 -0.1912 94 204 255
0.0722 -0.5519 -0.1915 93 206 255
0.0714 -0.5519 -0.1922 64 200 253
0.0709 -0.5533 -0.1927 58 198 250
0.0712 -0.5553 -0.1924 58 197 249
0.0697 -0.5524 -0.1944 57 195 248
0.0701 -0.5551 -0.1946 55 196 247
0.0707 -0.5520 -0.1929 60 197 251
0.0697 -0.5508 -0.1939 60 194 250
0.0707 -0.5502 -0.1926 67 198 254
0.0720 -0.5501 -0.1918 94 204 255
0.0717 -0.5477 -0.1922 95 203 255
0.0732 -0.5535 -0.1918 119 207 252
0.0735 -0.5553 -0.1915 116 202 254
0.0744 -0.5551 -0.1926 124 203 249
0.0740 -0.5531 -0.1930 123 206 250
0.0731 -0.5518 -0.1924 120 206 252
0.0733 -0.5500 -0.1929 120 203 253
0.0738 -0.5518 -0.1933 122 204 251
0.0744 -0.5505 -0.1943 124 202 250
0.0750 -0.5523 -0.1946 124 204 250
0.0754 -0.5552 -0.1946 126 203 248
0.0723 -0.5577 -0.1917 67 193 254
0.0731 -0.5578 -0.1914 95 195 255
0.0728 -0.5554 -0.1911 95 198 255
0.0714 -0.5580 -0.1929 59 195 250
0.0725 -0.5606 -0.1926 67 192 254
0.0723 -0.5639 -0.1936 70 191 255
0.0746 -0.5673 -0.1944 96 188 255
0.0740 -0.5638 -0.1929 96 191 255
0.0708 -0.5626 -0.1947 60 196 251
0.0703 -0.5592 -0.1949 56 197 249
0.0715 -0.5605 -0.1934 61 195 252
0.0738 -0.5576 -0.1919 119 199 253
0.0735 -0.5606 -0.1919 95 192 255
0.0744 -0.5604 -0.1927 120 198 252
0.0747 -0.5578 -0.1932 124 200 250
0.0760 -0.5589 -0.1950 125 201 249
0.0751 -0.5601 -0.1937 123 200 250
0.0761 -0.5621 -0.1950 124 201 250
0.0754 -0.5635 -0.1938 119 197 253
0.0589 -0.5601 -0.1911 63 203 253
0.0588 -0.5624 -0.1909 66 199 255
0.0596 -0.5601 -0.1906 90 202 255
0.0597 -0.5578 -0.1908 91 203 255
0.0589 -0.5579 -0.1916 62 202 253
0.0581 -0.5597 -0.1923 58 202 250
0.0580 -0.5621 -0.1920 57 200 250
0.0570 -0.5585 -0.1939 57 200 249
0.0568 -0.5619 -0.1942 55 200 248
0.0581 -0.5579 -0.1924 60 200 251
0.0574 -0.5561 -0.1933 59 198 250
0.0585 -0.5553 -0.1919 64 199 253
0.0598 -0.5552 -0.1910 91 201 255
0.0604 -0.5601 -0.1911 118 201 253
0.0603 -0.5624 -0.1908 115 198 255
0.0612 -0.5621 -0.1920 124 198 250
0.0612 -0.5597 -0.1923 124 200 250
0.0606 -0.5579 -0.1916 119 200 253
0.0612 -0.5553 -0.1919 118 198 253
0.0613 -0.5579 -0.1924 122 198 251
0.0621 -0.5561 -0.1933 124 197 250
0.0624 -0.5584 -0.1939 125 198 249
0.0623 -0.5619 -0.1942 126 198 248
0.0588 -0.5649 -0.1912 62 197 253
0.0595 -0.5651 -0.1907 90 195 255
0.0596 -0.5625 -0.1906 90 198 255
0.0579 -0.5649 -0.1925 57 198 250
0.0586 -0.5678 -0.1920 61 196 253
0.0578 -0.5712 -0.1930 64 195 254
0.0592 -0.5752 -0.1936 91 188 255
0.0593 -0.5715 -0.1922 90 191 255
0.0568 -0.5697 -0.1942 57 199 251
0.0566 -0.5661 -0.1944 56 199 249
0.0578 -0.5675 -0.1929 58 198 251
0.0602 -0.5649 -0.1912 118 195 253
0.0603 -0.5678 -0.1920 119 195 253
0.0611 -0.5649 -0.1925 123 196 250
0.0624 -0.5661 -0.1946 124 198 249
0.0611 -0.5675 -0.1930 121 197 251
0.0620 -0.5697 -0.1944 122 198 251
0.0609 -0.5712 -0.1931 116 194 254
0.0436 -0.4786 -0.0808 69 181 234
0.0434 -0.4782 -0.0839 68 181 237
0.0488 -0.4816 -0.0821 87 172 237
0.0441 -0.4786 -0.0904 69 181 234
0.0671 -0.4756 -0.0874 127 181 236
0.0674 -0.4761 -0.0751 124 180 233
0.0674 -0.4750 -0.0807 125 180 236
0.0644 -0.4654 -0.1233 130 184 236
0.0644 -0.4662 -0.1199 129 184 232
0.0641 -0.4694 -0.1149 129 185 231
0.0474 -0.4702 -0.1143 67 185 230
0.0471 -0.4663 -0.1192 66 186 231
0.0512 -0.4704 -0.1206 78 179 229
0.0474 -0.4655 -0.1231 66 185 234
0.0369 -0.4965 -0.0124 112 184 252
0.0296 -0.4903 -0.0047 115 181 248
0.0305 -0.4991 -0.0105 119 190 252
0.0343 -0.5205 -0.0256 131 195 245
0.0358 -0.5267 -0.0348 130 190 242
0.0425 -0.5099 -0.0361 123 182 244
0.0374 -0.5048 -0.0214 121 185 249
0.0242 -0.5061 -0.0063 128 204 249
0.0304 -0.5135 -0.0150 130 199 247
0.0305 -0.4991 -0.0105 119 190 252
0.0433 -0.4929 -0.0127 109 184 253
0.0373 -0.4873 -0.0077 114 182 250
0.0247 -0.5379 -0.0454 121 180 235
0.0274 -0.5219 -0.0716 121 185 228
0.0271 -0.5359 -0.0453 113 175 233
0.0144 -0.2458 0.0377 129 214 251
0.0149 -0.2661 0.0409 128 210 251
0.0328 -0.2499 0.0309 132 213 250
0.0424 -0.2512 0.0263 136 212 249
0.0351 -0.2721 0.0323 136 206 250
0.0439 -0.2696 0.0257 138 204 249
0.0520 -0.2536 0.0204 140 211 248
0.0511 -0.2372 0.0161 142 219 245
0.0406 -0.2324 0.0215 137 219 247
0.0389 -0.2966 0.0247 146 205 244
0.0437 -0.3001 0.0133 146 200 243
0.0407 -0.2886 0.0230 143 201 246
0.0330 -0.2886 0.0336 138 205 249
0.0453 -0.2857 0.0195 137 197 248
0.0464 -0.2982 0.0111 136 193 246
0.0515 -0.2861 0.0151 132 196 249
0.0521 -0.2706 0.0198 137 203 249
0.0466 -0.3056 0.0037 140 190 242
0.0460 -0.3093 -0.0033 149 197 233
0.0486 -0.3056 0.0020 120 183 246
0.0504 -0.2983 0.0085 126 189 248
0.0444 -0.3107 -0.0108 147 215 228
0.0417 -0.3092 -0.0189 146 219 230
0.0434 -0.3093 -0.0122 113 234 240
0.0463 -0.3089 -0.0047 116 179 242
0.0382 -0.2149 0.0112 143 224 243
0.0283 -0.2086 0.0151 143 221 245
0.0307 -0.2292 0.0253 135 219 248
0.0493 -0.2234 0.0059 146 224 241
0.0468 -0.2135 -0.0068 149 226 236
0.0361 -0.2013 -0.0017 151 224 238
0.0352 -0.1942 -0.0144 155 222 234
0.0435 -0.2086 -0.0189 152 225 231
0.0337 -0.1920 -0.0253 156 220 226
0.0291 -0.1793 -0.0133 159 217 235
0.0258 -0.1864 0.0012 153 220 240
0.0606 -0.2334 -0.0029 149 223 238
0.0579 -0.2252 -0.0156 149 227 233
0.0493 -0.2234 0.0059 146 224 241
0.0511 -0.2372 0.0161 142 219 245
0.0616 -0.2451 0.0079 148 217 243
0.0703 -0.2562 -0.0040 152 213 239
0.0699 -0.2457 -0.0157 153 218 235
0.0211 -0.2466 -0.0583 92 214 217
0.0259 -0.2344 -0.0561 110 219 214
0.0288 -0.2433 -0.0620 105 222 216
0.0223 -0.2524 -0.0629 85 216 221
0.0194 -0.2612 -0.0567 82 202 222
0.0424 -0.3104 -0.0131 79 211 245
0.0466 -0.3108 -0.0060 84 193 246
0.0434 -0.3093 -0.0122 113 234 240
0.0397 -0.3064 -0.0203 128 232 239
0.0380 -0.3064 -0.0209 95 224 247
0.0410 -0.3132 -0.0145 81 205 247
0.0469 -0.3147 -0.0080 87 193 248
0.0511 -0.3073 0.0003 107 185 248
0.0551 -0.2998 0.0059 123 190 249
0.0486 -0.3056 0.0020 120 183 246
0.0463 -0.3089 -0.0047 116 179 242
0.0533 -0.3112 -0.0024 108 187 249
0.0593 -0.3037 0.0019 127 191 249
0.0613 -0.2591 0.0129 145 210 246
0.0520 -0.2536 0.0204 140 211 248
0.0521 -0.2706 0.0198 137 203 249
0.0600 -0.2740 0.0134 140 203 248
0.0693 -0.2681 0.0025 149 208 242
0.0580 -0.2881 0.0107 133 197 249
0.0515 -0.2861 0.0151 132 196 249
0.0504 -0.2983 0.0085 126 189 248
0.0638 -0.2930 0.0045 138 197 247
0.0670 -0.2807 0.0049 145 203 245
0.0227 -0.2757 -0.0489 75 201 237
0.0194 -0.2612 -0.0567 82 202 222
0.0193 -0.2642 -0.0597 75 210 233
0.0218 -0.2777 -0.0504 79 211 243
0.0283 -0.2887 -0.0386 122 228 246
0.0334 -0.2990 -0.0293 107 227 248
0.0349 -0.2998 -0.0291 137 227 239
0.0268 -0.2906 -0.0391 86 217 247
0.0312 -0.3006 -0.0297 90 219 248
0.0357 -0.3081 -0.0217 87 216 248
0.0532 -0.2220 -0.0262 147 228 227
0.0478 -0.2216 -0.0350 144 226 223
0.0398 -0.2076 -0.0292 150 223 224
0.0435 -0.2086 -0.0189 152 225 231
0.0468 -0.2135 -0.0068 149 226 236
0.0673 -0.2383 -0.0281 150 223 230
0.0618 -0.2361 -0.0365 143 226 224
0.0754 -0.2613 -0.0329 154 213 233
0.0727 -0.2545 -0.0444 149 220 227
0.0758 -0.2709 -0.0205 153 210 236
0.0219 -0.2615 -0.0680 85 216 221
0.0180 -0.2703 -0.0627 74 210 231
0.0193 -0.2642 -0.0597 75 210 233
0.0295 -0.2552 -0.0694 104 221 216
0.0388 -0.3169 -0.0170 81 196 246
0.0469 -0.3200 -0.0114 93 188 248
0.0548 -0.3179 -0.0075 113 186 249
0.0621 -0.3116 -0.0054 131 189 247
0.0749 -0.2812 -0.0122 152 206 238
0.0681 -0.3024 -0.0052 142 196 244
0.0724 -0.2918 -0.0074 148 201 241
0.0191 -0.2819 -0.0528 75 209 239
0.0228 -0.2937 -0.0416 77 210 242
0.0180 -0.2703 -0.0627 74 210 231
0.0267 -0.3030 -0.0320 78 209 244
0.0318 -0.3106 -0.0239 79 205 246
0.0670 -0.2529 -0.0497 136 224 220
0.0604 -0.2530 -0.0529 136 224 219
0.0554 -0.2360 -0.0428 141 225 221
0.0377 -0.3043 -0.0274 147 219 230
0.0349 -0.2998 -0.0291 137 227 239
0.0397 -0.3064 -0.0203 128 232 239
0.0352 -0.4550 -0.0755 134 202 227
0.0364 -0.4674 -0.0745 121 204 221
0.0370 -0.4797 -0.0753 113 203 219
0.0350 -0.4962 -0.0763 118 197 221
0.0315 -0.5007 -0.0783 121 195 223
0.0318 -0.4837 -0.0813 128 200 224
0.0360 -0.5091 -0.0729 114 190 222
0.0279 -0.5059 -0.0802 123 193 224
0.0314 -0.5180 -0.0712 115 185 224
0.0460 -0.4191 -0.0483 137 212 229
0.0408 -0.4137 -0.0574 139 208 228
0.0437 -0.4080 -0.0483 140 207 228
0.0470 -0.4109 -0.0411 140 208 229
0.0333 -0.3229 -0.0993 84 221 223
0.0385 -0.3182 -0.0984 90 225 222
0.0357 -0.3218 -0.1040 74 218 237
0.0302 -0.3290 -0.1006 74 213 226
0.0700 -0.3168 -0.1017 125 230 225
0.0747 -0.3211 -0.1040 143 221 229
0.0700 -0.3175 -0.1070 142 222 240
0.0637 -0.3138 -0.1029 133 222 246
0.0462 -0.3641 -0.0873 90 178 239
0.0525 -0.3660 -0.0866 100 176 240
0.0463 -0.3621 -0.0799 93 177 240
0.0422 -0.3605 -0.0814 88 178 239
0.0408 -0.3610 -0.0867 85 180 238
0.0398 -0.3615 -0.0933 81 182 236
0.0456 -0.3656 -0.0946 87 178 238
0.0520 -0.3682 -0.0947 98 176 239
0.0595 -0.3661 -0.0865 111 176 240
0.0662 -0.3641 -0.0866 125 179 239
0.0598 -0.3636 -0.0782 111 176 241
0.0527 -0.3635 -0.0785 101 176 241
0.0591 -0.3684 -0.0948 112 175 240
0.0659 -0.3662 -0.0946 126 179 238
0.0716 -0.3594 -0.0864 137 185 237
0.0754 -0.3536 -0.0852 143 191 236
0.0718 -0.3575 -0.0792 136 185 238
0.0666 -0.3618 -0.0785 125 179 240
0.0714 -0.3610 -0.0940 138 186 237
0.0754 -0.3542 -0.0923 144 192 235
0.0451 -0.3664 -0.1011 84 180 236
0.0517 -0.3697 -0.1020 95 176 237
0.0393 -0.3611 -0.0991 77 184 234
0.0389 -0.3600 -0.1042 75 186 233
0.0447 -0.3660 -0.1068 81 181 233
0.0588 -0.3703 -0.1025 111 175 238
0.0656 -0.3678 -0.1024 127 179 237
0.0513 -0.3700 -0.1086 93 176 233
0.0585 -0.3708 -0.1094 110 175 233
0.0653 -0.3683 -0.1094 128 179 233
0.0711 -0.3622 -0.1015 138 186 235
0.0752 -0.3547 -0.0995 144 194 234
0.0709 -0.3625 -0.1083 139 187 233
0.0749 -0.3546 -0.1063 145 195 233
0.0418 -0.3060 -0.1423 87 199 218
0.0428 -0.3438 -0.1294 84 195 220
0.0375 -0.3391 -0.1256 76 198 224
0.0484 -0.3063 -0.1460 98 199 215
0.0553 -0.3094 -0.1463 112 198 214
0.0568 -0.3479 -0.1330 107 192 216
0.0496 -0.3470 -0.1318 94 193 217
0.0619 -0.3056 -0.1457 129 200 216
0.0636 -0.3461 -0.1326 122 194 217
0.0676 -0.3034 -0.1410 142 202 221
0.0692 -0.3412 -0.1304 136 198 221
0.0709 -0.2988 -0.1360 150 206 228
0.0731 -0.3348 -0.1267 144 202 225
0.0358 -0.2994 -0.1322 72 206 231
0.0344 -0.3338 -0.1201 71 202 228
0.0324 -0.3288 -0.1114 70 208 232
0.0371 -0.3031 -0.1378 76 203 224
0.0708 -0.2946 -0.1318 152 209 233
0.0701 -0.2903 -0.1281 152 207 231
0.0754 -0.3231 -0.1145 149 211 234
0.0748 -0.3285 -0.1220 148 206 229
0.0694 -0.2609 -0.1375 154 208 236
0.0699 -0.2629 -0.1417 154 207 229
0.0682 -0.2590 -0.1333 155 208 234
0.0374 -0.2653 -0.1402 74 209 232
0.0382 -0.2626 -0.1337 75 209 233
0.0420 -0.3509 -0.0568 89 182 244
0.0343 -0.3488 -0.0633 81 186 242
0.0440 -0.3566 -0.0659 92 179 242
0.0520 -0.3575 -0.0624 100 178 243
0.0455 -0.3600 -0.0732 93 178 241
0.0371 -0.3549 -0.0712 84 182 240
0.0398 -0.3585 -0.0773 86 180 239
0.0526 -0.3610 -0.0708 101 177 241
0.0593 -0.3519 -0.0510 112 180 245
0.0509 -0.3519 -0.0522 99 180 245
0.0599 -0.3575 -0.0615 112 178 243
0.0668 -0.3504 -0.0529 127 183 244
0.0600 -0.3610 -0.0702 111 177 242
0.0669 -0.3593 -0.0709 125 180 241
0.0670 -0.3557 -0.0627 126 181 242
0.0727 -0.3468 -0.0572 139 190 242
0.0726 -0.3517 -0.0656 138 188 240
0.0767 -0.3419 -0.0633 145 196 239
0.0722 -0.3551 -0.0725 137 186 239
0.0746 -0.3538 -0.0800 141 189 237
0.0758 -0.3507 -0.0759 143 192 238
0.0764 -0.3469 -0.0702 144 194 238
0.0443 -0.3643 -0.1120 80 183 229
0.0386 -0.3584 -0.1092 75 188 231
0.0439 -0.3609 -0.1171 81 186 226
0.0506 -0.3648 -0.1191 91 182 224
0.0509 -0.3684 -0.1140 91 179 227
0.0434 -0.3558 -0.1226 82 189 223
0.0383 -0.3555 -0.1142 75 190 228
0.0379 -0.3506 -0.1193 75 193 225
0.0502 -0.3595 -0.1247 92 187 220
0.0582 -0.3692 -0.1150 109 177 227
0.0579 -0.3657 -0.1203 108 181 222
0.0652 -0.3668 -0.1151 126 181 227
0.0575 -0.3604 -0.1259 106 186 219
0.0644 -0.3583 -0.1259 123 188 220
0.0649 -0.3634 -0.1204 125 184 224
0.0707 -0.3610 -0.1142 139 188 230
0.0705 -0.3579 -0.1194 138 190 226
0.0746 -0.3536 -0.1121 145 195 231
0.0700 -0.3530 -0.1245 136 193 223
0.0739 -0.3463 -0.1217 143 199 226
0.0744 -0.3510 -0.1172 144 196 229
0.0789 -0.3364 -0.0703 148 201 236
0.0783 -0.3427 -0.0766 147 199 236
0.0793 -0.3312 -0.0783 149 205 233
0.0774 -0.3482 -0.0817 146 196 235
0.0777 -0.3470 -0.0889 147 199 234
0.0788 -0.3394 -0.0841 148 203 234
0.0364 -0.3574 -0.0832 80 182 237
0.0327 -0.3525 -0.0775 77 186 237
0.0305 -0.3497 -0.0843 72 191 234
0.0348 -0.3562 -0.0897 76 186 234
0.0292 -0.3457 -0.0705 74 190 239
0.0267 -0.3420 -0.0781 70 195 234
0.0343 -0.3546 -0.0955 73 190 233
0.0301 -0.3469 -0.0909 71 195 231
0.0308 -0.3450 -0.0971 70 197 231
0.0343 -0.3530 -0.1008 72 191 232
0.0268 -0.3381 -0.0858 70 199 231
0.0282 -0.3358 -0.0936 70 201 230
0.0343 -0.3520 -0.1058 71 192 232
0.0314 -0.3450 -0.1028 70 197 231
0.0324 -0.3452 -0.1072 70 198 230
0.0343 -0.3499 -0.1104 71 194 230
0.0342 -0.3451 -0.1146 71 198 228
0.0317 -0.3403 -0.1086 70 202 230
0.0298 -0.3368 -0.1014 70 203 230
0.0302 -0.3290 -0.1006 74 213 226
0.0766 -0.3460 -0.1089 147 201 233
0.0769 -0.3460 -0.1030 147 201 233
0.0763 -0.3445 -0.1137 147 201 231
0.0768 -0.3390 -0.1106 148 204 233
0.0772 -0.3379 -0.1060 148 205 233
0.0768 -0.3289 -0.1049 149 209 233
0.0770 -0.3261 -0.0967 149 208 232
0.0775 -0.3366 -0.0996 148 205 233
0.0768 -0.3340 -0.1119 149 206 232
0.0760 -0.3399 -0.1175 147 204 230
0.0783 -0.3273 -0.0874 149 207 232
0.0783 -0.3372 -0.0920 148 205 233
0.0774 -0.3463 -0.0962 147 200 233
0.0420 -0.2692 -0.1500 89 204 217
0.0379 -0.2674 -0.1456 78 206 225
0.0472 -0.2687 -0.1528 106 203 214
0.0674 -0.2660 -0.1467 148 205 222
0.0639 -0.2670 -0.1507 136 204 216
0.0554 -0.2777 -0.1526 114 203 213
0.0528 -0.2708 -0.1528 110 204 213
0.0571 -0.2552 -0.1523 121 207 213
0.0510 -0.2639 -0.1533 117 205 213
0.0480 -0.2539 -0.1535 107 206 213
0.0614 -0.2631 -0.1520 125 206 213
0.0589 -0.2706 -0.1524 125 205 214
0.0483 -0.2214 -0.1143 100 203 249
0.0433 -0.2238 -0.1184 89 204 246
0.0480 -0.2269 -0.1154 97 206 249
0.0543 -0.2245 -0.1131 117 204 252
0.0544 -0.2195 -0.1119 116 201 251
0.0486 -0.2155 -0.1129 100 204 249
0.0437 -0.2174 -0.1168 89 205 246
0.0607 -0.2201 -0.1134 133 200 250
0.0606 -0.2255 -0.1151 136 202 249
0.0662 -0.2209 -0.1173 145 200 246
0.0663 -0.2148 -0.1153 145 203 246
0.0608 -0.2142 -0.1117 132 203 250
0.0491 -0.2099 -0.1121 99 208 249
0.0442 -0.2116 -0.1158 89 211 245
0.0546 -0.2142 -0.1107 115 204 252
0.0551 -0.2091 -0.1103 117 207 252
0.0495 -0.2051 -0.1117 97 208 248
0.0440 -0.2069 -0.1178 85 217 240
0.0613 -0.2090 -0.1114 134 207 250
0.0668 -0.2097 -0.1151 147 209 246
0.0618 -0.2045 -0.1116 139 208 249
0.0555 -0.2045 -0.1102 118 205 251
0.0226 -0.1996 -0.0427 145 217 217
0.0194 -0.1819 -0.0398 154 214 221
0.0259 -0.1960 -0.0379 146 218 218
0.0317 -0.2120 -0.0424 139 222 217
0.0302 -0.1930 -0.0326 149 219 220
0.0216 -0.1794 -0.0353 152 215 219
0.0261 -0.1772 -0.0306 153 214 219
0.0398 -0.2076 -0.0292 150 223 224
0.0359 -0.2089 -0.0367 145 223 220
0.0321 -0.2275 -0.0524 124 223 215
0.0269 -0.2161 -0.0473 133 220 215
0.0383 -0.2240 -0.0476 134 225 218
0.0444 -0.2355 -0.0544 134 225 219
0.0367 -0.2379 -0.0590 121 225 216
0.0431 -0.2221 -0.0419 141 225 221
0.0317 -0.2120 -0.0424 139 222 217
0.0359 -0.2089 -0.0367 145 223 220
0.0501 -0.2353 -0.0489 141 225 221
0.0394 -0.2512 -0.0676 120 223 216
0.0489 -0.2498 -0.0635 134 223 218
0.0551 -0.2511 -0.0581 142 222 221
0.0450 -0.3147 -0.0987 92 230 227
0.0519 -0.3128 -0.0993 106 235 231
0.0465 -0.3131 -0.0999 105 215 253
0.0408 -0.3165 -0.1008 85 221 245
0.0581 -0.3130 -0.0992 119 234 230
0.0640 -0.3146 -0.0996 119 233 227
0.0580 -0.3118 -0.1011 121 218 251
0.0524 -0.3115 -0.1004 113 213 253
0.0486 -0.2508 -0.1055 100 215 250
0.0545 -0.2492 -0.1046 119 216 252
0.0482 -0.2417 -0.1090 97 218 248
0.0447 -0.2454 -0.1105 89 217 246
0.0603 -0.2495 -0.1070 137 215 249
0.0651 -0.2508 -0.1114 147 214 244
0.0629 -0.2428 -0.1123 145 217 245
0.0592 -0.2397 -0.1099 137 218 248
0.0705 -0.1989 -0.1399 155 222 232
0.0674 -0.1937 -0.1228 158 218 234
0.0716 -0.2015 -0.1368 157 218 234
0.0745 -0.2053 -0.1547 155 221 232
0.0733 -0.2036 -0.1578 150 227 231
0.0692 -0.1964 -0.1426 156 221 232
0.0662 -0.1902 -0.1259 157 220 232
0.0747 -0.2054 -0.1687 147 230 231
0.0763 -0.2075 -0.1665 156 220 232
0.0723 -0.2041 -0.1700 138 235 230
0.0717 -0.2024 -0.1617 150 228 229
0.0438 -0.2027 -0.1427 81 218 231
0.0433 -0.2078 -0.1621 85 224 229
0.0427 -0.2055 -0.1406 81 218 231
0.0450 -0.1969 -0.1235 81 215 232
0.0459 -0.1936 -0.1259 81 216 231
0.0448 -0.1999 -0.1439 81 217 230
0.0439 -0.2093 -0.1717 93 231 231
0.0451 -0.2057 -0.1639 87 225 227
0.0465 -0.2077 -0.1723 98 233 229
0.0414 -0.2116 -0.1716 89 228 234
0.0413 -0.2113 -0.1626 83 222 231
0.0766 -0.2105 -0.1630 158 212 233
0.0749 -0.2077 -0.1516 158 215 234
0.0765 -0.2136 -0.1587 158 211 233
0.0569 -0.2033 -0.1741 108 236 225
0.0565 -0.2010 -0.1693 110 232 220
0.0601 -0.2025 -0.1739 115 237 225
0.0535 -0.2044 -0.1738 105 235 226
0.0631 -0.2022 -0.1731 122 237 225
0.0629 -0.1999 -0.1686 124 233 220
0.0661 -0.2023 -0.1721 128 237 226
0.0664 -0.2028 -0.1747 123 238 229
0.0642 -0.2029 -0.1764 120 238 230
0.0598 -0.2002 -0.1692 117 233 220
0.0499 -0.2060 -0.1731 101 234 227
0.0489 -0.2043 -0.1685 97 229 223
0.0529 -0.2022 -0.1691 104 231 221
0.0693 -0.2030 -0.1711 133 236 228
0.0688 -0.2032 -0.1751 126 238 231
0.0660 -0.2002 -0.1677 133 232 221
0.0692 -0.2016 -0.1667 141 231 225
0.0561 -0.1961 -0.1642 113 231 219
0.0598 -0.1955 -0.1639 119 232 219
0.0524 -0.1976 -0.1643 104 229 219
0.0519 -0.1918 -0.1570 101 231 222
0.0556 -0.1902 -0.1565 113 234 221
0.0632 -0.1952 -0.1634 125 232 219
0.0663 -0.1958 -0.1629 136 230 220
0.0593 -0.1897 -0.1561 119 235 221
0.0629 -0.1895 -0.1557 125 235 222
0.0661 -0.1903 -0.1556 140 232 224
0.0692 -0.1981 -0.1628 149 225 223
0.0703 -0.1985 -0.1582 157 219 230
0.0685 -0.1932 -0.1563 153 225 227
0.0486 -0.2006 -0.1645 94 226 221
0.0459 -0.2016 -0.1597 84 220 227
0.0486 -0.1955 -0.1578 91 226 224
0.0457 -0.1970 -0.1447 82 217 230
0.0467 -0.1907 -0.1284 82 218 230
0.0468 -0.1938 -0.1452 83 220 229
0.0469 -0.1974 -0.1552 84 221 228
0.0682 -0.1936 -0.1439 158 219 232
0.0651 -0.1873 -0.1284 157 222 232
0.0690 -0.1945 -0.1538 158 218 232
0.0673 -0.1907 -0.1442 158 220 232
0.0487 -0.1899 -0.1451 87 225 227
0.0497 -0.1850 -0.1329 89 227 230
0.0513 -0.1840 -0.1361 95 231 227
0.0513 -0.1865 -0.1447 97 232 225
0.0660 -0.1876 -0.1440 155 224 231
0.0627 -0.1830 -0.1324 149 230 232
0.0641 -0.1852 -0.1437 143 233 228
0.0621 -0.1827 -0.1355 142 234 229
0.0612 -0.1843 -0.1437 126 237 225
0.0595 -0.1811 -0.1327 130 238 229
0.0579 -0.1845 -0.1439 119 237 224
0.0544 -0.1849 -0.1443 111 236 224
0.0533 -0.1818 -0.1330 105 236 229
0.0593 -0.1811 -0.1278 133 237 234
0.0560 -0.1812 -0.1273 115 238 234
0.0594 -0.1818 -0.1253 130 238 230
0.0634 -0.1842 -0.1291 151 228 232
0.0564 -0.1811 -0.1326 117 239 229
0.0524 -0.1823 -0.1280 99 234 233
0.0482 -0.1872 -0.1294 86 224 230
0.0519 -0.1834 -0.1254 100 234 230
0.0558 -0.1820 -0.1246 113 238 230
0.0566 -0.2264 -0.2082 111 207 212
0.0610 -0.2274 -0.2080 117 204 212
0.0653 -0.2308 -0.2072 116 202 212
0.0665 -0.2030 -0.1781 121 238 231
0.0420 -0.2079 -0.1367 81 218 232
0.0402 -0.2135 -0.1537 81 218 231
0.0392 -0.2155 -0.1477 80 218 231
0.0410 -0.2105 -0.1336 82 220 232
0.0448 -0.2035 -0.1195 82 213 238
0.0450 -0.1998 -0.1186 81 209 237
0.0386 -0.2189 -0.1610 79 215 233
0.0387 -0.2167 -0.1673 82 220 235
0.0382 -0.2208 -0.1551 78 212 231
0.0402 -0.2135 -0.1537 81 218 231
0.0413 -0.2113 -0.1626 83 222 231
0.0374 -0.2253 -0.1321 78 211 236
0.0378 -0.2218 -0.1327 78 211 235
0.0369 -0.2237 -0.1390 78 211 233
0.0365 -0.2271 -0.1377 78 211 233
0.0363 -0.2305 -0.1362 77 208 234
0.0373 -0.2288 -0.1312 78 209 237
0.0386 -0.2274 -0.1275 79 208 239
0.0388 -0.2242 -0.1267 79 209 238
0.0405 -0.2242 -0.1223 82 206 241
0.0409 -0.2188 -0.1211 82 208 241
0.0392 -0.2201 -0.1262 79 210 237
0.0396 -0.2288 -0.1249 81 206 241
0.0422 -0.2307 -0.1210 85 206 244
0.0379 -0.2314 -0.1293 79 205 238
0.0388 -0.2339 -0.1276 80 204 240
0.0366 -0.2330 -0.1349 78 204 235
0.0373 -0.2356 -0.1342 78 200 235
0.0363 -0.2290 -0.1425 77 209 230
0.0365 -0.2271 -0.1377 78 211 233
0.0369 -0.2237 -0.1390 78 211 233
0.0368 -0.2261 -0.1439 78 210 230
0.0374 -0.2288 -0.1482 78 207 228
0.0369 -0.2313 -0.1466 78 206 228
0.0368 -0.2331 -0.1449 78 203 229
0.0362 -0.2321 -0.1413 77 205 231
0.0368 -0.2347 -0.1411 78 200 232
0.0373 -0.2356 -0.1342 78 200 235
0.0366 -0.2330 -0.1349 78 204 235
0.0363 -0.2305 -0.1362 77 208 234
0.0376 -0.2355 -0.1465 79 199 228
0.0383 -0.2343 -0.1502 80 201 226
0.0386 -0.2319 -0.1524 79 201 228
0.0741 -0.2195 -0.1337 156 204 237
0.0750 -0.2213 -0.1393 156 202 235
0.0746 -0.2171 -0.1347 157 206 236
0.0724 -0.2188 -0.1279 155 203 239
0.0731 -0.2224 -0.1323 155 201 237
0.0740 -0.2238 -0.1373 155 200 236
0.0714 -0.2259 -0.1297 154 201 238
0.0696 -0.2299 -0.1273 154 201 239
0.0710 -0.2313 -0.1336 155 201 236
0.0725 -0.2272 -0.1352 155 199 236
0.0720 -0.2217 -0.1285 155 202 238
0.0702 -0.2241 -0.1252 153 201 240
0.0699 -0.2199 -0.1223 153 202 241
0.0668 -0.2278 -0.1207 148 201 244
0.0728 -0.2155 -0.1276 156 206 238
0.0701 -0.2150 -0.1209 153 205 241
0.0752 -0.2236 -0.1442 156 201 234
0.0758 -0.2216 -0.1465 157 202 234
0.0756 -0.2193 -0.1412 157 204 235
0.0742 -0.2261 -0.1421 155 199 235
0.0739 -0.2282 -0.1456 155 198 234
0.0746 -0.2269 -0.1480 156 199 234
0.0734 -0.2317 -0.1505 154 198 235
0.0744 -0.2294 -0.1539 156 200 234
0.0727 -0.2318 -0.1464 154 197 235
0.0727 -0.2298 -0.1410 155 198 235
0.0749 -0.2149 -0.1359 158 210 235
0.0761 -0.2171 -0.1431 158 207 234
0.0746 -0.2127 -0.1364 157 215 235
0.0730 -0.2114 -0.1294 157 215 236
0.0729 -0.2129 -0.1281 157 211 237
0.0704 -0.2111 -0.1209 155 209 240
0.0714 -0.2091 -0.1247 156 217 236
0.0683 -0.2054 -0.1180 153 214 241
0.0379 -0.2190 -0.1336 79 212 234
0.0371 -0.2212 -0.1402 78 212 232
0.0393 -0.2168 -0.1267 79 212 236
0.0395 -0.2148 -0.1279 80 216 234
0.0384 -0.2164 -0.1342 80 217 233
0.0396 -0.2134 -0.1334 82 220 232
0.0383 -0.2174 -0.1440 80 218 230
0.0409 -0.2117 -0.1239 81 218 235
0.0412 -0.2141 -0.1207 82 211 239
0.0764 -0.2195 -0.1484 157 204 234
0.0753 -0.2248 -0.1506 156 201 233
0.0762 -0.2221 -0.1528 157 202 233
0.0768 -0.2175 -0.1508 158 208 233
0.0762 -0.2149 -0.1449 158 213 233
0.0767 -0.2157 -0.1544 158 211 232
0.0751 -0.2103 -0.1488 157 215 233
0.0757 -0.2126 -0.1467 157 216 233
0.0766 -0.2197 -0.1540 158 205 232
0.0766 -0.2196 -0.1580 158 206 232
0.0757 -0.2248 -0.1571 157 202 233
0.0371 -0.2240 -0.1451 78 210 230
0.0371 -0.2212 -0.1402 78 212 232
0.0375 -0.2192 -0.1417 79 215 231
0.0373 -0.2226 -0.1469 78 212 230
0.0375 -0.2268 -0.1493 78 207 230
0.0383 -0.2292 -0.1537 78 203 230
0.0379 -0.2259 -0.1532 78 207 230
0.0378 -0.2218 -0.1503 78 212 230
0.0375 -0.2251 -0.1498 78 208 230
0.0383 -0.2174 -0.1440 80 218 230
0.0392 -0.2155 -0.1477 80 218 231
0.0383 -0.5158 -0.0673 120 186 226
0.0345 -0.5228 -0.0648 108 178 227
0.0429 -0.5092 -0.0670 121 186 226
0.0397 -0.5205 -0.0594 125 184 233
0.0346 -0.5313 -0.0393 127 185 239
0.0296 -0.5353 -0.0438 110 174 234
0.0534 -0.4313 -0.0129 133 216 244
0.0511 -0.4344 -0.0058 130 213 248
0.0397 -0.2373 -0.1271 78 206 238
0.0383 -0.2394 -0.1346 77 203 235
0.0396 -0.2448 -0.1269 76 210 235
0.0418 -0.2407 -0.1185 80 215 239
0.0427 -0.2347 -0.1203 83 212 243
0.0686 -0.2340 -0.1265 154 205 239
0.0656 -0.2320 -0.1203 149 207 244
0.0658 -0.2378 -0.1196 152 213 241
0.0683 -0.2416 -0.1269 155 208 237
0.0367 -0.3124 -0.1041 81 207 247
0.0423 -0.3074 -0.0998 95 204 252
0.0371 -0.2984 -0.1034 81 208 246
0.0342 -0.3006 -0.1084 73 208 240
0.0332 -0.3119 -0.1102 71 207 238
0.0345 -0.2880 -0.1201 73 207 231
0.0356 -0.2945 -0.1262 72 207 231
0.0716 -0.2853 -0.1249 151 206 227
0.0741 -0.3093 -0.1149 150 207 237
0.0706 -0.3107 -0.1082 142 206 246
0.0713 -0.2988 -0.1087 146 207 244
0.0649 -0.3067 -0.1029 132 203 250
0.0380 -0.2593 -0.1260 75 210 232
0.0381 -0.2562 -0.1184 76 212 235
0.0389 -0.2474 -0.1349 76 208 234
0.0399 -0.2544 -0.1127 80 214 241
0.0434 -0.2529 -0.1085 88 215 246
0.0430 -0.2431 -0.1137 84 218 242
0.0681 -0.2521 -0.1167 153 213 238
0.0693 -0.2540 -0.1225 155 211 233
0.0642 -0.2400 -0.1154 148 217 243
0.0687 -0.2565 -0.1282 155 208 230
0.0603 -0.2296 -0.1153 139 209 249
0.0540 -0.2287 -0.1130 116 212 252
0.0598 -0.2327 -0.1143 140 217 247
0.0592 -0.2351 -0.1124 137 220 247
0.0537 -0.2322 -0.1120 115 220 250
0.0536 -0.2349 -0.1103 115 223 250
0.0478 -0.2311 -0.1151 94 213 248
0.0477 -0.2344 -0.1138 92 219 246
0.0479 -0.2371 -0.1118 94 221 246
0.0538 -0.2397 -0.1079 116 219 251
0.0480 -0.3047 -0.0984 109 202 253
0.0537 -0.3039 -0.0989 117 201 253
0.0490 -0.2921 -0.0970 107 207 253
0.0430 -0.2941 -0.0988 93 208 251
0.0593 -0.3045 -0.1001 124 202 252
0.0664 -0.2949 -0.1027 139 207 248
0.0609 -0.2928 -0.0990 129 206 251
0.0720 -0.2043 -0.1346 157 215 235
0.0724 -0.2072 -0.1338 157 215 235
0.0678 -0.2015 -0.1189 156 211 240
0.0735 -0.2100 -0.1350 156 218 235
0.0224 -0.2549 -0.1977 78 207 225
0.0233 -0.2543 -0.2010 81 191 231
0.0225 -0.2571 -0.1972 110 180 224
0.0203 -0.2552 -0.1945 88 209 218
0.0231 -0.2508 -0.1972 105 180 226
0.0232 -0.2520 -0.1999 98 180 234
0.0334 -0.2274 -0.2040 119 207 212
0.0346 -0.2297 -0.2036 124 207 212
0.0314 -0.2305 -0.2042 118 210 212
0.0309 -0.2289 -0.2040 108 214 213
0.0324 -0.2256 -0.2038 102 214 214
0.0356 -0.2257 -0.2040 110 204 213
0.0358 -0.2286 -0.2035 116 202 212
0.0360 -0.2324 -0.2033 128 206 213
0.0346 -0.2336 -0.2039 130 208 213
0.0330 -0.2319 -0.2041 125 211 213
0.0372 -0.2308 -0.2031 111 201 213
0.0299 -0.2327 -0.2045 115 215 213
0.0318 -0.2339 -0.2046 125 212 213
0.0288 -0.2345 -0.2051 116 221 214
0.0262 -0.2334 -0.2039 98 223 218
0.0293 -0.2302 -0.2038 101 219 215
0.0334 -0.2357 -0.2042 133 207 214
0.0325 -0.2378 -0.2046 142 209 217
0.0309 -0.2358 -0.2052 130 216 214
0.0355 -0.2355 -0.2033 134 203 214
0.0290 -0.2441 -0.2077 131 205 214
0.0270 -0.2432 -0.2082 123 209 213
0.0292 -0.2396 -0.2074 127 214 213
0.0310 -0.2406 -0.2070 138 210 216
0.0315 -0.2423 -0.2064 146 203 219
0.0302 -0.2452 -0.2068 144 198 220
0.0279 -0.2482 -0.2072 139 196 218
0.0265 -0.2481 -0.2079 129 200 214
0.0249 -0.2423 -0.2084 116 213 213
0.0231 -0.2417 -0.2081 103 219 215
0.0253 -0.2389 -0.2073 107 221 215
0.0271 -0.2387 -0.2075 117 218 214
0.0244 -0.2471 -0.2085 121 204 213
0.0222 -0.2461 -0.2088 113 208 212
0.0214 -0.2449 -0.2084 103 215 214
0.0320 -0.2389 -0.2058 146 213 219
0.0303 -0.2374 -0.2063 132 218 215
0.0322 -0.2417 -0.2053 152 202 224
0.0282 -0.2363 -0.2063 118 222 215
0.0255 -0.2372 -0.2063 103 223 217
0.0201 -0.2489 -0.2084 106 204 213
0.0221 -0.2503 -0.2082 117 199 213
0.0203 -0.2525 -0.2073 111 192 215
0.0183 -0.2508 -0.2076 100 201 215
0.0180 -0.2475 -0.2071 93 214 217
0.0196 -0.2463 -0.2081 95 215 216
0.0243 -0.2513 -0.2075 127 194 216
0.0269 -0.2505 -0.2066 141 190 222
0.0256 -0.2524 -0.2056 140 188 223
0.0227 -0.2535 -0.2066 124 188 218
0.0196 -0.2445 -0.1819 94 205 249
0.0191 -0.2402 -0.1832 86 216 244
0.0135 -0.2463 -0.1881 81 216 241
0.0143 -0.2500 -0.1862 88 205 247
0.0216 -0.2475 -0.1820 109 195 250
0.0285 -0.2429 -0.1786 109 188 247
0.0262 -0.2397 -0.1775 97 201 249
0.0117 -0.2542 -0.1901 82 197 241
0.0142 -0.2563 -0.1895 93 188 243
0.0166 -0.2525 -0.1857 100 196 249
0.0107 -0.2512 -0.1921 76 210 236
0.0119 -0.2554 -0.1929 91 186 224
0.0168 -0.2581 -0.1895 107 182 243
0.0201 -0.2583 -0.1910 130 181 239
0.0191 -0.2548 -0.1862 115 189 248
0.0142 -0.2571 -0.1924 97 185 223
0.0166 -0.2586 -0.1923 101 182 224
0.0169 -0.2518 -0.2065 90 194 220
0.0194 -0.2536 -0.2062 101 183 223
0.0192 -0.2537 -0.2049 96 182 237
0.0163 -0.2518 -0.2053 85 188 232
0.0161 -0.2481 -0.2059 90 214 218
0.0221 -0.2546 -0.2054 118 179 225
0.0253 -0.2536 -0.2042 139 186 226
0.0221 -0.2548 -0.2041 109 178 236
0.0314 -0.2247 -0.2024 89 221 221
0.0299 -0.2245 -0.1994 87 224 224
0.0357 -0.2214 -0.2044 95 215 216
0.0362 -0.2422 -0.1966 140 187 224
0.0338 -0.2456 -0.1936 140 184 228
0.0326 -0.2459 -0.1966 145 188 229
0.0361 -0.2405 -0.1991 143 190 223
0.0386 -0.2359 -0.2016 119 192 215
0.0221 -0.2415 -0.2072 93 222 219
0.0208 -0.2414 -0.2057 92 223 220
0.0301 -0.2464 -0.2057 149 192 227
0.0294 -0.2477 -0.2042 149 191 228
0.0297 -0.2494 -0.1899 141 184 234
0.0257 -0.2515 -0.1863 137 186 242
0.0272 -0.2518 -0.1918 143 186 235
0.0216 -0.2334 -0.1858 84 223 238
0.0251 -0.2271 -0.1896 85 225 233
0.0192 -0.2352 -0.1959 85 226 229
0.0157 -0.2404 -0.1916 82 223 234
0.0258 -0.2351 -0.1779 89 214 246
0.0279 -0.2247 -0.1946 86 225 228
0.0227 -0.2333 -0.1999 89 226 224
0.0251 -0.2271 -0.1896 85 225 233
0.0293 -0.2491 -0.2021 148 191 228
0.0326 -0.2459 -0.1966 145 188 229
0.0281 -0.2513 -0.1990 146 188 232
0.0245 -0.2552 -0.1947 143 186 235
0.0281 -0.2513 -0.1990 146 188 232
0.0224 -0.2552 -0.1881 135 185 242
0.0193 -0.2589 -0.1936 111 181 223
0.0247 -0.2550 -0.2020 127 179 229
0.0123 -0.2468 -0.1962 79 219 231
0.0153 -0.2429 -0.2006 84 222 226
0.0136 -0.2491 -0.2041 81 200 223
0.0116 -0.2506 -0.1989 89 190 223
0.0107 -0.2534 -0.1948 88 191 223
0.0183 -0.2415 -0.2037 90 223 221
0.0153 -0.2429 -0.2006 84 222 226
0.0192 -0.2352 -0.1959 85 226 229
0.0365 -0.2441 -0.1766 94 187 242
0.0340 -0.2410 -0.1746 99 189 245
0.0324 -0.2375 -0.1732 95 199 248
0.0382 -0.2150 -0.1728 87 225 237
0.0414 -0.2116 -0.1716 89 228 234
0.0419 -0.2100 -0.1759 95 231 238
0.0381 -0.2127 -0.1776 89 226 239
0.0402 -0.2197 -0.2067 107 212 213
0.0385 -0.2239 -0.2058 102 205 214
0.0378 -0.2278 -0.2043 101 200 214
0.0518 -0.1820 -0.1214 104 235 225
0.0552 -0.1809 -0.1212 114 237 224
0.0491 -0.1838 -0.1211 90 228 228
0.0500 -0.1817 -0.1167 93 230 233
0.0520 -0.1804 -0.1176 106 237 231
0.0586 -0.1807 -0.1215 124 238 225
0.0614 -0.1814 -0.1215 142 234 228
0.0576 -0.1795 -0.1179 122 239 231
0.0601 -0.1800 -0.1173 138 236 233
0.0632 -0.1834 -0.1200 155 225 232
0.0644 -0.1865 -0.1175 157 220 233
0.0619 -0.1818 -0.1160 150 228 236
0.0478 -0.1863 -0.1194 83 219 232
0.0473 -0.1894 -0.1168 82 216 234
0.0491 -0.1840 -0.1152 86 221 237
0.0653 -0.1905 -0.1145 157 216 237
0.0646 -0.1940 -0.1115 153 206 243
0.0675 -0.1973 -0.1177 157 210 239
0.0630 -0.1848 -0.1141 153 223 239
0.0636 -0.1887 -0.1116 151 219 242
0.0469 -0.1929 -0.1140 82 214 237
0.0477 -0.1956 -0.1113 88 201 242
0.0488 -0.1905 -0.1108 89 218 242
0.0504 -0.1892 -0.1101 111 225 247
0.0503 -0.1863 -0.1121 111 224 248
0.0489 -0.1870 -0.1133 87 218 240
0.0512 -0.1917 -0.1083 113 223 249
0.0523 -0.1910 -0.1093 139 230 242
0.0515 -0.1889 -0.1108 145 225 242
0.0620 -0.1881 -0.1106 128 223 248
0.0613 -0.1912 -0.1088 127 222 249
0.0616 -0.1846 -0.1127 132 225 247
0.0606 -0.1853 -0.1126 94 216 245
0.0609 -0.1881 -0.1110 93 221 243
0.0603 -0.1907 -0.1096 100 229 242
0.0532 -0.1928 -0.1077 121 222 249
0.0523 -0.1943 -0.1075 111 205 251
0.0559 -0.1943 -0.1073 122 210 251
0.0558 -0.1930 -0.1078 121 226 248
0.0537 -0.1920 -0.1088 130 235 240
0.0589 -0.1926 -0.1080 120 223 249
0.0598 -0.1939 -0.1078 131 206 251
0.0582 -0.1919 -0.1089 111 236 238
0.0504 -0.1837 -0.1135 107 224 247
0.0511 -0.1818 -0.1146 110 230 244
0.0514 -0.1844 -0.1135 146 216 246
0.0520 -0.1829 -0.1142 142 214 248
0.0608 -0.1821 -0.1141 133 227 246
0.0593 -0.1806 -0.1151 125 232 244
0.0588 -0.1819 -0.1145 104 211 249
0.0600 -0.1832 -0.1137 99 213 248
0.0571 -0.1802 -0.1159 117 232 244
0.0547 -0.1798 -0.1180 114 239 231
0.0547 -0.1805 -0.1161 117 232 244
0.0570 -0.1816 -0.1152 110 207 250
0.0526 -0.1809 -0.1156 119 233 243
0.0532 -0.1822 -0.1151 138 210 249
0.0520 -0.1892 -0.1119 158 218 234
0.0517 -0.1869 -0.1134 160 213 235
0.0513 -0.1865 -0.1124 149 220 243
0.0527 -0.1911 -0.1104 152 227 232
0.0529 -0.1917 -0.1117 127 225 248
0.0521 -0.1897 -0.1131 122 224 248
0.0540 -0.1921 -0.1099 136 236 228
0.0557 -0.1922 -0.1088 121 237 237
0.0558 -0.1923 -0.1099 120 238 226
0.0541 -0.1926 -0.1112 124 228 246
0.0581 -0.1920 -0.1101 106 236 227
0.0600 -0.1908 -0.1106 87 226 229
0.0583 -0.1925 -0.1113 113 227 247
0.0559 -0.1928 -0.1112 120 227 247
0.0518 -0.1850 -0.1143 159 207 237
0.0523 -0.1837 -0.1150 154 198 240
0.0518 -0.1875 -0.1147 122 223 249
0.0518 -0.1856 -0.1157 124 219 250
0.0570 -0.1825 -0.1159 114 185 243
0.0587 -0.1828 -0.1152 97 190 241
0.0549 -0.1819 -0.1156 124 205 251
0.0551 -0.1827 -0.1163 127 185 243
0.0571 -0.1831 -0.1173 128 198 213
0.0588 -0.1833 -0.1166 136 197 214
0.0535 -0.1830 -0.1158 141 189 242
0.0524 -0.1843 -0.1164 119 212 251
0.0536 -0.1836 -0.1172 90 194 223
0.0289 -0.5357 -0.1992 64 196 225
0.0297 -0.5365 -0.2005 56 203 231
0.0294 -0.5377 -0.1997 76 173 238
0.0282 -0.5369 -0.1979 73 174 241
0.0277 -0.5346 -0.1987 73 189 222
0.0295 -0.5325 -0.2003 115 221 229
0.0304 -0.5334 -0.2006 119 216 228
0.0300 -0.5368 -0.2033 53 199 240
0.0295 -0.5366 -0.2059 63 181 243
0.0303 -0.5376 -0.2031 79 172 238
0.0308 -0.5343 -0.2016 88 179 224
0.0305 -0.5351 -0.2035 72 176 244
0.0297 -0.5356 -0.2052 74 174 240
0.0379 -0.5214 -0.2114 90 211 219
0.0394 -0.5234 -0.2120 93 205 218
0.0372 -0.5247 -0.2120 89 202 218
0.0355 -0.5226 -0.2113 84 208 219
0.0371 -0.5200 -0.2106 86 222 224
0.0396 -0.5200 -0.2107 93 220 223
0.0405 -0.5209 -0.2113 96 214 220
0.0405 -0.5258 -0.2120 96 199 218
0.0414 -0.5280 -0.2116 98 193 219
0.0388 -0.5269 -0.2120 93 197 218
0.0415 -0.5230 -0.2118 97 206 218
0.0421 -0.5254 -0.2118 95 199 218
0.0424 -0.5274 -0.2116 95 195 218
0.0337 -0.5243 -0.2111 79 204 219
0.0352 -0.5260 -0.2117 84 199 219
0.0338 -0.5270 -0.2111 74 191 222
0.0325 -0.5257 -0.2107 70 196 222
0.0319 -0.5243 -0.2102 68 203 223
0.0325 -0.5229 -0.2103 71 211 223
0.0368 -0.5277 -0.2117 88 193 219
0.0380 -0.5291 -0.2114 91 184 221
0.0365 -0.5291 -0.2111 85 184 222
0.0352 -0.5283 -0.2112 79 187 222
0.0436 -0.5267 -0.2117 89 197 218
0.0433 -0.5241 -0.2119 96 204 218
0.0433 -0.5288 -0.2113 87 191 219
0.0426 -0.5214 -0.2112 100 213 220
0.0410 -0.5197 -0.2103 95 223 224
0.0434 -0.5187 -0.2093 89 217 222
0.0318 -0.5258 -0.2099 62 187 230
0.0332 -0.5272 -0.2103 65 182 231
0.0329 -0.5270 -0.2097 86 200 218
0.0314 -0.5256 -0.2092 76 207 221
0.0312 -0.5243 -0.2095 65 205 224
0.0346 -0.5286 -0.2105 71 180 229
0.0363 -0.5296 -0.2106 85 182 223
0.0344 -0.5286 -0.2100 94 189 220
0.0324 -0.5303 -0.2110 98 203 218
0.0307 -0.5289 -0.2108 92 207 219
0.0322 -0.5274 -0.2103 99 212 220
0.0337 -0.5287 -0.2105 106 208 220
0.0342 -0.5302 -0.2105 108 203 220
0.0335 -0.5317 -0.2108 108 196 220
0.0318 -0.5330 -0.2110 101 195 219
0.0307 -0.5324 -0.2112 95 199 218
0.0288 -0.5277 -0.2102 87 211 220
0.0274 -0.5270 -0.2095 74 220 226
0.0292 -0.5260 -0.2094 85 217 222
0.0306 -0.5262 -0.2098 91 216 221
0.0288 -0.5309 -0.2111 88 203 218
0.0269 -0.5296 -0.2104 81 207 220
0.0343 -0.5284 -0.2101 120 217 228
0.0328 -0.5269 -0.2098 112 220 226
0.0348 -0.5303 -0.2103 110 202 220
0.0312 -0.5256 -0.2093 98 220 223
0.0293 -0.5255 -0.2090 79 220 225
0.0298 -0.5244 -0.2084 71 218 226
0.0256 -0.5316 -0.2103 74 202 221
0.0273 -0.5329 -0.2108 83 197 219
0.0248 -0.5332 -0.2097 65 193 225
0.0245 -0.5312 -0.2091 59 207 228
0.0251 -0.5299 -0.2097 60 212 230
0.0291 -0.5341 -0.2110 90 192 219
0.0311 -0.5344 -0.2108 104 185 222
0.0302 -0.5355 -0.2102 100 179 224
0.0280 -0.5354 -0.2103 84 182 223
0.0345 -0.5312 -0.1966 109 186 254
0.0331 -0.5294 -0.1956 93 202 255
0.0301 -0.5325 -0.1956 91 197 255
0.0316 -0.5341 -0.1967 109 184 253
0.0331 -0.5351 -0.1993 116 179 246
0.0360 -0.5325 -0.1991 113 179 248
0.0376 -0.5287 -0.1966 103 187 255
0.0317 -0.5277 -0.1967 78 215 254
0.0307 -0.5258 -0.1991 72 219 250
0.0276 -0.5291 -0.1986 70 218 250
0.0286 -0.5309 -0.1964 77 211 255
0.0362 -0.5265 -0.1959 91 205 255
0.0349 -0.5245 -0.1972 79 216 253
0.0404 -0.5277 -0.1965 88 188 255
0.0391 -0.5246 -0.1961 85 205 255
0.0389 -0.5306 -0.1988 101 177 250
0.0413 -0.5307 -0.1985 77 179 250
0.0378 -0.5222 -0.1976 79 216 253
0.0367 -0.5204 -0.2001 74 221 249
0.0339 -0.5228 -0.1996 74 220 249
0.0402 -0.5200 -0.1976 70 212 252
0.0264 -0.5334 -0.1966 75 203 255
0.0279 -0.5348 -0.1962 85 190 255
0.0252 -0.5318 -0.1984 67 215 250
0.0242 -0.5332 -0.1985 57 188 241
0.0254 -0.5345 -0.1973 63 182 244
0.0268 -0.5357 -0.1973 66 178 241
0.0293 -0.5362 -0.1971 100 180 253
0.0307 -0.5370 -0.1994 111 176 245
0.0242 -0.5337 -0.2085 59 187 233
0.0259 -0.5351 -0.2089 69 178 232
0.0260 -0.5352 -0.2076 71 176 242
0.0242 -0.5336 -0.2071 61 183 242
0.0238 -0.5314 -0.2079 56 206 231
0.0278 -0.5362 -0.2091 81 173 231
0.0301 -0.5363 -0.2091 99 174 229
0.0280 -0.5364 -0.2078 78 172 240
0.0379 -0.5194 -0.2098 88 229 232
0.0347 -0.5204 -0.2096 76 227 234
0.0352 -0.5202 -0.2085 78 228 236
0.0387 -0.5192 -0.2088 86 228 231
0.0323 -0.5222 -0.2094 64 218 231
0.0323 -0.5220 -0.2083 68 222 233
0.0344 -0.5210 -0.2104 76 218 224
0.0422 -0.5294 -0.2110 94 183 222
0.0426 -0.5306 -0.2099 79 180 225
0.0406 -0.5300 -0.2098 91 175 227
0.0405 -0.5295 -0.2109 95 178 225
0.0384 -0.5297 -0.2107 93 176 226
0.0385 -0.5303 -0.2097 98 177 226
0.0399 -0.5287 -0.2116 96 187 220
0.0268 -0.5274 -0.2092 65 221 237
0.0265 -0.5280 -0.2085 62 219 235
0.0333 -0.5327 -0.2105 113 187 223
0.0358 -0.5307 -0.2098 101 189 220
0.0330 -0.5337 -0.2099 113 182 226
0.0376 -0.5330 -0.2025 113 175 242
0.0399 -0.5318 -0.2021 93 171 243
0.0349 -0.5349 -0.2028 115 176 241
0.0363 -0.5340 -0.2062 114 176 234
0.0387 -0.5326 -0.2058 109 173 235
0.0418 -0.5325 -0.2017 67 178 243
0.0420 -0.5330 -0.2051 64 180 235
0.0388 -0.5315 -0.2081 105 176 228
0.0407 -0.5312 -0.2080 89 174 229
0.0387 -0.5326 -0.2058 109 173 235
0.0363 -0.5327 -0.2084 111 180 226
0.0424 -0.5321 -0.2079 70 180 229
0.0420 -0.5330 -0.2051 64 180 235
0.0406 -0.5320 -0.2054 87 171 235
0.0306 -0.5238 -0.2018 70 221 246
0.0336 -0.5212 -0.2021 72 223 246
0.0310 -0.5222 -0.2044 69 223 241
0.0282 -0.5248 -0.2045 65 221 240
0.0276 -0.5267 -0.2016 67 219 246
0.0364 -0.5191 -0.2027 72 224 244
0.0388 -0.5172 -0.2028 68 223 241
0.0367 -0.5185 -0.2051 74 226 236
0.0338 -0.5202 -0.2046 72 226 239
0.0391 -0.5182 -0.2003 68 218 247
0.0317 -0.5218 -0.2066 70 224 234
0.0346 -0.5200 -0.2068 75 226 234
0.0289 -0.5243 -0.2067 66 221 233
0.0379 -0.5187 -0.2072 78 226 230
0.0410 -0.5172 -0.2072 79 222 226
0.0394 -0.5168 -0.2052 72 224 232
0.0332 -0.5347 -0.2088 111 179 228
0.0363 -0.5340 -0.2062 114 176 234
0.0332 -0.5358 -0.2066 111 175 234
0.0322 -0.5367 -0.2030 112 174 239
0.0332 -0.5358 -0.2066 111 175 234
0.0301 -0.5371 -0.2071 92 171 235
0.0249 -0.5298 -0.2016 63 218 244
0.0252 -0.5282 -0.2049 61 218 239
0.0230 -0.5315 -0.2057 53 199 238
0.0235 -0.5319 -0.2017 56 190 241
0.0258 -0.5279 -0.2072 63 218 233
0.0421 -0.5172 -0.1970 64 209 250
0.0410 -0.5158 -0.1995 62 214 245
0.0440 -0.5188 -0.1943 65 205 251
0.0409 -0.5150 -0.2019 63 219 239
0.0416 -0.5146 -0.2042 69 222 232
0.0430 -0.5148 -0.2061 74 220 226
0.0659 -0.4417 -0.1424 136 205 228
0.0663 -0.4393 -0.1411 138 209 232
0.0649 -0.4340 -0.1363 138 213 235
0.0615 -0.4265 -0.1358 132 221 232
0.0627 -0.4287 -0.1314 136 217 238
0.0580 -0.4243 -0.1369 113 231 231
0.0601 -0.4248 -0.1338 120 229 238
0.0554 -0.4246 -0.1386 102 230 228
0.0553 -0.4244 -0.1374 94 230 243
0.0575 -0.4243 -0.1359 88 228 245
0.0527 -0.4250 -0.1386 90 229 229
0.0503 -0.4257 -0.1373 78 226 232
0.0529 -0.4248 -0.1374 97 230 243
0.0489 -0.4268 -0.1350 72 223 236
0.0475 -0.4297 -0.1332 65 215 236
0.0486 -0.4279 -0.1319 73 223 241
0.0495 -0.4266 -0.1344 104 229 245
0.0508 -0.4255 -0.1363 98 229 245
0.0497 -0.4286 -0.1283 80 224 245
0.0487 -0.4296 -0.1287 71 219 244
0.0524 -0.4289 -0.1255 90 227 246
0.0528 -0.4283 -0.1265 101 233 238
0.0505 -0.4282 -0.1288 104 233 237
0.0610 -0.4265 -0.1297 126 224 243
0.0601 -0.4283 -0.1261 118 224 247
0.0599 -0.4262 -0.1298 85 228 243
0.0592 -0.4277 -0.1268 95 231 242
0.0565 -0.4290 -0.1248 100 228 247
0.0563 -0.4283 -0.1257 98 232 239
0.0564 -0.4286 -0.1264 96 225 222
0.0532 -0.4288 -0.1272 114 226 225
0.0591 -0.4280 -0.1273 71 217 227
0.0567 -0.4295 -0.1269 105 232 241
0.0536 -0.4297 -0.1277 88 231 240
0.0510 -0.4287 -0.1294 127 223 229
0.0498 -0.4282 -0.1321 136 218 236
0.0493 -0.4276 -0.1318 108 232 241
0.0514 -0.4297 -0.1300 87 230 241
0.0725 -0.4608 -0.1398 138 202 240
0.0723 -0.4650 -0.1374 137 199 241
0.0725 -0.4653 -0.1422 137 198 240
0.0735 -0.4644 -0.1447 135 198 245
0.0730 -0.4588 -0.1432 138 206 240
0.0749 -0.4623 -0.1479 137 209 239
0.0759 -0.4674 -0.1480 130 198 249
0.0768 -0.4684 -0.1536 134 214 234
0.0787 -0.4775 -0.1534 136 195 238
0.0787 -0.4760 -0.1509 134 201 245
0.0778 -0.4792 -0.1521 132 188 241
0.0770 -0.4819 -0.1564 131 186 239
0.0779 -0.4798 -0.1579 135 193 235
0.0787 -0.4756 -0.1556 137 204 234
0.0772 -0.4738 -0.1598 133 211 230
0.0746 -0.4723 -0.1635 123 218 226
0.0780 -0.4780 -0.1592 136 201 233
0.0767 -0.4784 -0.1641 135 204 231
0.0722 -0.4912 -0.1841 130 211 229
0.0763 -0.4822 -0.1642 136 194 235
0.0753 -0.4852 -0.1620 132 187 238
0.0716 -0.4747 -0.1391 126 191 249
0.0724 -0.4796 -0.1442 116 182 249
0.0736 -0.4749 -0.1422 136 205 242
0.0722 -0.4715 -0.1399 137 205 240
0.0708 -0.4704 -0.1359 131 193 247
0.0713 -0.4677 -0.1358 135 197 244
0.0720 -0.4695 -0.1396 137 200 240
0.0723 -0.4678 -0.1406 138 198 238
0.0766 -0.4805 -0.1504 128 184 243
0.0778 -0.4775 -0.1495 132 199 247
0.0769 -0.4786 -0.1481 131 196 247
0.0748 -0.4819 -0.1496 120 180 245
0.0754 -0.4834 -0.1545 126 182 242
0.0732 -0.4873 -0.1597 125 182 242
0.0716 -0.4873 -0.1562 121 180 244
0.0718 -0.4843 -0.1505 114 178 246
0.0665 -0.5000 -0.1730 114 178 246
0.0739 -0.4843 -0.1534 120 179 244
0.0735 -0.4757 -0.1454 126 221 232
0.0719 -0.4733 -0.1444 131 215 231
0.0755 -0.4787 -0.1458 130 196 248
0.0753 -0.4777 -0.1468 122 225 240
0.0724 -0.4768 -0.1487 112 215 253
0.0708 -0.4755 -0.1491 119 208 253
0.0233 -0.2503 -0.1836 123 190 248
0.0162 -0.5536 0.1531 127 205 246
0.0171 -0.5586 0.1517 130 203 242
0.0131 -0.5538 0.1566 110 204 255
0.0156 -0.5569 0.1553 120 202 252
0.0174 -0.5630 0.1517 129 199 243
0.0172 -0.5679 0.1521 127 199 246
0.0165 -0.5593 0.1539 125 201 249
0.0163 -0.5622 0.1545 120 197 252
0.0156 -0.5664 0.1545 111 195 255
0.0168 -0.5745 0.1521 127 197 246
0.0134 -0.5606 0.1564 107 196 255
0.0099 -0.5587 0.1577 102 199 255
0.0066 -0.5570 0.1583 95 202 255
0.0050 -0.5886 0.1573 85 187 255
0.0044 -0.5904 0.1565 91 189 255
0.0005 -0.5837 0.1580 99 195 255
0.0468 -0.5203 -0.1912 68 200 253
0.0477 -0.5162 -0.1905 67 203 252
0.0423 -0.5229 -0.1952 72 202 255
0.0486 -0.5129 -0.1902 66 200 252
0.0491 -0.5100 -0.1889 65 189 249
0.0477 -0.5093 -0.1907 63 190 248
0.0620 -0.2007 -0.1113 143 204 248
0.0618 -0.1977 -0.1104 142 200 247
0.0557 -0.2009 -0.1095 119 201 251
0.0609 -0.1955 -0.1089 138 198 248
0.0628 -0.1923 -0.1092 145 211 247
0.0559 -0.1960 -0.1077 121 199 250
0.0558 -0.1981 -0.1086 120 198 250
0.0497 -0.2015 -0.1113 95 205 247
0.0500 -0.1987 -0.1105 94 204 247
0.0511 -0.1963 -0.1089 103 197 248
0.0497 -0.1933 -0.1086 95 210 247
0.0095 0.1094 -0.0986 160 227 242
0.0124 0.0928 -0.0924 167 234 236
0.0126 0.1041 -0.0996 178 224 235
0.0109 0.1404 -0.1133 176 220 238
0.0183 -0.0656 -0.0367 162 218 240
0.0183 -0.0455 -0.0442 172 213 226
0.0193 -0.0465 -0.0418 171 208 227
0.0165 -0.0553 -0.0385 161 213 242
0.0168 -0.0801 -0.0304 152 220 244
0.0028 -0.5262 0.1427 62 213 247
0.0017 -0.5305 0.1458 117 213 251
0.0013 -0.5414 0.1526 101 211 255
0.0029 -0.5312 0.1471 59 211 246
0.0039 -0.5194 0.1394 61 210 248
0.0032 -0.5182 0.1374 55 207 240
0.0030 -0.5204 0.1366 61 215 244
0.0035 -0.5152 0.1289 65 219 245
0.0024 -0.5133 0.1250 117 223 245
0.0042 -0.5159 0.1347 56 210 238
0.0040 -0.5109 0.1216 62 216 243
0.0028 -0.5074 0.1111 105 228 244
0.0077 -0.5073 0.1246 68 220 244
0.0073 -0.5106 0.1303 61 217 237
0.0094 -0.5077 0.1286 90 230 234
0.0096 -0.5054 0.1242 94 227 247
0.0081 -0.5041 0.1189 66 216 247
0.0060 -0.5084 0.1228 65 219 243
0.0039 -0.5464 0.1551 77 203 255
0.0062 -0.5426 0.1552 97 201 255
0.0062 -0.5393 0.1555 98 198 255
0.0048 -0.5410 0.1549 76 201 255
0.0023 -0.5489 0.1546 77 204 255
0.0019 -0.5465 0.1542 82 205 255
0.0007 -0.5505 0.1551 119 202 253
0.0033 -0.5409 0.1540 66 203 253
0.0032 -0.5391 0.1535 59 205 249
0.0023 -0.5409 0.1530 66 208 252
0.0013 -0.6336 0.1395 61 198 224
0.0011 -0.6321 0.1397 48 191 246
0.0021 -0.6378 0.1389 48 191 246
0.0022 -0.6381 0.1390 60 196 224
0.0020 -0.6383 0.1390 78 200 221
0.0010 -0.6325 0.1397 77 201 221
0.0001 -0.6271 0.1405 91 169 237
0.0010 -0.6358 0.1391 112 197 255
0.0007 -0.6340 0.1394 124 199 244
0.0015 -0.6408 0.1386 123 202 236
0.0016 -0.6413 0.1385 119 198 251
0.0017 -0.6407 0.1385 106 196 255
0.0008 -0.6339 0.1394 110 196 255
0.0012 -0.6346 0.1394 87 202 220
0.0019 -0.6395 0.1389 92 201 221
0.0017 -0.6400 0.1387 91 201 221
0.0008 -0.6336 0.1395 88 202 221
0.0010 -0.6356 0.1392 87 202 220
0.0016 -0.6410 0.1386 101 201 222
0.0011 -0.6353 0.1391 104 196 255
0.0018 -0.6406 0.1384 105 195 255
0.0019 -0.6394 0.1384 89 193 255
0.0010 -0.6331 0.1394 90 193 255
0.0013 -0.6341 0.1392 67 191 255
0.0021 -0.6388 0.1386 77 190 255
0.0001 -0.6412 0.1241 106 173 238
0.0003 -0.6410 0.1232 108 173 238
0.0008 -0.6403 0.1243 122 189 240
0.0007 -0.6407 0.1252 122 187 239
-0.0000 -0.6414 0.1251 105 172 238
-0.0007 -0.6415 0.1241 68 172 234
-0.0005 -0.6412 0.1231 66 173 233
-0.0010 -0.6407 0.1242 45 195 238
-0.0008 -0.6401 0.1232 45 197 238
-0.0011 -0.6413 0.1252 45 195 238
-0.0009 -0.6404 0.1253 49 210 244
-0.0008 -0.6396 0.1243 47 207 245
-0.0003 -0.6389 0.1244 63 216 252
-0.0003 -0.6377 0.1234 68 216 254
-0.0008 -0.6386 0.1233 49 208 247
-0.0008 -0.6396 0.1243 47 207 245
-0.0004 -0.6398 0.1254 63 218 250
0.0002 -0.6396 0.1254 92 222 252
0.0003 -0.6387 0.1244 97 218 254
0.0008 -0.6394 0.1244 120 207 246
0.0007 -0.6400 0.1253 119 210 245
0.0009 -0.6400 0.1233 123 191 241
0.0008 -0.6387 0.1234 120 207 247
0.0008 -0.6404 0.1262 119 209 247
0.0003 -0.6402 0.1264 90 223 251
0.0006 -0.6408 0.1269 114 201 254
0.0005 -0.6410 0.1267 115 180 246
0.0008 -0.6409 0.1261 120 185 242
-0.0004 -0.6404 0.1263 66 221 248
-0.0009 -0.6404 0.1253 49 210 244
-0.0009 -0.6408 0.1263 51 213 244
-0.0008 -0.6410 0.1269 58 215 250
-0.0003 -0.6407 0.1271 73 217 254
0.0002 -0.6405 0.1268 88 220 254
-0.0000 -0.6415 0.1262 103 171 241
-0.0001 -0.6414 0.1270 100 174 250
-0.0007 -0.6416 0.1269 81 171 249
-0.0009 -0.6418 0.1264 70 170 244
-0.0009 -0.6418 0.1251 70 170 237
-0.0002 -0.6411 0.1273 88 196 255
-0.0009 -0.6414 0.1272 58 192 255
-0.0012 -0.6414 0.1263 45 193 243
-0.0009 -0.6414 0.1272 58 192 255
-0.0008 -0.6410 0.1269 58 215 250
-0.0009 -0.6408 0.1263 51 213 244
-0.0095 -0.5978 0.1279 94 228 242
-0.0082 -0.5984 0.1278 119 217 241
-0.0082 -0.5983 0.1268 119 217 240
-0.0095 -0.5977 0.1269 94 228 242
-0.0109 -0.5980 0.1278 65 223 242
-0.0109 -0.5982 0.1288 64 222 243
-0.0095 -0.5979 0.1289 93 228 243
-0.0097 -0.6041 0.1273 80 169 238
-0.0109 -0.6035 0.1273 57 179 238
-0.0097 -0.6039 0.1262 79 169 237
-0.0085 -0.6039 0.1263 105 172 238
-0.0084 -0.6040 0.1273 105 172 238
-0.0097 -0.6042 0.1283 80 169 238
-0.0109 -0.6036 0.1283 58 178 238
-0.0099 -0.5880 0.1284 92 228 235
-0.0081 -0.5888 0.1283 117 220 237
-0.0099 -0.5882 0.1279 92 227 233
-0.0116 -0.5884 0.1285 62 221 236
-0.0099 -0.5880 0.1291 93 229 240
-0.0081 -0.5888 0.1289 118 219 241
-0.0097 -0.5967 0.1280 85 169 239
-0.0110 -0.5961 0.1280 59 178 239
-0.0097 -0.5967 0.1270 84 169 240
-0.0083 -0.5963 0.1271 111 174 239
-0.0083 -0.5963 0.1281 112 175 239
-0.0096 -0.5967 0.1291 85 169 239
-0.0110 -0.5961 0.1290 59 178 239
-0.0087 -0.6180 0.1264 74 171 234
-0.0099 -0.6173 0.1264 56 179 236
-0.0087 -0.6176 0.1253 73 172 233
-0.0077 -0.6177 0.1253 108 175 234
-0.0077 -0.6180 0.1263 106 173 235
-0.0087 -0.6182 0.1274 74 170 238
-0.0099 -0.6175 0.1275 56 178 238
-0.0081 -0.6255 0.1254 78 168 241
-0.0092 -0.6244 0.1256 52 182 238
-0.0091 -0.6242 0.1245 51 184 237
-0.0080 -0.6256 0.1244 82 168 243
-0.0071 -0.6249 0.1244 120 183 240
-0.0071 -0.6251 0.1255 117 180 240
-0.0081 -0.6253 0.1264 77 169 242
-0.0070 -0.6230 0.1259 125 201 242
-0.0070 -0.6219 0.1246 125 202 242
-0.0076 -0.6206 0.1263 118 209 249
-0.0076 -0.6220 0.1275 119 212 247
-0.0070 -0.6237 0.1270 125 199 243
-0.0088 -0.6195 0.1264 91 215 255
-0.0076 -0.6206 0.1263 118 209 249
-0.0077 -0.6185 0.1249 113 210 252
-0.0089 -0.6172 0.1250 88 214 255
-0.0098 -0.6179 0.1250 62 211 253
-0.0099 -0.6199 0.1263 53 209 249
-0.0089 -0.6212 0.1277 94 222 251
-0.0099 -0.6221 0.1260 46 195 237
-0.0098 -0.6209 0.1247 46 197 238
-0.0100 -0.6228 0.1271 46 192 239
-0.0099 -0.6214 0.1276 52 212 246
-0.0059 -0.6344 0.1259 65 215 253
-0.0052 -0.6343 0.1257 107 215 252
-0.0052 -0.6321 0.1239 103 215 254
-0.0060 -0.6320 0.1239 73 216 255
-0.0065 -0.6333 0.1238 47 203 245
-0.0064 -0.6354 0.1256 45 200 243
-0.0058 -0.6362 0.1275 62 216 251
-0.0051 -0.6359 0.1273 103 219 251
-0.0061 -0.6369 0.1251 47 189 237
-0.0061 -0.6357 0.1236 46 191 237
-0.0053 -0.6377 0.1234 59 175 236
-0.0054 -0.6381 0.1245 67 171 236
-0.0054 -0.6384 0.1256 75 169 236
-0.0060 -0.6378 0.1264 49 184 237
-0.0063 -0.6370 0.1272 45 199 244
-0.0047 -0.6380 0.1244 108 173 239
-0.0046 -0.6379 0.1234 104 171 239
-0.0043 -0.6370 0.1246 124 194 241
-0.0047 -0.6380 0.1253 112 176 239
-0.0046 -0.6354 0.1252 123 205 244
-0.0043 -0.6366 0.1235 125 196 241
-0.0046 -0.6342 0.1237 123 205 245
-0.0052 -0.6343 0.1257 107 215 252
-0.0051 -0.6359 0.1273 103 219 251
-0.0045 -0.6364 0.1265 122 207 243
-0.0044 -0.6373 0.1257 124 193 241
-0.0073 -0.6275 0.1259 89 222 252
-0.0063 -0.6283 0.1258 117 212 247
-0.0062 -0.6273 0.1243 116 213 248
-0.0072 -0.6264 0.1244 89 221 253
-0.0081 -0.6269 0.1244 55 214 247
-0.0082 -0.6279 0.1257 51 212 245
-0.0074 -0.6285 0.1273 89 224 249
-0.0082 -0.6298 0.1254 46 194 238
-0.0081 -0.6293 0.1242 46 195 237
-0.0075 -0.6317 0.1239 55 178 239
-0.0076 -0.6317 0.1250 55 178 239
-0.0077 -0.6316 0.1260 57 176 240
-0.0083 -0.6302 0.1265 46 192 239
-0.0083 -0.6287 0.1270 52 212 245
-0.0067 -0.6321 0.1249 90 168 243
-0.0066 -0.6323 0.1239 92 169 244
-0.0059 -0.6314 0.1239 121 185 242
-0.0060 -0.6314 0.1250 120 184 242
-0.0068 -0.6319 0.1258 91 168 242
-0.0058 -0.6298 0.1254 125 200 242
-0.0058 -0.6294 0.1241 125 201 242
-0.0063 -0.6283 0.1258 117 212 247
-0.0064 -0.6291 0.1271 117 214 246
-0.0059 -0.6302 0.1266 125 200 242
-0.0060 -0.6314 0.1260 119 182 241
-0.0060 -0.6304 0.1276 124 196 245
-0.0061 -0.6314 0.1269 116 180 245
-0.0064 -0.6295 0.1283 115 212 249
-0.0063 -0.6305 0.1283 110 187 254
-0.0064 -0.6312 0.1276 107 178 251
-0.0068 -0.6319 0.1266 91 169 244
-0.0077 -0.6316 0.1268 61 174 244
-0.0069 -0.6315 0.1275 88 173 251
-0.0082 -0.6304 0.1275 48 188 244
-0.0083 -0.6291 0.1282 54 210 250
-0.0075 -0.6313 0.1275 66 176 251
-0.0079 -0.6305 0.1282 60 183 252
-0.0074 -0.6289 0.1285 87 222 252
-0.0064 -0.6295 0.1283 115 212 249
-0.0064 -0.6291 0.1271 117 214 246
-0.0079 -0.6296 0.1286 59 196 255
-0.0073 -0.6295 0.1291 84 205 255
-0.0066 -0.6298 0.1287 108 201 255
-0.0045 -0.6368 0.1274 123 204 244
-0.0044 -0.6374 0.1266 123 191 242
-0.0049 -0.6365 0.1283 101 218 252
-0.0046 -0.6370 0.1280 121 194 248
-0.0046 -0.6375 0.1272 120 186 245
-0.0048 -0.6381 0.1262 114 177 241
-0.0054 -0.6385 0.1265 84 168 240
-0.0049 -0.6380 0.1271 113 178 245
-0.0059 -0.6382 0.1274 60 174 243
-0.0061 -0.6376 0.1283 51 191 251
-0.0053 -0.6383 0.1272 98 171 246
-0.0056 -0.6381 0.1280 85 172 250
-0.0056 -0.6369 0.1286 64 213 254
-0.0049 -0.6365 0.1283 101 218 252
-0.0057 -0.6376 0.1285 75 182 255
-0.0054 -0.6371 0.1289 87 197 255
-0.0049 -0.6368 0.1285 108 204 255
-0.0099 -0.6229 0.1280 49 189 246
-0.0099 -0.6216 0.1286 56 212 250
-0.0093 -0.6244 0.1274 58 179 246
-0.0091 -0.6239 0.1280 65 181 253
-0.0095 -0.6228 0.1286 62 186 254
-0.0089 -0.6215 0.1288 93 225 248
-0.0078 -0.6223 0.1286 116 211 249
-0.0095 -0.6219 0.1289 64 202 255
-0.0089 -0.6217 0.1293 88 212 255
-0.0081 -0.6224 0.1289 106 203 255
-0.0072 -0.6238 0.1280 121 195 249
-0.0073 -0.6250 0.1274 108 177 249
-0.0078 -0.6223 0.1286 116 211 249
-0.0077 -0.6235 0.1286 104 190 255
-0.0077 -0.6244 0.1280 96 181 255
-0.0082 -0.6251 0.1272 76 171 247
-0.0093 -0.6245 0.1266 54 179 240
-0.0072 -0.6251 0.1265 114 177 242
-0.0083 -0.6245 0.1280 78 177 254
-0.0087 -0.6182 0.1287 76 170 246
-0.0098 -0.6175 0.1286 56 180 246
-0.0076 -0.6183 0.1285 107 175 247
-0.0079 -0.6178 0.1291 104 185 255
-0.0087 -0.6178 0.1294 82 185 255
-0.0096 -0.6173 0.1291 66 189 255
-0.0097 -0.5968 0.1301 84 170 245
-0.0110 -0.5961 0.1300 60 179 246
-0.0083 -0.5963 0.1291 112 175 239
-0.0083 -0.5964 0.1302 111 176 246
-0.0086 -0.5961 0.1307 101 186 255
-0.0097 -0.5963 0.1308 83 183 255
-0.0107 -0.5958 0.1305 68 189 255
-0.0097 -0.5882 0.1299 95 225 249
-0.0082 -0.5890 0.1297 117 216 248
-0.0113 -0.5885 0.1301 70 217 252
-0.0108 -0.5891 0.1305 79 207 255
-0.0096 -0.5890 0.1306 94 211 255
-0.0097 -0.6042 0.1293 81 169 243
-0.0109 -0.6037 0.1293 60 178 245
-0.0084 -0.6041 0.1293 106 173 245
-0.0087 -0.6039 0.1297 99 182 255
-0.0097 -0.6040 0.1300 84 182 255
-0.0106 -0.6035 0.1298 70 187 255
-0.0095 -0.5982 0.1299 92 224 249
-0.0082 -0.5988 0.1298 116 215 249
-0.0082 -0.5986 0.1289 118 218 241
-0.0109 -0.5984 0.1298 65 218 249
-0.0106 -0.5988 0.1302 73 206 255
-0.0095 -0.5988 0.1306 90 208 255
-0.0085 -0.5992 0.1302 104 203 255
-0.0071 -0.6305 0.1285 83 181 255
-0.0073 -0.6295 0.1291 84 205 255
-0.0063 -0.6305 0.1283 110 187 254
-0.0066 -0.6298 0.1287 108 201 255
-0.0051 -0.6376 0.1282 109 180 251
-0.0054 -0.6371 0.1289 87 197 255
-0.0046 -0.6370 0.1280 121 194 248
-0.0049 -0.6368 0.1285 108 204 255
-0.0086 -0.6230 0.1288 81 185 255
-0.0077 -0.6235 0.1286 104 190 255
-0.0081 -0.6224 0.1289 106 203 255
-0.0089 -0.6217 0.1293 88 212 255
-0.0114 -0.5989 0.1277 49 206 240
-0.0114 -0.5991 0.1287 49 206 240
-0.0113 -0.5986 0.1267 49 207 240
-0.0113 -0.5999 0.1266 48 199 238
-0.0114 -0.6003 0.1276 48 199 238
-0.0114 -0.6020 0.1275 48 194 238
-0.0114 -0.6023 0.1284 48 193 238
-0.0115 -0.6006 0.1285 47 199 239
-0.0113 -0.6017 0.1264 48 195 238
-0.0109 -0.6033 0.1263 56 180 237
-0.0079 -0.6033 0.1273 124 186 238
-0.0078 -0.6034 0.1283 123 186 238
-0.0084 -0.6040 0.1283 105 172 238
-0.0080 -0.6033 0.1263 124 187 238
-0.0078 -0.6020 0.1264 127 197 238
-0.0077 -0.6021 0.1275 127 197 238
-0.0077 -0.6002 0.1277 127 203 239
-0.0077 -0.6003 0.1286 127 203 239
-0.0077 -0.6022 0.1284 127 197 238
-0.0078 -0.6001 0.1266 127 202 238
-0.0082 -0.5984 0.1278 119 217 241
-0.0082 -0.5986 0.1289 118 218 241
-0.0078 -0.6035 0.1291 122 187 245
-0.0083 -0.6034 0.1297 108 193 255
-0.0076 -0.6023 0.1291 125 196 246
-0.0076 -0.6004 0.1295 125 200 246
-0.0081 -0.6004 0.1300 107 195 255
-0.0081 -0.6021 0.1296 106 196 255
-0.0082 -0.5988 0.1298 116 215 249
-0.0114 -0.5993 0.1295 51 204 247
-0.0110 -0.5996 0.1301 67 197 255
-0.0115 -0.6007 0.1293 50 197 246
-0.0115 -0.6024 0.1292 50 193 246
-0.0110 -0.6025 0.1298 67 196 255
-0.0110 -0.6010 0.1297 69 195 255
-0.0095 -0.6000 0.1303 86 192 255
-0.0081 -0.6004 0.1300 107 195 255
-0.0085 -0.5992 0.1302 104 203 255
-0.0095 -0.5988 0.1306 90 208 255
-0.0096 -0.6016 0.1298 87 195 255
-0.0096 -0.6030 0.1299 89 200 255
-0.0083 -0.6034 0.1297 108 193 255
-0.0081 -0.6021 0.1296 106 196 255
-0.0122 -0.5899 0.1283 49 204 238
-0.0122 -0.5899 0.1292 49 203 242
-0.0115 -0.5886 0.1277 61 219 234
-0.0121 -0.5900 0.1275 49 203 237
-0.0120 -0.5920 0.1282 48 196 238
-0.0121 -0.5921 0.1291 48 196 240
-0.0117 -0.5943 0.1280 49 191 239
-0.0117 -0.5943 0.1290 49 191 239
-0.0120 -0.5920 0.1272 48 196 238
-0.0117 -0.5942 0.1270 49 191 239
-0.0076 -0.5952 0.1283 125 188 238
-0.0076 -0.5952 0.1292 125 188 239
-0.0076 -0.5951 0.1274 125 188 238
-0.0074 -0.5932 0.1276 128 197 238
-0.0073 -0.5933 0.1283 128 197 238
-0.0073 -0.5934 0.1291 128 197 240
-0.0074 -0.5909 0.1283 127 204 238
-0.0074 -0.5909 0.1290 127 204 240
-0.0074 -0.5909 0.1278 127 204 238
-0.0081 -0.5889 0.1279 118 218 236
-0.0081 -0.5888 0.1283 117 220 237
-0.0081 -0.5888 0.1289 118 219 241
-0.0076 -0.5952 0.1301 124 190 246
-0.0082 -0.5952 0.1307 106 195 255
-0.0074 -0.5934 0.1299 124 198 248
-0.0080 -0.5933 0.1305 105 200 255
-0.0075 -0.5910 0.1298 124 204 247
-0.0081 -0.5910 0.1304 108 202 255
-0.0082 -0.5890 0.1297 117 216 248
-0.0085 -0.5896 0.1303 108 207 255
-0.0120 -0.5900 0.1300 55 202 250
-0.0113 -0.5902 0.1305 73 200 255
-0.0116 -0.5883 0.1292 63 221 242
-0.0120 -0.5921 0.1298 52 197 248
-0.0117 -0.5944 0.1299 51 192 246
-0.0112 -0.5945 0.1305 66 196 255
-0.0114 -0.5923 0.1303 70 198 255
-0.0096 -0.5907 0.1307 89 199 255
-0.0081 -0.5910 0.1304 108 202 255
-0.0085 -0.5896 0.1303 108 207 255
-0.0096 -0.5890 0.1306 94 211 255
-0.0097 -0.5928 0.1306 86 200 255
-0.0097 -0.5949 0.1308 85 200 255
-0.0082 -0.5952 0.1307 106 195 255
-0.0080 -0.5933 0.1305 105 200 255
-0.0095 -0.6062 0.1293 98 226 246
-0.0083 -0.6070 0.1291 117 216 246
-0.0095 -0.6061 0.1281 100 227 240
-0.0106 -0.6061 0.1292 66 220 249
-0.0103 -0.6065 0.1295 70 206 255
-0.0094 -0.6066 0.1299 92 208 255
-0.0085 -0.6071 0.1295 106 203 255
-0.0095 -0.6061 0.1271 100 227 241
-0.0083 -0.6069 0.1270 117 218 240
-0.0084 -0.6068 0.1260 118 217 240
-0.0095 -0.6060 0.1260 101 227 240
-0.0106 -0.6059 0.1261 66 224 240
-0.0106 -0.6060 0.1271 67 224 241
-0.0106 -0.6060 0.1281 67 224 240
-0.0083 -0.6069 0.1280 116 219 240
-0.0091 -0.6115 0.1285 75 171 245
-0.0080 -0.6116 0.1284 105 174 247
-0.0082 -0.6112 0.1288 99 188 255
-0.0091 -0.6112 0.1291 82 185 255
-0.0100 -0.6106 0.1289 70 191 255
-0.0103 -0.6107 0.1285 57 181 246
-0.0091 -0.6114 0.1276 73 170 237
-0.0091 -0.6112 0.1266 73 171 236
-0.0103 -0.6106 0.1277 56 179 238
-0.0103 -0.6105 0.1267 56 179 237
-0.0091 -0.6110 0.1256 72 171 236
-0.0081 -0.6111 0.1256 107 173 235
-0.0080 -0.6114 0.1266 105 172 236
-0.0091 -0.6129 0.1267 99 227 240
-0.0091 -0.6129 0.1257 99 227 240
-0.0102 -0.6128 0.1257 65 223 240
-0.0102 -0.6128 0.1268 65 224 240
-0.0102 -0.6128 0.1277 65 223 240
-0.0091 -0.6129 0.1277 98 227 240
-0.0079 -0.6136 0.1277 116 218 240
-0.0080 -0.6136 0.1267 117 218 240
-0.0091 -0.6129 0.1287 97 226 246
-0.0102 -0.6128 0.1286 66 221 248
-0.0099 -0.6132 0.1290 73 209 255
-0.0091 -0.6132 0.1292 93 211 255
-0.0082 -0.6138 0.1289 105 207 255
-0.0079 -0.6136 0.1286 116 216 246
-0.0091 -0.6102 0.1289 89 202 255
-0.0104 -0.6097 0.1288 69 197 255
-0.0079 -0.6106 0.1287 106 197 255
-0.0079 -0.6093 0.1286 103 196 255
-0.0092 -0.6088 0.1287 86 193 255
-0.0093 -0.6075 0.1294 83 185 255
-0.0106 -0.6071 0.1292 64 191 255
-0.0105 -0.6084 0.1287 70 192 255
-0.0081 -0.6080 0.1292 107 194 255
-0.0085 -0.6071 0.1295 106 203 255
-0.0094 -0.6066 0.1299 92 208 255
-0.0075 -0.6108 0.1283 124 191 246
-0.0079 -0.6106 0.1287 106 197 255
-0.0080 -0.6115 0.1276 105 172 237
-0.0075 -0.6107 0.1276 125 191 238
-0.0074 -0.6094 0.1282 124 199 247
-0.0077 -0.6081 0.1286 124 203 246
-0.0081 -0.6080 0.1292 107 194 255
-0.0079 -0.6093 0.1286 103 196 255
-0.0077 -0.6081 0.1278 125 207 239
-0.0083 -0.6069 0.1280 116 219 240
-0.0083 -0.6070 0.1291 117 216 246
-0.0110 -0.6069 0.1287 49 201 246
-0.0110 -0.6069 0.1280 48 204 240
-0.0109 -0.6082 0.1283 50 194 247
-0.0108 -0.6095 0.1284 50 192 247
-0.0108 -0.6095 0.1277 48 191 239
-0.0109 -0.6068 0.1270 47 203 239
-0.0109 -0.6067 0.1260 47 203 239
-0.0108 -0.6079 0.1259 47 196 238
-0.0109 -0.6081 0.1269 47 196 238
-0.0109 -0.6082 0.1278 47 196 239
-0.0107 -0.6094 0.1268 48 191 238
-0.0107 -0.6092 0.1258 48 192 238
-0.0103 -0.6103 0.1257 55 180 237
-0.0076 -0.6106 0.1267 125 192 237
-0.0078 -0.6104 0.1257 126 194 236
-0.0076 -0.6093 0.1268 126 201 237
-0.0075 -0.6094 0.1277 126 201 237
-0.0078 -0.6080 0.1269 125 206 238
-0.0078 -0.6091 0.1258 126 201 237
-0.0079 -0.6079 0.1259 125 206 238
-0.0083 -0.6069 0.1270 117 218 240
-0.0073 -0.6172 0.1264 125 193 238
-0.0072 -0.6174 0.1274 125 192 239
-0.0074 -0.6169 0.1254 125 194 237
-0.0074 -0.6160 0.1265 126 200 238
-0.0073 -0.6161 0.1274 126 200 239
-0.0075 -0.6147 0.1266 125 206 239
-0.0074 -0.6148 0.1275 125 206 239
-0.0075 -0.6158 0.1255 126 201 238
-0.0076 -0.6146 0.1256 125 206 239
-0.0080 -0.6136 0.1267 117 218 240
-0.0105 -0.6136 0.1267 47 203 239
-0.0105 -0.6137 0.1276 47 203 240
-0.0105 -0.6135 0.1257 47 203 239
-0.0104 -0.6147 0.1256 46 196 239
-0.0104 -0.6149 0.1266 46 196 239
-0.0103 -0.6162 0.1265 48 191 238
-0.0103 -0.6164 0.1275 48 190 239
-0.0105 -0.6150 0.1275 46 196 239
-0.0103 -0.6159 0.1255 47 192 238
-0.0098 -0.6169 0.1254 55 180 236
-0.0105 -0.6137 0.1284 49 202 246
-0.0101 -0.6138 0.1289 65 196 255
-0.0105 -0.6150 0.1282 49 196 246
-0.0103 -0.6163 0.1284 48 193 245
-0.0099 -0.6164 0.1290 65 199 255
-0.0101 -0.6151 0.1287 67 197 255
-0.0072 -0.6174 0.1283 124 193 245
-0.0076 -0.6172 0.1290 112 199 255
-0.0076 -0.6183 0.1274 106 172 238
-0.0072 -0.6161 0.1281 125 201 245
-0.0074 -0.6148 0.1283 124 204 245
-0.0078 -0.6146 0.1288 108 199 255
-0.0076 -0.6159 0.1286 108 201 255
-0.0079 -0.6136 0.1277 116 218 240
-0.0079 -0.6136 0.1286 116 216 246
-0.0088 -0.6168 0.1292 89 205 255
-0.0076 -0.6172 0.1290 112 199 255
-0.0076 -0.6159 0.1286 108 201 255
-0.0088 -0.6155 0.1288 88 200 255
-0.0090 -0.6142 0.1290 86 193 255
-0.0078 -0.6146 0.1288 108 199 255
-0.0082 -0.6138 0.1289 105 207 255
-0.0091 -0.6132 0.1292 93 211 255
-0.0056 -0.6384 0.1323 65 223 235
-0.0062 -0.6395 0.1323 45 201 240
-0.0061 -0.6391 0.1336 45 203 241
-0.0055 -0.6379 0.1336 61 218 231
-0.0046 -0.6385 0.1324 107 220 233
-0.0047 -0.6389 0.1310 108 221 237
-0.0056 -0.6388 0.1309 67 224 237
-0.0040 -0.6430 0.1325 114 178 241
-0.0036 -0.6415 0.1325 124 196 239
-0.0039 -0.6427 0.1337 117 181 243
-0.0046 -0.6430 0.1337 72 170 247
-0.0047 -0.6434 0.1325 72 169 243
-0.0041 -0.6429 0.1311 112 178 235
-0.0057 -0.6417 0.1324 47 187 242
-0.0055 -0.6413 0.1336 47 188 244
-0.0061 -0.6397 0.1309 45 202 238
-0.0057 -0.6417 0.1310 47 187 238
-0.0048 -0.6432 0.1311 71 170 235
-0.0039 -0.6398 0.1324 122 207 238
-0.0046 -0.6385 0.1324 107 220 233
-0.0039 -0.6393 0.1336 122 207 237
-0.0037 -0.6412 0.1336 124 198 240
-0.0040 -0.6401 0.1311 122 207 237
-0.0047 -0.6389 0.1310 108 221 237
-0.0069 -0.6324 0.1318 77 222 230
-0.0076 -0.6333 0.1319 47 204 235
-0.0078 -0.6320 0.1336 50 209 233
-0.0071 -0.6312 0.1336 80 222 229
-0.0060 -0.6320 0.1336 112 217 233
-0.0059 -0.6329 0.1318 113 217 234
-0.0068 -0.6333 0.1303 71 224 233
-0.0051 -0.6347 0.1321 124 204 239
-0.0059 -0.6329 0.1318 113 217 234
-0.0051 -0.6342 0.1336 123 205 239
-0.0049 -0.6366 0.1323 123 192 237
-0.0051 -0.6365 0.1311 122 190 236
-0.0052 -0.6349 0.1307 123 204 237
-0.0058 -0.6335 0.1303 112 219 235
-0.0056 -0.6377 0.1324 96 169 236
-0.0047 -0.6373 0.1336 119 197 230
-0.0055 -0.6378 0.1336 88 168 238
-0.0065 -0.6373 0.1336 56 176 241
-0.0065 -0.6374 0.1323 59 175 240
-0.0056 -0.6374 0.1312 100 171 235
-0.0074 -0.6354 0.1321 46 190 241
-0.0074 -0.6347 0.1336 46 191 241
-0.0074 -0.6341 0.1305 47 202 235
-0.0072 -0.6358 0.1308 48 188 236
-0.0086 -0.6270 0.1321 78 222 229
-0.0094 -0.6277 0.1322 49 206 234
-0.0096 -0.6265 0.1337 53 210 231
-0.0088 -0.6257 0.1336 80 221 228
-0.0076 -0.6264 0.1336 110 218 232
-0.0075 -0.6273 0.1321 113 217 234
-0.0084 -0.6277 0.1307 74 225 235
-0.0068 -0.6291 0.1323 124 203 239
-0.0075 -0.6273 0.1321 113 217 234
-0.0069 -0.6285 0.1336 124 205 239
-0.0068 -0.6306 0.1336 123 188 243
-0.0067 -0.6310 0.1326 121 185 242
-0.0068 -0.6295 0.1311 124 202 237
-0.0075 -0.6280 0.1308 114 218 236
-0.0075 -0.6316 0.1327 89 168 244
-0.0076 -0.6313 0.1337 88 169 246
-0.0086 -0.6311 0.1327 56 177 243
-0.0085 -0.6312 0.1316 58 176 238
-0.0075 -0.6317 0.1317 89 168 239
-0.0093 -0.6294 0.1325 46 191 240
-0.0086 -0.6307 0.1337 53 180 244
-0.0094 -0.6286 0.1337 46 193 240
-0.0092 -0.6285 0.1309 47 204 235
-0.0091 -0.6299 0.1313 48 189 236
-0.0094 -0.6220 0.1328 86 224 230
-0.0103 -0.6225 0.1327 53 213 234
-0.0103 -0.6217 0.1337 60 216 231
-0.0094 -0.6213 0.1337 87 222 228
-0.0084 -0.6219 0.1337 113 217 232
-0.0084 -0.6225 0.1327 116 216 235
-0.0093 -0.6224 0.1317 83 227 237
-0.0080 -0.6240 0.1327 126 199 239
-0.0084 -0.6225 0.1327 116 216 235
-0.0080 -0.6236 0.1337 125 201 239
-0.0082 -0.6253 0.1337 119 182 243
-0.0082 -0.6255 0.1326 117 179 242
-0.0080 -0.6242 0.1316 125 199 238
-0.0084 -0.6228 0.1317 117 216 238
-0.0092 -0.6259 0.1326 83 168 243
-0.0092 -0.6257 0.1337 83 169 245
-0.0102 -0.6254 0.1326 54 180 242
-0.0101 -0.6255 0.1316 55 179 237
-0.0091 -0.6260 0.1316 83 168 238
-0.0083 -0.6256 0.1316 117 179 239
-0.0106 -0.6239 0.1327 46 196 239
-0.0102 -0.6250 0.1337 52 182 243
-0.0106 -0.6234 0.1337 46 199 239
-0.0102 -0.6229 0.1317 52 213 236
-0.0104 -0.6242 0.1316 47 196 236
-0.0098 -0.6168 0.1327 87 221 227
-0.0109 -0.6173 0.1327 55 212 232
-0.0109 -0.6161 0.1338 63 215 228
-0.0098 -0.6156 0.1339 88 219 225
-0.0088 -0.6164 0.1339 111 215 229
-0.0088 -0.6173 0.1327 116 214 232
-0.0098 -0.6176 0.1315 84 226 233
-0.0083 -0.6191 0.1327 126 199 239
-0.0088 -0.6173 0.1327 116 214 232
-0.0083 -0.6184 0.1338 126 201 238
-0.0086 -0.6204 0.1337 120 183 243
-0.0086 -0.6207 0.1327 117 180 242
-0.0084 -0.6194 0.1316 126 199 237
-0.0088 -0.6180 0.1316 117 216 235
-0.0096 -0.6212 0.1327 83 168 243
-0.0096 -0.6210 0.1337 83 169 245
-0.0107 -0.6205 0.1327 54 180 242
-0.0106 -0.6207 0.1317 56 179 237
-0.0096 -0.6213 0.1317 83 168 239
-0.0087 -0.6209 0.1317 116 179 238
-0.0111 -0.6189 0.1327 46 197 239
-0.0107 -0.6202 0.1337 52 183 244
-0.0111 -0.6181 0.1338 46 200 239
-0.0108 -0.6181 0.1315 53 212 233
-0.0110 -0.6194 0.1316 47 195 235
-0.0026 -0.6435 0.1325 104 223 237
-0.0033 -0.6434 0.1326 66 223 234
-0.0026 -0.6432 0.1336 107 221 235
-0.0020 -0.6443 0.1336 121 208 240
-0.0020 -0.6443 0.1325 120 210 240
-0.0026 -0.6437 0.1314 100 225 239
-0.0034 -0.6437 0.1316 65 224 240
-0.0031 -0.6464 0.1326 70 169 240
-0.0021 -0.6464 0.1325 106 172 241
-0.0022 -0.6462 0.1337 107 173 242
-0.0031 -0.6463 0.1338 70 169 241
-0.0039 -0.6457 0.1326 48 185 240
-0.0030 -0.6463 0.1315 69 170 236
-0.0039 -0.6444 0.1326 45 205 239
-0.0039 -0.6456 0.1338 47 185 241
-0.0039 -0.6441 0.1337 46 205 238
-0.0039 -0.6445 0.1316 46 205 242
-0.0098 -0.6043 0.1328 78 169 241
-0.0086 -0.6041 0.1328 113 176 242
-0.0088 -0.6039 0.1343 113 176 243
-0.0098 -0.6040 0.1343 78 170 243
-0.0110 -0.6035 0.1329 56 180 241
-0.0110 -0.6035 0.1316 56 180 236
-0.0097 -0.6043 0.1315 79 170 235
-0.0102 -0.5971 0.1334 92 226 247
-0.0116 -0.5973 0.1333 61 219 245
-0.0114 -0.5980 0.1347 60 218 246
-0.0102 -0.5977 0.1348 92 226 248
-0.0088 -0.5977 0.1333 116 218 245
-0.0087 -0.5973 0.1321 117 219 241
-0.0102 -0.5967 0.1321 92 228 242
-0.0116 -0.5969 0.1321 61 221 240
-0.0094 -0.6168 0.1326 85 169 244
-0.0083 -0.6166 0.1326 111 175 242
-0.0094 -0.6165 0.1338 85 169 245
-0.0106 -0.6165 0.1326 59 176 242
-0.0104 -0.6166 0.1315 59 178 235
-0.0094 -0.6170 0.1315 84 168 238
-0.0083 -0.6167 0.1315 112 175 238
-0.0094 -0.6120 0.1328 88 227 244
-0.0105 -0.6123 0.1328 61 221 242
-0.0094 -0.6124 0.1339 88 227 245
-0.0083 -0.6124 0.1328 114 220 243
-0.0083 -0.6122 0.1317 115 219 239
-0.0094 -0.6118 0.1317 87 228 239
-0.0104 -0.6121 0.1317 60 220 236
-0.0095 -0.6116 0.1328 86 168 238
-0.0083 -0.6112 0.1328 116 178 238
-0.0083 -0.6112 0.1339 116 178 239
-0.0094 -0.6116 0.1339 86 168 239
-0.0106 -0.6112 0.1329 57 178 238
-0.0105 -0.6111 0.1318 58 180 233
-0.0094 -0.6115 0.1318 85 169 235
-0.0095 -0.6050 0.1330 92 228 242
-0.0085 -0.6056 0.1330 118 217 241
-0.0095 -0.6050 0.1320 91 228 237
-0.0104 -0.6052 0.1320 60 219 235
-0.0106 -0.6053 0.1331 59 220 241
-0.0095 -0.6052 0.1342 93 228 243
-0.0093 -0.6052 0.1311 92 222 228
-0.0086 -0.6055 0.1319 119 216 237
-0.0087 -0.6058 0.1311 118 211 230
-0.0092 -0.6060 0.1306 90 206 220
-0.0096 -0.6060 0.1308 67 202 222
-0.0100 -0.6055 0.1312 65 213 226
-0.0093 -0.6112 0.1309 84 174 228
-0.0101 -0.6108 0.1310 62 186 226
-0.0097 -0.6104 0.1307 70 197 222
-0.0091 -0.6106 0.1305 86 192 220
-0.0085 -0.6109 0.1310 114 183 229
-0.0084 -0.6111 0.1318 116 178 236
-0.0092 -0.6120 0.1308 86 224 230
-0.0084 -0.6123 0.1309 115 214 230
-0.0091 -0.6125 0.1304 87 206 220
-0.0096 -0.6127 0.1306 69 202 222
-0.0100 -0.6123 0.1309 63 214 227
-0.0093 -0.6167 0.1307 84 175 227
-0.0101 -0.6164 0.1308 63 185 226
-0.0096 -0.6160 0.1305 71 197 221
-0.0091 -0.6162 0.1303 86 194 220
-0.0085 -0.6165 0.1308 111 182 228
-0.0101 -0.5967 0.1312 91 225 231
-0.0088 -0.5973 0.1312 115 215 230
-0.0100 -0.5973 0.1307 88 206 220
-0.0110 -0.5974 0.1310 76 202 220
-0.0114 -0.5970 0.1312 65 217 228
-0.0097 -0.6039 0.1305 82 178 225
-0.0108 -0.6031 0.1307 61 188 226
-0.0096 -0.6030 0.1302 87 197 220
-0.0089 -0.6030 0.1305 104 199 221
-0.0086 -0.6037 0.1307 111 185 226
-0.0040 -0.6443 0.1306 45 205 239
-0.0035 -0.6437 0.1304 69 225 239
-0.0039 -0.6442 0.1298 54 204 228
-0.0037 -0.6448 0.1301 58 184 228
-0.0040 -0.6452 0.1306 50 184 234
-0.0030 -0.6458 0.1306 70 174 230
-0.0039 -0.6456 0.1316 49 183 239
-0.0030 -0.6452 0.1299 72 179 226
-0.0022 -0.6454 0.1300 87 176 226
-0.0020 -0.6460 0.1305 101 174 231
-0.0021 -0.6464 0.1315 103 172 237
-0.0106 -0.6194 0.1306 52 194 230
-0.0104 -0.6181 0.1304 55 212 232
-0.0101 -0.6191 0.1299 63 193 224
-0.0100 -0.6201 0.1303 66 187 224
-0.0103 -0.6206 0.1308 60 181 230
-0.0095 -0.6211 0.1309 85 171 231
-0.0094 -0.6204 0.1302 87 182 223
-0.0088 -0.6207 0.1308 114 182 231
-0.0086 -0.6194 0.1306 124 198 233
-0.0090 -0.6202 0.1303 109 188 225
-0.0089 -0.6191 0.1299 113 196 225
-0.0089 -0.6180 0.1305 116 216 235
-0.0097 -0.6176 0.1304 83 227 236
-0.0089 -0.6180 0.1305 116 216 235
-0.0091 -0.6182 0.1299 115 209 228
-0.0096 -0.6178 0.1296 87 218 225
-0.0101 -0.6182 0.1299 60 205 226
-0.0101 -0.6240 0.1305 50 195 231
-0.0099 -0.6227 0.1304 53 213 234
-0.0096 -0.6237 0.1297 60 194 225
-0.0094 -0.6248 0.1301 63 187 225
-0.0098 -0.6253 0.1307 58 182 230
-0.0090 -0.6258 0.1307 85 171 231
-0.0089 -0.6251 0.1299 87 182 223
-0.0083 -0.6254 0.1306 116 182 232
-0.0082 -0.6240 0.1305 125 199 235
-0.0085 -0.6248 0.1301 113 189 227
-0.0085 -0.6237 0.1297 116 197 227
-0.0085 -0.6226 0.1304 117 217 237
-0.0092 -0.6222 0.1304 82 228 238
-0.0085 -0.6226 0.1304 117 217 237
-0.0086 -0.6228 0.1298 117 210 231
-0.0091 -0.6224 0.1295 86 219 226
-0.0096 -0.6228 0.1298 56 207 228
-0.0089 -0.6297 0.1304 52 189 230
-0.0090 -0.6283 0.1301 50 205 232
-0.0085 -0.6293 0.1298 63 190 224
-0.0082 -0.6304 0.1301 64 185 225
-0.0083 -0.6310 0.1307 60 179 230
-0.0075 -0.6314 0.1307 87 171 231
-0.0077 -0.6307 0.1300 85 183 223
-0.0070 -0.6310 0.1306 116 185 230
-0.0068 -0.6312 0.1315 120 183 238
-0.0071 -0.6295 0.1302 121 201 232
-0.0073 -0.6304 0.1300 110 191 225
-0.0075 -0.6292 0.1297 108 197 224
-0.0076 -0.6280 0.1299 113 217 233
-0.0084 -0.6277 0.1299 73 226 236
-0.0076 -0.6280 0.1299 113 217 233
-0.0083 -0.6278 0.1295 78 216 224
-0.0086 -0.6283 0.1297 59 199 225
-0.0069 -0.6356 0.1298 54 186 230
-0.0072 -0.6342 0.1295 50 201 231
-0.0065 -0.6352 0.1292 68 187 224
-0.0062 -0.6362 0.1296 73 183 224
-0.0063 -0.6369 0.1302 69 176 228
-0.0057 -0.6370 0.1303 102 175 230
-0.0065 -0.6373 0.1311 63 173 235
-0.0058 -0.6362 0.1296 99 184 224
-0.0053 -0.6362 0.1302 120 191 232
-0.0054 -0.6348 0.1298 122 202 233
-0.0056 -0.6358 0.1297 115 193 227
-0.0058 -0.6347 0.1292 113 197 226
-0.0060 -0.6337 0.1293 111 217 233
-0.0067 -0.6335 0.1293 70 223 232
-0.0060 -0.6337 0.1293 111 217 233
-0.0065 -0.6337 0.1288 78 210 222
-0.0068 -0.6343 0.1291 60 194 224
-0.0044 -0.6400 0.1293 122 206 237
-0.0043 -0.6411 0.1291 122 196 235
-0.0046 -0.6405 0.1280 122 199 234
-0.0048 -0.6397 0.1278 121 206 235
-0.0049 -0.6392 0.1284 115 216 237
-0.0048 -0.6391 0.1294 110 220 238
-0.0055 -0.6409 0.1292 48 190 234
-0.0057 -0.6395 0.1293 47 204 235
-0.0054 -0.6394 0.1283 48 204 233
-0.0052 -0.6399 0.1277 47 195 233
-0.0050 -0.6409 0.1280 55 182 231
-0.0049 -0.6420 0.1291 66 176 230
-0.0045 -0.6419 0.1291 106 179 230
-0.0048 -0.6406 0.1275 87 186 222
-0.0038 -0.6416 0.1310 123 195 237
-0.0054 -0.6389 0.1294 72 226 237
-0.0048 -0.6391 0.1294 110 220 238
-0.0049 -0.6392 0.1284 115 216 237
-0.0051 -0.6390 0.1281 81 224 231
-0.0095 -0.6190 0.1297 87 193 220
-0.0096 -0.6178 0.1296 87 218 225
-0.0091 -0.6182 0.1299 115 209 228
-0.0089 -0.6191 0.1299 113 196 225
-0.0090 -0.6236 0.1294 87 195 220
-0.0091 -0.6224 0.1295 86 219 226
-0.0086 -0.6228 0.1298 117 210 231
-0.0085 -0.6237 0.1297 116 197 227
-0.0080 -0.6291 0.1295 82 193 220
-0.0083 -0.6278 0.1295 78 216 224
-0.0078 -0.6282 0.1296 107 204 224
-0.0075 -0.6292 0.1297 108 197 224
-0.0061 -0.6349 0.1290 90 191 221
-0.0065 -0.6337 0.1288 78 210 222
-0.0061 -0.6339 0.1291 110 204 225
-0.0058 -0.6347 0.1292 113 197 226
-0.0050 -0.6396 0.1273 83 208 222
-0.0051 -0.6390 0.1281 81 224 231
-0.0048 -0.6397 0.1278 121 206 235
-0.0083 -0.5991 0.1332 127 203 243
-0.0082 -0.5988 0.1321 127 204 239
-0.0088 -0.5977 0.1333 116 218 245
-0.0089 -0.5983 0.1348 117 216 246
-0.0085 -0.5995 0.1347 126 203 243
-0.0083 -0.6009 0.1331 127 198 242
-0.0082 -0.6007 0.1320 127 199 238
-0.0082 -0.6028 0.1330 127 194 242
-0.0081 -0.6027 0.1318 127 195 238
-0.0085 -0.6028 0.1344 126 194 242
-0.0115 -0.6020 0.1330 48 192 240
-0.0115 -0.6019 0.1318 49 192 236
-0.0109 -0.6033 0.1343 56 180 242
-0.0114 -0.6021 0.1344 49 191 241
-0.0116 -0.6005 0.1345 48 195 241
-0.0117 -0.6002 0.1331 48 195 240
-0.0119 -0.5985 0.1332 48 201 242
-0.0120 -0.5982 0.1321 48 201 237
-0.0118 -0.6000 0.1320 48 196 236
-0.0117 -0.5990 0.1347 48 200 242
-0.0117 -0.5982 0.1314 56 199 227
-0.0111 -0.5983 0.1311 75 195 221
-0.0116 -0.5999 0.1315 60 197 225
-0.0113 -0.6017 0.1311 57 198 227
-0.0110 -0.5999 0.1313 80 199 220
-0.0108 -0.6015 0.1308 75 205 221
-0.0105 -0.6026 0.1305 73 202 221
-0.0083 -0.6024 0.1311 121 200 229
-0.0088 -0.6020 0.1308 104 206 222
-0.0083 -0.6006 0.1314 118 201 227
-0.0083 -0.5987 0.1314 121 201 228
-0.0089 -0.6004 0.1313 96 202 220
-0.0089 -0.5987 0.1311 99 196 220
-0.0091 -0.5977 0.1309 101 200 221
-0.0088 -0.5973 0.1312 115 215 230
-0.0087 -0.5973 0.1321 117 219 241
-0.0098 -0.6017 0.1307 88 208 221
-0.0088 -0.6020 0.1308 104 206 222
-0.0099 -0.6001 0.1312 87 201 220
-0.0089 -0.6004 0.1313 96 202 220
-0.0100 -0.5985 0.1310 86 194 220
-0.0089 -0.5987 0.1311 99 196 220
-0.0100 -0.5973 0.1307 88 206 220
-0.0091 -0.5977 0.1309 101 200 221
-0.0081 -0.6068 0.1329 126 204 239
-0.0081 -0.6070 0.1341 126 203 240
-0.0081 -0.6084 0.1329 127 200 239
-0.0081 -0.6084 0.1319 126 200 236
-0.0082 -0.6068 0.1319 126 203 236
-0.0085 -0.6056 0.1330 118 217 241
-0.0085 -0.6058 0.1341 119 217 241
-0.0080 -0.6100 0.1328 126 195 239
-0.0081 -0.6100 0.1318 126 196 236
-0.0080 -0.6085 0.1340 127 200 239
-0.0080 -0.6101 0.1340 126 195 239
-0.0110 -0.6099 0.1329 47 194 238
-0.0108 -0.6098 0.1319 50 196 232
-0.0106 -0.6112 0.1340 57 178 239
-0.0110 -0.6100 0.1341 47 194 240
-0.0109 -0.6083 0.1341 47 199 240
-0.0109 -0.6082 0.1330 47 199 238
-0.0109 -0.6065 0.1330 48 203 239
-0.0108 -0.6065 0.1320 50 202 233
-0.0108 -0.6082 0.1320 50 199 232
-0.0109 -0.6066 0.1342 47 203 240
-0.0105 -0.6055 0.1342 59 219 242
-0.0103 -0.6066 0.1313 59 199 226
-0.0096 -0.6069 0.1309 69 195 222
-0.0103 -0.6082 0.1314 61 199 224
-0.0103 -0.6097 0.1313 59 199 225
-0.0097 -0.6083 0.1311 74 198 221
-0.0097 -0.6096 0.1309 72 203 221
-0.0083 -0.6099 0.1312 122 199 230
-0.0087 -0.6105 0.1307 109 198 223
-0.0086 -0.6098 0.1309 107 203 223
-0.0087 -0.6086 0.1311 104 200 222
-0.0083 -0.6085 0.1314 120 199 229
-0.0084 -0.6070 0.1313 123 200 231
-0.0087 -0.6072 0.1309 108 196 223
-0.0088 -0.6063 0.1308 113 200 224
-0.0087 -0.6058 0.1311 118 211 230
-0.0091 -0.6097 0.1307 88 205 220
-0.0086 -0.6098 0.1309 107 203 223
-0.0091 -0.6085 0.1310 87 199 220
-0.0087 -0.6086 0.1311 104 200 222
-0.0091 -0.6071 0.1308 86 194 220
-0.0087 -0.6072 0.1309 108 196 223
-0.0092 -0.6060 0.1306 90 206 220
-0.0088 -0.6063 0.1308 113 200 224
-0.0079 -0.6133 0.1327 126 204 240
-0.0080 -0.6132 0.1317 125 203 236
-0.0083 -0.6124 0.1328 114 220 243
-0.0083 -0.6127 0.1339 114 220 243
-0.0079 -0.6135 0.1339 126 204 240
-0.0079 -0.6145 0.1327 126 198 239
-0.0080 -0.6145 0.1317 125 198 236
-0.0079 -0.6157 0.1326 125 192 240
-0.0080 -0.6158 0.1316 125 193 236
-0.0079 -0.6155 0.1338 125 192 241
-0.0083 -0.6163 0.1338 112 176 243
-0.0109 -0.6156 0.1327 47 192 239
-0.0108 -0.6157 0.1316 49 194 233
-0.0106 -0.6162 0.1338 59 177 243
-0.0109 -0.6154 0.1339 47 193 240
-0.0109 -0.6144 0.1327 46 199 238
-0.0108 -0.6144 0.1317 50 199 232
-0.0109 -0.6132 0.1328 47 205 239
-0.0107 -0.6131 0.1318 50 204 233
-0.0109 -0.6134 0.1339 47 205 240
-0.0105 -0.6126 0.1339 61 221 243
-0.0103 -0.6132 0.1311 58 200 226
-0.0097 -0.6133 0.1307 72 195 221
-0.0103 -0.6144 0.1312 61 199 224
-0.0103 -0.6156 0.1310 58 199 225
-0.0097 -0.6154 0.1307 73 204 221
-0.0082 -0.6157 0.1310 120 197 229
-0.0087 -0.6161 0.1305 107 197 223
-0.0085 -0.6155 0.1307 106 202 223
-0.0082 -0.6145 0.1312 119 199 228
-0.0082 -0.6133 0.1311 121 200 230
-0.0085 -0.6145 0.1309 103 199 222
-0.0085 -0.6134 0.1307 107 195 223
-0.0086 -0.6127 0.1306 109 201 223
-0.0084 -0.6123 0.1309 115 214 230
-0.0083 -0.6122 0.1317 115 219 239
-0.0091 -0.6154 0.1305 87 206 220
-0.0085 -0.6155 0.1307 106 202 223
-0.0091 -0.6144 0.1308 87 199 220
-0.0085 -0.6145 0.1309 103 199 222
-0.0090 -0.6134 0.1306 87 192 220
-0.0085 -0.6134 0.1307 107 195 223
-0.0097 -0.6144 0.1309 75 199 221
-0.0091 -0.6125 0.1304 87 206 220
-0.0086 -0.6127 0.1306 109 201 223
-0.0101 -0.5909 0.1325 87 196 219
-0.0089 -0.5910 0.1326 100 199 220
-0.0101 -0.5923 0.1326 88 206 220
-0.0112 -0.5922 0.1327 81 204 220
-0.0114 -0.5908 0.1326 77 198 220
-0.0111 -0.5900 0.1325 78 204 220
-0.0102 -0.5898 0.1323 90 209 221
-0.0092 -0.5902 0.1325 100 205 221
-0.0100 -0.5935 0.1318 90 214 222
-0.0089 -0.5938 0.1319 104 211 223
-0.0091 -0.5946 0.1314 105 205 222
-0.0099 -0.5946 0.1310 90 203 220
-0.0108 -0.5943 0.1314 74 208 222
-0.0111 -0.5934 0.1319 77 212 222
-0.0090 -0.5925 0.1326 97 207 221
-0.0083 -0.5910 0.1329 121 203 228
-0.0081 -0.5911 0.1337 127 205 237
-0.0084 -0.5926 0.1328 118 204 227
-0.0090 -0.5925 0.1326 97 207 221
-0.0089 -0.5910 0.1326 100 199 220
-0.0088 -0.5898 0.1328 113 217 230
-0.0087 -0.5899 0.1338 116 221 240
-0.0084 -0.5942 0.1321 122 201 229
-0.0082 -0.5946 0.1330 127 194 236
-0.0087 -0.5958 0.1325 113 177 233
-0.0088 -0.5953 0.1315 112 187 225
-0.0089 -0.5938 0.1319 104 211 223
-0.0082 -0.5928 0.1335 128 199 236
-0.0117 -0.5936 0.1322 57 202 227
-0.0119 -0.5939 0.1330 50 193 235
-0.0118 -0.5922 0.1328 60 200 225
-0.0111 -0.5948 0.1315 62 190 225
-0.0114 -0.5953 0.1325 58 181 233
-0.0120 -0.5907 0.1329 57 202 227
-0.0123 -0.5907 0.1337 49 203 236
-0.0119 -0.5896 0.1338 63 222 238
-0.0116 -0.5896 0.1328 66 218 228
-0.0121 -0.5923 0.1335 49 197 235
-0.0124 -0.5910 0.1352 49 202 239
-0.0122 -0.5926 0.1350 48 196 238
-0.0124 -0.5913 0.1372 48 202 239
-0.0120 -0.5902 0.1373 62 221 242
-0.0120 -0.5898 0.1354 63 222 241
-0.0120 -0.5943 0.1346 49 192 238
-0.0114 -0.5957 0.1343 58 179 237
-0.0114 -0.5960 0.1365 59 178 237
-0.0120 -0.5946 0.1367 49 191 238
-0.0081 -0.5949 0.1346 127 193 238
-0.0081 -0.5931 0.1350 128 198 239
-0.0081 -0.5935 0.1369 128 198 240
-0.0082 -0.5953 0.1367 127 193 239
-0.0086 -0.5965 0.1365 113 175 237
-0.0086 -0.5962 0.1343 113 176 236
-0.0081 -0.5914 0.1353 127 204 240
-0.0087 -0.5901 0.1355 115 221 242
-0.0087 -0.5905 0.1374 115 220 242
-0.0081 -0.5918 0.1372 127 204 240
-0.0099 -0.5954 0.1313 84 180 224
-0.0100 -0.5960 0.1324 81 171 232
-0.0102 -0.5894 0.1328 90 226 231
-0.0103 -0.5893 0.1339 91 229 241
-0.0088 -0.5898 0.1328 113 217 230
-0.0092 -0.5902 0.1325 100 205 221
-0.0102 -0.5898 0.1323 90 209 221
-0.0103 -0.5896 0.1355 91 228 242
-0.0104 -0.5899 0.1374 91 228 243
-0.0087 -0.5901 0.1355 115 221 242
-0.0087 -0.5899 0.1338 116 221 240
-0.0100 -0.5964 0.1342 81 170 236
-0.0100 -0.5967 0.1364 81 169 237
-0.0038 -0.6007 0.1411 106 202 222
-0.0042 -0.5955 0.1416 109 204 223
-0.0014 -0.6005 0.1416 87 203 220
-0.0014 -0.6054 0.1410 87 204 220
-0.0038 -0.6055 0.1404 104 203 222
-0.0057 -0.6009 0.1394 120 201 228
-0.0059 -0.5961 0.1398 122 202 230
-0.0039 -0.6081 0.1397 105 205 222
-0.0059 -0.6079 0.1380 119 202 228
-0.0057 -0.6053 0.1389 119 201 228
-0.0014 -0.6080 0.1404 87 206 220
-0.0014 -0.6095 0.1400 87 204 220
-0.0041 -0.6097 0.1391 106 203 223
-0.0039 -0.5862 0.1455 96 209 221
-0.0044 -0.5893 0.1437 103 211 223
-0.0073 -0.5865 0.1437 105 213 223
-0.0068 -0.5841 0.1454 103 207 221
-0.0038 -0.5805 0.1465 90 199 219
-0.0014 -0.5813 0.1462 89 200 219
-0.0014 -0.5877 0.1452 88 209 220
-0.0107 -0.5833 0.1436 112 202 223
-0.0111 -0.5855 0.1426 107 208 222
-0.0140 -0.5836 0.1406 121 195 228
-0.0129 -0.5790 0.1401 122 191 229
-0.0099 -0.5787 0.1436 117 194 225
-0.0065 -0.5792 0.1461 103 197 220
-0.0152 -0.5848 0.1373 128 197 237
-0.0147 -0.5866 0.1402 121 203 228
-0.0149 -0.5879 0.1369 128 202 239
-0.0149 -0.5849 0.1334 128 200 242
-0.0145 -0.5801 0.1367 127 193 235
-0.0139 -0.5823 0.1288 126 198 246
-0.0138 -0.5761 0.1290 127 195 246
-0.0149 -0.5799 0.1331 129 196 240
-0.0149 -0.5849 0.1334 128 200 242
-0.0134 -0.5881 0.1278 127 200 244
-0.0120 -0.5876 0.1237 105 213 255
-0.0119 -0.5795 0.1259 117 196 253
-0.0131 -0.5934 0.1275 127 200 243
-0.0136 -0.5942 0.1305 127 200 243
-0.0132 -0.6002 0.1296 126 200 244
-0.0126 -0.6003 0.1271 127 200 243
-0.0126 -0.5935 0.1249 113 203 255
-0.0116 -0.6113 0.1263 126 201 244
-0.0101 -0.6230 0.1255 125 203 242
-0.0111 -0.6130 0.1243 123 202 232
-0.0123 -0.6002 0.1249 85 200 255
-0.0077 -0.6368 0.1313 123 205 239
-0.0086 -0.6329 0.1317 123 206 238
-0.0075 -0.6366 0.1329 123 205 237
-0.0068 -0.6395 0.1330 122 206 236
-0.0097 -0.6288 0.1328 123 206 237
-0.0108 -0.6242 0.1338 122 204 233
-0.0095 -0.6288 0.1337 122 206 235
-0.0084 -0.6329 0.1331 123 206 237
-0.0116 -0.6192 0.1337 125 202 237
-0.0120 -0.6148 0.1336 126 200 239
-0.0114 -0.6191 0.1344 123 202 233
-0.0106 -0.6242 0.1341 121 204 232
-0.0117 -0.6193 0.1327 125 201 238
-0.0130 -0.5996 0.1343 127 203 236
-0.0137 -0.5954 0.1342 127 203 237
-0.0135 -0.5951 0.1358 126 205 235
-0.0128 -0.5998 0.1355 127 202 236
-0.0124 -0.6036 0.1349 127 202 238
-0.0121 -0.6119 0.1341 126 199 238
-0.0121 -0.6096 0.1346 126 199 237
-0.0119 -0.6098 0.1353 120 202 229
-0.0120 -0.6119 0.1350 121 200 230
-0.0119 -0.6147 0.1347 123 201 232
-0.0121 -0.6119 0.1330 127 199 239
-0.0122 -0.6068 0.1349 127 200 238
-0.0123 -0.6041 0.1358 126 201 236
-0.0120 -0.6073 0.1357 124 202 233
-0.0094 -0.6297 0.1273 103 199 255
-0.0115 -0.6192 0.1283 105 198 255
-0.0120 -0.6195 0.1283 74 194 255
-0.0098 -0.6298 0.1273 72 193 255
-0.0068 -0.6386 0.1267 95 199 255
-0.0141 -0.5937 0.1320 127 197 243
-0.0140 -0.5934 0.1320 127 197 244
-0.0142 -0.5925 0.1331 128 199 242
-0.0140 -0.5961 0.1323 127 199 234
-0.0142 -0.5958 0.1315 127 198 236
-0.0142 -0.5965 0.1310 92 194 255
-0.0141 -0.5955 0.1314 51 196 247
-0.0141 -0.5954 0.1316 84 191 255
-0.0043 -0.5701 0.1450 94 192 220
-0.0069 -0.5697 0.1442 110 191 222
-0.0045 -0.5578 0.1401 98 185 222
-0.0014 -0.5578 0.1402 91 185 221
-0.0014 -0.5704 0.1449 90 192 219
-0.0092 -0.5698 0.1415 123 193 228
-0.0111 -0.5705 0.1380 126 192 231
-0.0084 -0.5584 0.1369 127 191 232
-0.0070 -0.5579 0.1392 115 187 225
-0.0126 -0.5721 0.1349 127 191 234
-0.0149 -0.5799 0.1331 129 196 240
-0.0132 -0.5726 0.1319 129 192 238
-0.0111 -0.5631 0.1294 130 194 238
-0.0104 -0.5616 0.1316 129 193 235
-0.0125 -0.5700 0.1287 127 194 245
-0.0115 -0.5727 0.1263 113 195 255
-0.0105 -0.5676 0.1262 110 199 255
-0.0108 -0.5626 0.1272 126 197 247
-0.0111 -0.5631 0.1294 130 194 238
-0.0132 -0.5726 0.1319 129 192 238
-0.0039 -0.5460 0.1312 95 179 224
-0.0045 -0.5578 0.1401 98 185 222
-0.0070 -0.5579 0.1392 115 187 225
-0.0060 -0.5461 0.1309 109 181 225
-0.0048 -0.5366 0.1199 95 175 228
-0.0032 -0.5365 0.1196 89 174 228
-0.0014 -0.5460 0.1312 92 179 224
-0.0014 -0.5578 0.1402 91 185 221
-0.0073 -0.5466 0.1297 123 187 230
-0.0084 -0.5584 0.1369 127 191 232
-0.0093 -0.5596 0.1341 129 193 234
-0.0082 -0.5476 0.1281 128 192 233
-0.0073 -0.5375 0.1194 123 183 232
-0.0062 -0.5368 0.1198 108 177 228
-0.0091 -0.5496 0.1268 130 193 234
-0.0104 -0.5616 0.1316 129 193 235
-0.0096 -0.5516 0.1255 131 196 239
-0.0084 -0.5411 0.1187 132 199 240
-0.0081 -0.5391 0.1191 130 192 236
-0.0094 -0.5528 0.1243 126 202 248
-0.0108 -0.5626 0.1272 126 197 247
-0.0091 -0.5621 0.1255 108 203 255
-0.0080 -0.5537 0.1233 108 209 255
-0.0070 -0.5446 0.1179 113 216 252
-0.0081 -0.5430 0.1183 128 207 246
-0.0096 -0.5516 0.1255 131 196 239
-0.0056 -0.5316 0.1072 101 172 233
-0.0064 -0.5320 0.1073 120 179 234
-0.0054 -0.5287 0.0934 94 171 234
-0.0051 -0.5288 0.0933 89 171 234
-0.0044 -0.5315 0.1070 94 171 232
-0.0068 -0.5329 0.1074 131 192 238
-0.0069 -0.5343 0.1075 132 201 241
-0.0054 -0.5293 0.0939 131 209 242
-0.0055 -0.5289 0.0936 132 193 239
-0.0068 -0.5358 0.1075 129 210 244
-0.0059 -0.5370 0.1075 112 222 248
-0.0048 -0.5301 0.0946 99 227 247
-0.0053 -0.5298 0.0943 125 216 244
-0.0069 -0.5343 0.1075 132 201 241
-0.0084 -0.5411 0.1187 132 199 240
-0.0039 -0.5374 0.1076 96 225 249
-0.0045 -0.5455 0.1178 98 219 254
-0.0014 -0.5374 0.1076 93 225 249
-0.0033 -0.5301 0.0948 91 226 248
-0.0144 -0.5914 0.1354 128 203 240
-0.0144 -0.5908 0.1375 125 206 233
-0.0014 -0.6463 0.1343 84 186 222
-0.0014 -0.6466 0.1340 84 222 229
-0.0043 -0.6456 0.1336 107 217 231
-0.0136 -0.5910 0.1384 106 212 224
-0.0132 -0.5953 0.1366 109 209 224
-0.0131 -0.5881 0.1405 103 214 224
-0.0121 -0.5890 0.1398 80 224 229
-0.0130 -0.5915 0.1381 57 210 230
-0.0104 -0.5874 0.1418 100 217 224
-0.0073 -0.5886 0.1424 107 216 226
-0.0097 -0.5885 0.1407 99 226 232
-0.0074 -0.6366 0.1335 122 205 234
-0.0068 -0.6386 0.1337 118 205 231
-0.0080 -0.6339 0.1338 123 205 236
-0.0073 -0.6363 0.1340 81 179 225
-0.0091 -0.6295 0.1343 120 205 232
-0.0104 -0.6243 0.1346 74 204 221
-0.0104 -0.6245 0.1343 48 192 246
-0.0089 -0.6303 0.1343 95 201 255
-0.0112 -0.6191 0.1348 90 200 220
-0.0116 -0.6147 0.1350 81 200 220
-0.0110 -0.6191 0.1347 47 195 236
-0.0127 -0.6001 0.1361 95 201 220
-0.0130 -0.5955 0.1365 52 198 230
-0.0126 -0.6001 0.1360 49 195 235
-0.0122 -0.6045 0.1363 91 199 220
-0.0116 -0.6119 0.1353 82 202 220
-0.0116 -0.6099 0.1355 79 203 220
-0.0113 -0.6118 0.1349 48 200 235
-0.0114 -0.6146 0.1346 46 198 238
-0.0118 -0.6076 0.1360 85 202 220
-0.0116 -0.6075 0.1356 49 196 234
-0.0113 -0.6098 0.1351 48 198 235
-0.0092 -0.5873 0.1256 95 228 241
-0.0083 -0.5872 0.1237 99 218 253
-0.0119 -0.5880 0.1258 61 221 240
-0.0097 -0.5872 0.1276 94 228 241
-0.0072 -0.5888 0.1277 118 216 247
-0.0066 -0.5889 0.1260 119 216 245
-0.0034 -0.6422 0.1239 63 174 247
-0.0034 -0.6423 0.1238 99 198 255
-0.0014 -0.6430 0.1237 84 169 247
-0.0034 -0.6421 0.1243 64 177 251
-0.0051 -0.6404 0.1242 67 190 223
-0.0116 -0.6067 0.1345 47 195 238
-0.0121 -0.6045 0.1361 49 195 234
-0.0121 -0.6037 0.1349 48 195 237
-0.0116 -0.6060 0.1333 51 197 231
-0.0113 -0.6089 0.1328 58 200 226
-0.0114 -0.6093 0.1341 47 198 240
-0.0114 -0.6117 0.1339 47 200 243
-0.0116 -0.6116 0.1330 48 200 236
-0.0116 -0.6139 0.1336 47 199 243
-0.0127 -0.5998 0.1349 48 194 239
-0.0133 -0.5956 0.1353 49 194 242
-0.0127 -0.5993 0.1336 56 194 228
-0.0117 -0.6026 0.1334 63 198 224
-0.0134 -0.5918 0.1366 50 199 245
-0.0125 -0.5892 0.1380 59 219 243
-0.0131 -0.5892 0.1363 59 219 237
-0.0138 -0.5920 0.1351 50 203 235
-0.0099 -0.5885 0.1388 92 229 240
-0.0073 -0.5896 0.1387 119 218 239
-0.0077 -0.5892 0.1368 115 220 235
-0.0104 -0.5882 0.1369 88 229 237
-0.0066 -0.5924 0.1378 127 204 236
-0.0061 -0.5924 0.1405 123 207 232
-0.0067 -0.5961 0.1368 127 199 235
-0.0069 -0.5921 0.1355 124 205 232
-0.0073 -0.6117 0.1348 125 198 234
-0.0064 -0.6116 0.1369 119 199 228
-0.0064 -0.6137 0.1368 119 200 228
-0.0074 -0.6141 0.1347 124 199 233
-0.0077 -0.6117 0.1331 123 197 231
-0.0072 -0.6094 0.1350 125 198 233
-0.0070 -0.6070 0.1357 125 198 233
-0.0062 -0.6098 0.1373 120 200 228
-0.0077 -0.6090 0.1329 115 199 226
-0.0075 -0.6061 0.1336 123 199 231
-0.0068 -0.6041 0.1363 125 199 233
-0.0067 -0.6003 0.1365 126 199 234
-0.0077 -0.6027 0.1335 114 200 225
-0.0073 -0.5996 0.1340 122 198 230
-0.0048 -0.6297 0.1243 121 200 248
-0.0044 -0.6281 0.1234 112 198 255
-0.0052 -0.6267 0.1247 122 200 248
-0.0051 -0.6293 0.1255 122 199 248
-0.0049 -0.6320 0.1252 112 197 255
-0.0043 -0.6320 0.1240 119 202 250
-0.0039 -0.6300 0.1231 111 199 255
-0.0037 -0.6344 0.1237 119 204 250
-0.0034 -0.6321 0.1228 108 200 255
-0.0040 -0.6346 0.1247 119 204 250
-0.0030 -0.6364 0.1235 115 207 252
-0.0027 -0.6342 0.1226 106 201 255
-0.0055 -0.6221 0.1252 122 199 248
-0.0051 -0.6200 0.1243 113 197 255
-0.0058 -0.6173 0.1257 123 197 247
-0.0064 -0.6198 0.1269 111 198 255
-0.0059 -0.6231 0.1264 120 199 250
-0.0047 -0.6252 0.1238 113 197 255
-0.0059 -0.5929 0.1268 126 201 245
-0.0054 -0.5931 0.1251 124 202 248
-0.0063 -0.5927 0.1282 122 202 250
-0.0062 -0.5976 0.1273 127 198 244
-0.0059 -0.5978 0.1258 123 199 249
-0.0063 -0.6013 0.1271 126 198 244
-0.0060 -0.6010 0.1259 121 198 250
-0.0065 -0.6015 0.1282 121 195 250
-0.0063 -0.6044 0.1267 124 197 247
-0.0059 -0.6035 0.1256 119 198 252
-0.0073 -0.6345 0.1239 55 189 228
-0.0066 -0.6367 0.1244 48 188 235
-0.0076 -0.6336 0.1250 57 187 253
-0.0083 -0.6318 0.1241 47 188 237
-0.0094 -0.6275 0.1234 81 199 220
-0.0074 -0.6341 0.1239 108 202 224
-0.0054 -0.6393 0.1242 101 208 223
-0.0089 -0.6296 0.1247 47 190 241
-0.0088 -0.6296 0.1255 48 190 245
-0.0095 -0.6274 0.1248 47 191 242
-0.0062 -0.6383 0.1245 53 190 229
-0.0065 -0.6375 0.1247 47 189 236
-0.0053 -0.6404 0.1243 52 180 243
-0.0101 -0.6249 0.1254 47 191 242
-0.0104 -0.6231 0.1264 47 191 243
-0.0109 -0.6195 0.1268 54 194 252
-0.0104 -0.6235 0.1250 46 193 239
-0.0095 -0.6259 0.1262 59 189 254
-0.0125 -0.5944 0.1251 49 198 244
-0.0124 -0.5975 0.1262 48 198 240
-0.0122 -0.5968 0.1281 54 196 250
-0.0125 -0.5924 0.1256 48 198 237
-0.0127 -0.5904 0.1265 49 202 238
-0.0127 -0.5915 0.1280 49 199 242
-0.0121 -0.5880 0.1278 59 219 242
-0.0122 -0.6000 0.1270 48 197 241
-0.0121 -0.6006 0.1279 50 197 246
-0.0121 -0.6023 0.1265 48 196 242
-0.0112 -0.6192 0.1341 48 195 246
-0.0116 -0.6170 0.1337 48 196 246
-0.0116 -0.6195 0.1327 51 195 230
-0.0112 -0.6215 0.1336 48 195 247
-0.0111 -0.6230 0.1332 48 193 246
-0.0113 -0.6225 0.1328 47 194 237
-0.0107 -0.6252 0.1326 54 193 228
-0.0108 -0.6248 0.1333 47 192 244
-0.0118 -0.6158 0.1333 47 198 243
-0.0118 -0.6166 0.1327 47 198 236
-0.0117 -0.6142 0.1326 55 200 227
-0.0091 -0.6307 0.1337 49 190 248
-0.0100 -0.6281 0.1334 50 191 249
-0.0095 -0.6309 0.1325 51 189 231
-0.0085 -0.6334 0.1333 49 189 247
-0.0080 -0.6353 0.1329 48 187 244
-0.0082 -0.6347 0.1325 48 188 237
-0.0069 -0.6378 0.1324 58 189 226
-0.0071 -0.6375 0.1331 47 188 241
-0.0105 -0.6267 0.1331 48 192 246
-0.0104 -0.6277 0.1327 47 193 236
-0.0053 -0.6277 0.1342 121 206 232
-0.0047 -0.6272 0.1359 117 205 229
-0.0039 -0.6303 0.1357 118 204 230
-0.0044 -0.6307 0.1341 121 205 233
-0.0057 -0.6283 0.1328 114 205 227
-0.0069 -0.6252 0.1326 109 201 224
-0.0062 -0.6247 0.1343 121 203 232
-0.0066 -0.6219 0.1344 123 202 233
-0.0058 -0.6213 0.1363 118 202 228
-0.0054 -0.6242 0.1361 117 203 228
-0.0069 -0.6222 0.1329 119 201 229
-0.0075 -0.6195 0.1327 112 200 225
-0.0068 -0.6192 0.1345 123 201 232
-0.0071 -0.6166 0.1346 123 202 233
-0.0062 -0.6161 0.1367 118 201 228
-0.0060 -0.6187 0.1365 118 201 228
-0.0075 -0.6169 0.1330 120 201 229
-0.0080 -0.6143 0.1327 112 199 225
-0.0069 -0.6015 0.1285 91 194 255
-0.0076 -0.6041 0.1281 87 197 255
-0.0074 -0.5987 0.1290 80 191 255
-0.0073 -0.6011 0.1282 57 196 253
-0.0079 -0.6034 0.1279 71 204 255
-0.0093 -0.6047 0.1280 86 201 255
-0.0111 -0.6036 0.1282 85 199 255
-0.0115 -0.6044 0.1279 61 195 255
-0.0093 -0.6051 0.1280 87 200 255
-0.0094 -0.6040 0.1278 90 208 255
-0.0119 -0.6008 0.1283 72 196 255
-0.0114 -0.5982 0.1285 81 194 255
-0.0109 -0.6030 0.1279 107 207 255
-0.0115 -0.6006 0.1281 115 198 254
-0.0068 -0.5925 0.1287 97 202 255
-0.0074 -0.5960 0.1290 87 204 255
-0.0077 -0.5888 0.1284 104 210 255
-0.0073 -0.5923 0.1284 61 200 254
-0.0079 -0.5956 0.1286 68 211 255
-0.0095 -0.5972 0.1290 82 191 255
-0.0116 -0.5958 0.1289 71 194 255
-0.0094 -0.5974 0.1289 83 191 255
-0.0096 -0.5967 0.1288 89 215 255
-0.0125 -0.5920 0.1288 62 197 254
-0.0120 -0.5883 0.1286 67 211 254
-0.0114 -0.5955 0.1289 98 205 255
-0.0121 -0.5921 0.1288 106 200 255
-0.0117 -0.5887 0.1286 102 195 255
-0.0099 -0.5873 0.1284 91 220 253
-0.0099 -0.5878 0.1284 91 191 255
-0.0104 -0.6227 0.1270 64 194 255
-0.0103 -0.6210 0.1273 69 195 255
-0.0095 -0.6247 0.1268 74 193 255
-0.0094 -0.6242 0.1267 104 206 255
-0.0101 -0.6226 0.1269 114 199 254
-0.0100 -0.6213 0.1271 106 183 254
-0.0088 -0.6207 0.1274 86 200 255
-0.0071 -0.6216 0.1273 94 196 255
-0.0087 -0.6199 0.1272 85 200 255
-0.0088 -0.6211 0.1272 79 173 251
-0.0064 -0.6236 0.1270 102 193 255
-0.0066 -0.6253 0.1267 93 192 255
-0.0068 -0.6235 0.1269 59 194 255
-0.0071 -0.6249 0.1266 74 202 255
-0.0079 -0.6256 0.1266 83 190 255
-0.0077 -0.6260 0.1264 85 190 255
-0.0081 -0.6250 0.1266 89 207 255
-0.0042 -0.6348 0.1252 102 199 255
-0.0039 -0.6371 0.1250 100 196 255
-0.0051 -0.6331 0.1253 93 194 255
-0.0051 -0.6335 0.1251 71 183 255
-0.0045 -0.6351 0.1251 60 192 255
-0.0045 -0.6388 0.1248 94 188 255
-0.0055 -0.6390 0.1248 75 189 255
-0.0043 -0.6391 0.1246 85 192 255
-0.0033 -0.6373 0.1245 107 204 255
-0.0046 -0.6384 0.1249 78 202 255
-0.0053 -0.6385 0.1248 89 204 255
-0.0064 -0.6370 0.1250 67 193 255
-0.0068 -0.6345 0.1252 83 193 255
-0.0061 -0.6368 0.1249 106 202 255
-0.0065 -0.6347 0.1250 110 194 255
-0.0062 -0.6331 0.1253 86 190 255
-0.0063 -0.6327 0.1254 89 187 255
-0.0060 -0.6334 0.1251 97 183 255
-0.0054 -0.6294 0.1260 103 196 255
-0.0056 -0.6313 0.1258 101 192 255
-0.0060 -0.6276 0.1262 93 193 255
-0.0061 -0.6281 0.1260 64 184 254
-0.0056 -0.6296 0.1259 57 194 254
-0.0065 -0.6324 0.1257 89 182 255
-0.0077 -0.6321 0.1258 71 188 255
-0.0067 -0.6321 0.1258 82 205 255
-0.0086 -0.6297 0.1260 67 191 255
-0.0087 -0.6273 0.1263 81 194 255
-0.0077 -0.6318 0.1258 97 204 255
-0.0083 -0.6299 0.1259 112 199 255
-0.0083 -0.6279 0.1261 102 189 255
-0.0075 -0.6267 0.1264 88 193 255
-0.0058 -0.6264 0.1262 111 197 255
-0.0073 -0.6274 0.1261 85 181 255
-0.0041 -0.6394 0.1247 79 195 255
-0.0032 -0.6385 0.1248 82 201 255
-0.0043 -0.6407 0.1245 81 193 255
-0.0039 -0.6405 0.1244 104 201 255
-0.0038 -0.6396 0.1246 105 188 255
-0.0032 -0.6389 0.1248 96 180 255
-0.0081 -0.6345 0.1322 68 194 222
-0.0068 -0.6370 0.1322 79 196 220
-0.0086 -0.6320 0.1322 77 197 221
-0.0082 -0.6323 0.1323 98 194 221
-0.0077 -0.6345 0.1323 105 203 223
-0.0072 -0.6313 0.1322 90 205 221
-0.0073 -0.6312 0.1323 85 204 221
-0.0054 -0.6322 0.1322 91 199 220
-0.0071 -0.6317 0.1323 86 186 222
-0.0100 -0.6283 0.1323 69 195 222
-0.0092 -0.6303 0.1323 85 198 220
-0.0100 -0.6263 0.1324 79 197 220
-0.0096 -0.6267 0.1325 101 192 222
-0.0096 -0.6284 0.1324 106 202 223
-0.0076 -0.6312 0.1323 77 173 230
-0.0064 -0.6307 0.1323 88 199 220
-0.0079 -0.6309 0.1324 94 219 227
-0.0071 -0.6306 0.1324 75 206 221
-0.0064 -0.6287 0.1323 94 199 221
-0.0074 -0.6266 0.1323 89 198 220
-0.0071 -0.6289 0.1324 63 196 223
-0.0077 -0.6270 0.1325 65 187 224
-0.0089 -0.6258 0.1324 86 197 220
-0.0089 -0.6253 0.1324 86 197 220
-0.0088 -0.6263 0.1325 85 183 223
-0.0112 -0.6223 0.1324 67 198 222
-0.0104 -0.6244 0.1324 79 198 220
-0.0109 -0.6203 0.1324 80 198 220
-0.0106 -0.6205 0.1326 100 191 222
-0.0107 -0.6223 0.1325 105 200 222
-0.0102 -0.6241 0.1325 99 207 222
-0.0090 -0.6250 0.1324 84 198 220
-0.0077 -0.6243 0.1324 90 199 220
-0.0091 -0.6247 0.1325 86 211 222
-0.0081 -0.6241 0.1325 72 206 222
-0.0074 -0.6223 0.1324 99 199 221
-0.0081 -0.6203 0.1324 90 198 220
-0.0079 -0.6223 0.1325 64 197 223
-0.0096 -0.6196 0.1324 86 195 220
-0.0096 -0.6195 0.1324 86 197 220
-0.0085 -0.6205 0.1325 71 188 222
-0.0096 -0.6199 0.1326 87 183 222
-0.0117 -0.6169 0.1324 68 196 222
-0.0111 -0.6187 0.1324 80 198 220
-0.0113 -0.6151 0.1324 82 196 220
-0.0110 -0.6152 0.1326 105 188 224
-0.0113 -0.6168 0.1326 108 199 223
-0.0109 -0.6184 0.1325 102 208 223
-0.0097 -0.6193 0.1324 84 198 220
-0.0084 -0.6187 0.1324 91 198 220
-0.0098 -0.6190 0.1325 88 214 223
-0.0088 -0.6185 0.1325 71 208 223
-0.0081 -0.6170 0.1324 99 199 221
-0.0087 -0.6152 0.1324 89 197 220
-0.0085 -0.6169 0.1326 61 197 224
-0.0100 -0.6145 0.1324 86 192 220
-0.0099 -0.6143 0.1324 87 199 220
-0.0090 -0.6153 0.1326 65 185 226
-0.0100 -0.6147 0.1326 87 177 226
-0.0014 -0.6475 0.1325 84 180 224
-0.0041 -0.6459 0.1324 81 191 221
-0.0014 -0.6468 0.1326 84 205 221
-0.0023 -0.6425 0.1324 85 205 221
-0.0031 -0.6425 0.1324 83 198 220
-0.0022 -0.6420 0.1328 100 221 231
-0.0014 -0.6423 0.1327 84 224 232
-0.0014 -0.6428 0.1324 84 201 221
-0.0024 -0.6430 0.1326 79 185 222
-0.0103 -0.5964 0.1332 86 186 221
-0.0120 -0.5970 0.1333 86 195 220
-0.0104 -0.5960 0.1331 87 199 219
-0.0085 -0.5972 0.1332 90 194 220
-0.0102 -0.5969 0.1335 85 178 225
-0.0113 -0.5974 0.1336 104 187 223
-0.0121 -0.5990 0.1333 86 197 220
-0.0111 -0.6012 0.1334 92 203 220
-0.0113 -0.5990 0.1337 112 201 224
-0.0096 -0.6019 0.1334 87 211 221
-0.0083 -0.6014 0.1334 88 203 220
-0.0097 -0.6025 0.1333 88 204 220
-0.0095 -0.6014 0.1338 88 217 224
-0.0079 -0.5993 0.1333 96 198 220
-0.0087 -0.6010 0.1338 65 209 224
-0.0084 -0.5993 0.1337 60 195 225
-0.0089 -0.5976 0.1336 68 185 225
-0.0095 -0.6093 0.1326 87 193 220
-0.0108 -0.6098 0.1325 82 197 220
-0.0095 -0.6090 0.1326 88 199 220
-0.0083 -0.6099 0.1326 93 197 220
-0.0094 -0.6095 0.1328 86 178 225
-0.0105 -0.6100 0.1327 106 187 224
-0.0114 -0.6116 0.1325 69 200 222
-0.0111 -0.6134 0.1324 81 201 220
-0.0109 -0.6116 0.1327 111 197 224
-0.0108 -0.6131 0.1326 104 208 223
-0.0099 -0.6140 0.1324 88 203 220
-0.0086 -0.6135 0.1325 91 201 220
-0.0098 -0.6137 0.1326 88 216 223
-0.0080 -0.6117 0.1325 101 198 221
-0.0088 -0.6132 0.1326 69 211 224
-0.0083 -0.6117 0.1327 59 201 225
-0.0085 -0.6101 0.1328 64 188 225
-0.0097 -0.6029 0.1332 88 200 220
-0.0109 -0.6036 0.1331 84 200 220
-0.0084 -0.6038 0.1331 94 200 220
-0.0096 -0.6034 0.1333 86 189 221
-0.0104 -0.6039 0.1332 100 194 221
-0.0112 -0.6057 0.1329 73 201 221
-0.0107 -0.6079 0.1326 82 202 220
-0.0106 -0.6057 0.1330 107 201 222
-0.0103 -0.6076 0.1328 102 208 222
-0.0094 -0.6087 0.1326 88 202 220
-0.0083 -0.6080 0.1327 96 202 220
-0.0094 -0.6083 0.1328 88 214 222
-0.0079 -0.6059 0.1329 103 202 221
-0.0085 -0.6077 0.1328 70 210 223
-0.0083 -0.6060 0.1330 61 200 224
-0.0087 -0.6042 0.1332 69 193 222
-0.0095 -0.6040 0.1336 83 181 223
-0.0101 -0.6043 0.1336 111 189 225
-0.0088 -0.6046 0.1336 57 188 229
-0.0094 -0.6046 0.1341 80 179 225
-0.0102 -0.6057 0.1335 120 200 228
-0.0100 -0.6072 0.1333 113 211 227
-0.0098 -0.6048 0.1341 115 189 227
-0.0099 -0.6057 0.1341 122 199 230
-0.0097 -0.6068 0.1340 117 210 229
-0.0093 -0.6077 0.1333 88 220 226
-0.0087 -0.6073 0.1333 58 212 229
-0.0092 -0.6071 0.1340 88 221 227
-0.0085 -0.6060 0.1335 50 197 232
-0.0088 -0.6068 0.1340 54 210 232
-0.0087 -0.6059 0.1341 48 196 235
-0.0089 -0.6050 0.1341 53 188 232
-0.0094 -0.6098 0.1333 85 171 231
-0.0102 -0.6102 0.1332 114 182 230
-0.0087 -0.6103 0.1333 55 184 232
-0.0094 -0.6101 0.1340 85 171 232
-0.0099 -0.6104 0.1339 115 181 232
-0.0106 -0.6115 0.1332 121 196 229
-0.0104 -0.6128 0.1332 113 210 227
-0.0102 -0.6114 0.1339 122 195 231
-0.0101 -0.6124 0.1339 116 210 229
-0.0097 -0.6132 0.1332 88 221 227
-0.0089 -0.6128 0.1332 60 214 229
-0.0096 -0.6127 0.1339 86 222 227
-0.0086 -0.6116 0.1332 50 201 232
-0.0090 -0.6124 0.1339 56 213 231
-0.0088 -0.6114 0.1339 49 200 234
-0.0102 -0.5974 0.1342 86 174 228
-0.0109 -0.5977 0.1342 116 185 228
-0.0093 -0.5979 0.1342 62 183 228
-0.0102 -0.5978 0.1350 88 173 229
-0.0109 -0.5989 0.1343 122 204 230
-0.0103 -0.6002 0.1344 115 213 229
-0.0107 -0.5981 0.1350 121 188 231
-0.0106 -0.5989 0.1351 124 206 233
-0.0102 -0.5998 0.1351 118 213 231
-0.0096 -0.6008 0.1344 90 220 226
-0.0090 -0.6005 0.1344 61 210 227
-0.0106 -0.6007 0.1338 107 210 224
-0.0097 -0.6002 0.1351 92 221 227
-0.0089 -0.5992 0.1343 54 194 229
-0.0094 -0.6000 0.1351 58 207 228
-0.0094 -0.5991 0.1351 53 193 230
-0.0097 -0.5982 0.1350 60 182 230
-0.0036 -0.6444 0.1330 119 192 232
-0.0036 -0.6456 0.1330 112 211 229
-0.0038 -0.6443 0.1326 116 192 229
-0.0031 -0.6434 0.1330 102 177 229
-0.0031 -0.6438 0.1336 104 177 230
-0.0033 -0.6445 0.1336 120 194 232
-0.0033 -0.6454 0.1336 113 211 230
-0.0021 -0.6462 0.1331 78 216 225
-0.0039 -0.6458 0.1326 104 207 224
-0.0018 -0.6453 0.1331 56 199 226
-0.0020 -0.6443 0.1331 57 190 226
-0.0014 -0.6454 0.1328 84 199 220
-0.0022 -0.6452 0.1336 51 199 229
-0.0025 -0.6435 0.1331 70 178 227
-0.0032 -0.6430 0.1326 100 183 225
-0.0014 -0.6438 0.1326 84 189 221
-0.0027 -0.6439 0.1336 65 177 229
-0.0108 -0.6168 0.1331 116 199 227
-0.0105 -0.6181 0.1331 109 211 226
-0.0106 -0.6154 0.1331 112 185 227
-0.0102 -0.6167 0.1338 117 199 227
-0.0100 -0.6177 0.1338 111 211 227
-0.0097 -0.6186 0.1330 86 221 227
-0.0090 -0.6181 0.1330 57 213 231
-0.0095 -0.6180 0.1337 83 222 228
-0.0088 -0.6168 0.1331 48 197 235
-0.0091 -0.6155 0.1331 55 181 235
-0.0090 -0.6177 0.1338 52 210 234
-0.0089 -0.6167 0.1338 47 197 237
-0.0091 -0.6157 0.1338 52 183 237
-0.0098 -0.6150 0.1331 86 171 231
-0.0096 -0.6153 0.1338 82 171 232
-0.0101 -0.6157 0.1338 113 184 228
-0.0102 -0.6223 0.1330 114 201 226
-0.0098 -0.6236 0.1330 106 210 225
-0.0101 -0.6210 0.1330 107 189 224
-0.0096 -0.6216 0.1337 109 190 225
-0.0096 -0.6223 0.1337 115 201 227
-0.0094 -0.6229 0.1337 108 210 225
-0.0091 -0.6240 0.1330 85 215 224
-0.0084 -0.6236 0.1330 61 208 226
-0.0090 -0.6231 0.1337 84 216 224
-0.0083 -0.6223 0.1330 51 195 230
-0.0087 -0.6210 0.1330 61 184 227
-0.0087 -0.6229 0.1337 55 207 228
-0.0086 -0.6223 0.1337 49 194 232
-0.0088 -0.6216 0.1337 57 185 229
-0.0095 -0.6206 0.1330 85 180 224
-0.0092 -0.6214 0.1337 84 179 224
-0.0092 -0.6281 0.1329 116 202 227
-0.0087 -0.6295 0.1329 108 209 225
-0.0092 -0.6268 0.1329 112 185 228
-0.0088 -0.6277 0.1336 118 201 229
-0.0085 -0.6287 0.1336 110 208 226
-0.0080 -0.6302 0.1329 89 214 223
-0.0074 -0.6299 0.1329 61 207 225
-0.0090 -0.6302 0.1324 104 209 224
-0.0079 -0.6292 0.1335 89 214 223
-0.0074 -0.6286 0.1329 47 194 235
-0.0078 -0.6271 0.1329 52 181 239
-0.0075 -0.6290 0.1336 51 205 231
-0.0075 -0.6280 0.1336 46 192 241
-0.0086 -0.6265 0.1329 80 169 235
-0.0083 -0.6266 0.1336 75 169 239
-0.0088 -0.6268 0.1336 113 181 231
-0.0072 -0.6345 0.1328 114 206 228
-0.0065 -0.6361 0.1328 104 212 225
-0.0076 -0.6328 0.1328 109 192 225
-0.0069 -0.6335 0.1336 113 196 226
-0.0067 -0.6344 0.1336 115 207 229
-0.0062 -0.6352 0.1336 101 214 226
-0.0059 -0.6363 0.1329 76 213 223
-0.0055 -0.6356 0.1328 51 203 230
-0.0053 -0.6362 0.1324 69 202 222
-0.0058 -0.6372 0.1323 85 210 222
-0.0067 -0.6367 0.1323 99 208 223
-0.0058 -0.6352 0.1336 63 212 226
-0.0056 -0.6342 0.1328 50 192 232
-0.0060 -0.6329 0.1328 61 183 227
-0.0052 -0.6343 0.1324 66 195 222
-0.0056 -0.6347 0.1335 46 198 235
-0.0058 -0.6339 0.1335 49 185 236
-0.0062 -0.6333 0.1335 59 181 230
-0.0069 -0.6323 0.1328 84 179 224
-0.0057 -0.6324 0.1323 73 189 222
-0.0067 -0.6332 0.1335 86 179 225
-0.0037 -0.6394 0.1240 123 189 241
-0.0033 -0.6389 0.1241 105 172 238
-0.0037 -0.6402 0.1239 120 206 247
-0.0036 -0.6399 0.1232 122 206 245
-0.0036 -0.6391 0.1232 123 189 239
-0.0058 -0.6297 0.1252 46 196 244
-0.0060 -0.6310 0.1251 50 210 245
-0.0058 -0.6312 0.1258 69 202 255
-0.0061 -0.6284 0.1253 55 180 245
-0.0061 -0.6287 0.1244 53 181 244
-0.0059 -0.6297 0.1242 45 197 243
-0.0067 -0.6318 0.1251 75 225 248
-0.0075 -0.6315 0.1251 112 217 248
-0.0066 -0.6314 0.1240 73 225 246
-0.0073 -0.6312 0.1240 111 218 247
-0.0080 -0.6299 0.1252 122 201 247
-0.0080 -0.6283 0.1254 114 184 250
-0.0077 -0.6299 0.1242 123 201 246
-0.0077 -0.6286 0.1244 116 183 248
-0.0071 -0.6279 0.1254 83 171 249
-0.0069 -0.6282 0.1245 81 170 247
-0.0046 -0.6353 0.1244 47 190 245
-0.0044 -0.6370 0.1244 45 198 244
-0.0042 -0.6371 0.1250 65 197 255
-0.0052 -0.6339 0.1245 64 176 250
-0.0053 -0.6343 0.1236 62 176 248
-0.0048 -0.6354 0.1235 47 189 244
-0.0046 -0.6380 0.1243 60 218 248
-0.0052 -0.6380 0.1243 102 219 251
-0.0046 -0.6376 0.1233 57 218 246
-0.0050 -0.6376 0.1233 104 221 248
-0.0059 -0.6367 0.1243 120 206 248
-0.0062 -0.6349 0.1244 122 196 248
-0.0056 -0.6366 0.1234 120 207 246
-0.0060 -0.6352 0.1235 123 198 246
-0.0059 -0.6339 0.1245 104 177 251
-0.0057 -0.6344 0.1236 109 178 249
-0.0098 -0.6219 0.1258 122 201 248
-0.0096 -0.6210 0.1258 113 176 240
-0.0093 -0.6230 0.1258 109 211 254
-0.0091 -0.6216 0.1247 109 214 252
-0.0093 -0.6209 0.1242 124 192 245
-0.0085 -0.6209 0.1258 79 170 234
-0.0074 -0.6215 0.1258 56 180 235
-0.0090 -0.6203 0.1238 97 170 236
-0.0081 -0.6202 0.1237 79 170 234
-0.0073 -0.6206 0.1238 63 175 234
-0.0070 -0.6227 0.1258 46 197 244
-0.0073 -0.6237 0.1258 65 211 255
-0.0074 -0.6219 0.1272 62 182 252
-0.0071 -0.6214 0.1242 46 193 239
-0.0075 -0.6221 0.1246 70 217 253
-0.0083 -0.6237 0.1258 93 214 255
-0.0083 -0.6221 0.1248 94 215 255
-0.0077 -0.5921 0.1277 52 199 248
-0.0082 -0.5948 0.1277 61 212 251
-0.0082 -0.5894 0.1278 61 185 251
-0.0084 -0.5899 0.1270 57 187 249
-0.0081 -0.5919 0.1268 51 199 247
-0.0086 -0.5939 0.1266 58 210 250
-0.0096 -0.5958 0.1278 90 221 253
-0.0111 -0.5948 0.1279 116 212 250
-0.0097 -0.5946 0.1265 89 221 253
-0.0116 -0.5921 0.1280 123 198 249
-0.0112 -0.5893 0.1279 113 189 254
-0.0107 -0.5940 0.1266 119 211 249
-0.0110 -0.5920 0.1268 124 196 248
-0.0106 -0.5899 0.1270 114 187 253
-0.0097 -0.5885 0.1278 88 179 255
-0.0080 -0.5890 0.1283 73 190 255
-0.0094 -0.5893 0.1271 85 178 253
-0.0078 -0.6003 0.1274 52 197 248
-0.0083 -0.6020 0.1272 66 207 255
-0.0078 -0.5987 0.1286 60 181 248
-0.0081 -0.5985 0.1277 56 180 243
-0.0082 -0.5993 0.1264 50 196 246
-0.0086 -0.6003 0.1263 63 207 254
-0.0094 -0.6025 0.1271 90 211 255
-0.0106 -0.6018 0.1272 110 208 255
-0.0095 -0.6006 0.1262 88 212 255
-0.0110 -0.6000 0.1273 122 198 249
-0.0107 -0.5983 0.1274 114 179 246
-0.0111 -0.5983 0.1283 108 181 252
-0.0103 -0.6003 0.1262 113 207 254
-0.0105 -0.5993 0.1263 123 194 248
-0.0094 -0.5979 0.1276 85 169 242
-0.0095 -0.5977 0.1285 85 170 245
-0.0101 -0.5983 0.1263 112 176 246
-0.0092 -0.5980 0.1265 86 169 242
-0.0084 -0.5984 0.1265 58 178 242
-0.0080 -0.6322 0.1252 123 205 243
-0.0088 -0.6303 0.1268 123 204 244
-0.0058 -0.6388 0.1251 120 210 245
-0.0053 -0.5913 0.1422 111 210 225
-0.0072 -0.5898 0.1409 116 218 233
-0.0014 -0.5935 0.1430 88 207 220
-0.0025 -0.6334 0.1367 110 201 225
-0.0034 -0.6331 0.1356 120 202 231
-0.0028 -0.6302 0.1370 108 203 224
-0.0014 -0.6303 0.1375 85 202 220
-0.0014 -0.6337 0.1371 85 202 220
-0.0024 -0.6364 0.1363 109 201 225
-0.0031 -0.6358 0.1354 121 201 232
-0.0038 -0.6334 0.1341 122 203 234
-0.0034 -0.6359 0.1341 123 201 235
-0.0041 -0.6338 0.1328 118 203 229
-0.0049 -0.6313 0.1325 109 204 225
-0.0032 -0.6386 0.1340 124 201 237
-0.0030 -0.6387 0.1351 120 202 232
-0.0028 -0.6405 0.1347 120 204 233
-0.0029 -0.6409 0.1338 122 206 236
-0.0033 -0.6388 0.1328 121 203 233
-0.0038 -0.6365 0.1327 113 199 226
-0.0046 -0.6342 0.1323 97 200 221
-0.0047 -0.6362 0.1323 91 196 221
-0.0056 -0.6374 0.1323 92 184 223
-0.0053 -0.6373 0.1324 94 190 222
-0.0039 -0.6441 0.1324 93 194 221
-0.0046 -0.6459 0.1326 56 179 234
-0.0039 -0.6438 0.1324 86 197 220
-0.0030 -0.6414 0.1326 110 204 226
-0.0053 -0.6375 0.1324 90 188 221
-0.0040 -0.6376 0.1325 93 197 221
-0.0043 -0.6380 0.1326 74 188 222
-0.0053 -0.6379 0.1326 93 183 223
-0.0064 -0.6385 0.1324 86 192 221
-0.0041 -0.6435 0.1324 82 199 220
-0.0049 -0.6446 0.1324 81 195 221
-0.0049 -0.6439 0.1326 86 205 221
-0.0043 -0.6430 0.1325 66 204 223
-0.0035 -0.6413 0.1324 84 198 220
-0.0035 -0.6391 0.1325 99 200 222
-0.0038 -0.6394 0.1326 62 195 224
-0.0041 -0.6396 0.1330 54 194 228
-0.0041 -0.6410 0.1330 53 200 228
-0.0045 -0.6407 0.1336 51 199 229
-0.0046 -0.6397 0.1336 53 194 228
-0.0048 -0.6390 0.1337 67 182 226
-0.0045 -0.6385 0.1331 67 182 225
-0.0045 -0.6423 0.1330 57 206 227
-0.0049 -0.6430 0.1330 85 211 222
-0.0049 -0.6419 0.1336 83 211 223
-0.0047 -0.6415 0.1336 53 204 229
-0.0038 -0.6413 0.1325 61 200 224
-0.0053 -0.6384 0.1330 94 179 225
-0.0051 -0.6391 0.1336 99 181 225
-0.0059 -0.6390 0.1330 111 190 226
-0.0062 -0.6386 0.1326 110 190 226
-0.0146 -0.5818 0.1592 75 177 251
-0.0123 -0.5813 0.1601 95 179 254
-0.0166 -0.5758 0.1640 71 181 252
-0.0165 -0.5811 0.1578 61 181 246
-0.0148 -0.5846 0.1544 63 178 246
-0.0193 -0.5647 0.1705 72 186 254
-0.0143 -0.5753 0.1651 96 184 255
-0.0170 -0.5643 0.1712 98 188 255
-0.0198 -0.5497 0.1765 101 193 255
-0.0221 -0.5498 0.1763 76 191 255
-0.0212 -0.5638 0.1689 61 187 249
-0.0186 -0.5750 0.1623 60 184 248
-0.0225 -0.5629 0.1674 54 190 244
-0.0199 -0.5737 0.1609 53 188 241
-0.0238 -0.5489 0.1751 63 191 251
-0.0251 -0.5486 0.1735 55 193 245
-0.0229 -0.5615 0.1658 52 196 235
-0.0203 -0.5713 0.1598 52 195 233
-0.0221 -0.5594 0.1642 59 204 227
-0.0198 -0.5673 0.1587 58 203 227
-0.0253 -0.5484 0.1716 52 197 235
-0.0242 -0.5481 0.1694 61 203 226
-0.0199 -0.5573 0.1630 74 211 222
-0.0179 -0.5639 0.1582 74 212 223
-0.0164 -0.5562 0.1629 92 214 221
-0.0141 -0.5629 0.1585 97 217 223
-0.0218 -0.5474 0.1677 74 206 221
-0.0187 -0.5460 0.1672 90 208 219
-0.0132 -0.5560 0.1639 114 214 225
-0.0144 -0.5616 0.1701 118 195 253
-0.0121 -0.5728 0.1646 117 192 253
-0.0104 -0.5694 0.1631 124 197 249
-0.0125 -0.5584 0.1681 126 199 248
-0.0169 -0.5472 0.1751 117 197 254
-0.0120 -0.5566 0.1658 130 207 238
-0.0097 -0.5663 0.1613 129 205 243
-0.0107 -0.5639 0.1596 120 215 230
-0.0132 -0.5560 0.1639 114 214 225
-0.0158 -0.5447 0.1681 111 209 222
-0.0143 -0.5439 0.1701 130 206 233
-0.0146 -0.5445 0.1727 128 201 247
-0.0166 -0.5288 0.1731 131 205 233
-0.0180 -0.5296 0.1710 113 207 221
-0.0193 -0.5089 0.1748 116 207 221
-0.0182 -0.5088 0.1767 134 204 233
-0.0168 -0.5292 0.1757 129 201 247
-0.0191 -0.5311 0.1779 117 198 254
-0.0203 -0.5103 0.1808 118 197 254
-0.0227 -0.5110 0.1818 103 197 255
-0.0220 -0.5328 0.1792 102 197 255
-0.0207 -0.5308 0.1703 91 206 218
-0.0236 -0.5319 0.1709 75 204 220
-0.0243 -0.5102 0.1748 77 206 220
-0.0217 -0.5096 0.1742 93 207 218
-0.0180 -0.5296 0.1710 113 207 221
-0.0158 -0.5447 0.1681 111 209 222
-0.0259 -0.5321 0.1726 62 202 225
-0.0270 -0.5320 0.1748 54 199 234
-0.0263 -0.5105 0.1763 64 205 225
-0.0268 -0.5319 0.1767 56 197 245
-0.0257 -0.5320 0.1782 65 196 252
-0.0269 -0.5096 0.1799 58 200 246
-0.0272 -0.5103 0.1781 55 203 234
-0.0241 -0.5327 0.1792 80 195 255
-0.0245 -0.5101 0.1820 84 197 255
-0.0061 -0.6074 0.1264 124 200 247
-0.0058 -0.6060 0.1255 116 199 253
-0.0069 -0.6054 0.1278 109 197 255
-0.0063 -0.6089 0.1273 119 199 251
-0.0059 -0.6105 0.1263 125 199 246
-0.0057 -0.6084 0.1254 116 198 254
-0.0059 -0.6136 0.1260 124 198 246
-0.0056 -0.6111 0.1252 116 197 253
-0.0062 -0.6127 0.1272 113 198 255
-0.0060 -0.6158 0.1269 120 198 250
-0.0054 -0.6147 0.1249 115 197 254
-0.0113 -0.6128 0.1242 74 199 221
-0.0120 -0.6070 0.1251 47 197 237
-0.0109 -0.6182 0.1244 49 195 233
-0.0118 -0.6122 0.1256 47 196 238
-0.0109 -0.6198 0.1251 47 194 237
-0.0115 -0.6159 0.1261 46 195 240
-0.0116 -0.6139 0.1267 50 197 248
-0.0112 -0.6151 0.1271 56 197 253
-0.0109 -0.6118 0.1273 70 197 255
-0.0118 -0.6106 0.1266 50 196 247
-0.0119 -0.6063 0.1264 48 197 244
-0.0115 -0.6077 0.1274 51 196 248
-0.0094 -0.6055 0.1281 86 194 255
-0.0110 -0.6059 0.1280 88 192 255
-0.0095 -0.6059 0.1278 80 175 251
-0.0076 -0.6068 0.1280 89 194 255
-0.0068 -0.6094 0.1277 95 194 255
-0.0073 -0.6094 0.1275 57 193 253
-0.0075 -0.6114 0.1271 66 210 255
-0.0071 -0.6117 0.1274 86 199 255
-0.0113 -0.6082 0.1278 78 191 255
-0.0105 -0.6108 0.1275 93 202 255
-0.0103 -0.6105 0.1272 116 210 251
-0.0110 -0.6081 0.1274 120 199 251
-0.0107 -0.6061 0.1276 110 181 251
-0.0087 -0.6121 0.1274 87 206 255
-0.0086 -0.6124 0.1274 88 202 255
-0.0088 -0.6116 0.1270 95 221 252
-0.0065 -0.6165 0.1273 101 195 255
-0.0070 -0.6139 0.1274 85 196 255
-0.0070 -0.6157 0.1272 62 198 255
-0.0075 -0.6176 0.1271 78 203 255
-0.0071 -0.6187 0.1273 93 196 255
-0.0086 -0.6127 0.1275 74 183 255
-0.0103 -0.6131 0.1275 94 194 255
-0.0101 -0.6128 0.1273 114 179 233
-0.0088 -0.6125 0.1273 80 176 227
-0.0093 -0.6061 0.1269 76 170 243
-0.0103 -0.6063 0.1266 113 179 247
-0.0091 -0.6063 0.1256 77 170 242
-0.0082 -0.6071 0.1269 53 182 242
-0.0080 -0.6071 0.1278 64 185 253
-0.0076 -0.6091 0.1265 48 194 244
-0.0083 -0.6071 0.1256 52 183 241
-0.0079 -0.6087 0.1251 48 194 242
-0.0079 -0.6102 0.1247 54 214 245
-0.0078 -0.6108 0.1261 57 215 247
-0.0105 -0.6081 0.1263 123 199 248
-0.0099 -0.6101 0.1261 119 212 247
-0.0099 -0.6081 0.1249 124 200 247
-0.0098 -0.6065 0.1253 116 181 247
-0.0088 -0.6111 0.1260 94 225 248
-0.0086 -0.6106 0.1245 92 226 247
-0.0095 -0.6098 0.1246 119 212 247
-0.0087 -0.6155 0.1262 91 210 255
-0.0088 -0.6180 0.1271 88 204 255
-0.0078 -0.6153 0.1262 67 207 255
-0.0087 -0.6125 0.1247 93 211 255
-0.0097 -0.6148 0.1262 110 206 255
-0.0100 -0.6170 0.1272 99 203 255
-0.0074 -0.6140 0.1262 48 198 246
-0.0074 -0.6136 0.1272 53 182 242
-0.0077 -0.6125 0.1263 54 185 232
-0.0077 -0.6117 0.1249 47 195 241
-0.0080 -0.6125 0.1248 62 207 255
-0.0100 -0.6132 0.1263 124 197 246
-0.0105 -0.6148 0.1273 114 197 254
-0.0093 -0.6121 0.1248 116 204 252
-0.0095 -0.6112 0.1250 125 192 242
-0.0097 -0.6118 0.1264 114 180 232
-0.0087 -0.6117 0.1264 79 178 226
-0.0092 -0.6105 0.1252 105 178 229
-0.0086 -0.6104 0.1252 80 178 226
-0.0079 -0.6109 0.1251 59 183 229
-0.0087 -0.6192 0.1273 84 196 255
-0.0103 -0.6180 0.1273 78 196 255
-0.0109 -0.6154 0.1274 75 197 255
-0.0094 -0.5976 0.1289 81 185 255
-0.0103 -0.5958 0.1331 89 214 222
-0.0125 -0.5948 0.1335 88 211 221
-0.0119 -0.5947 0.1341 107 220 229
-0.0102 -0.5955 0.1337 87 227 233
-0.0082 -0.5949 0.1335 90 213 222
-0.0075 -0.5921 0.1347 98 209 221
-0.0086 -0.5948 0.1341 64 219 231
-0.0081 -0.5924 0.1351 57 206 228
-0.0088 -0.5902 0.1362 69 196 222
-0.0082 -0.5894 0.1360 97 215 223
-0.0106 -0.5886 0.1362 89 217 223
-0.0105 -0.5895 0.1364 92 191 220
-0.0122 -0.5903 0.1359 108 199 222
-0.0129 -0.5896 0.1357 78 213 223
-0.0135 -0.5922 0.1346 77 207 221
-0.0126 -0.5925 0.1350 114 209 226
-0.0116 -0.5931 0.1362 121 206 230
-0.0113 -0.5916 0.1369 115 194 225
-0.0104 -0.5931 0.1382 115 193 225
-0.0106 -0.5938 0.1379 123 204 230
-0.0104 -0.5944 0.1376 115 219 233
-0.0112 -0.5946 0.1356 113 220 233
-0.0103 -0.5910 0.1372 91 185 222
-0.0091 -0.5915 0.1370 62 189 226
-0.0099 -0.5929 0.1383 89 183 222
-0.0087 -0.5930 0.1363 51 203 233
-0.0090 -0.5946 0.1356 60 218 234
-0.0095 -0.5944 0.1376 58 218 235
-0.0093 -0.5937 0.1379 50 204 234
-0.0094 -0.5931 0.1382 58 190 227
-0.0101 -0.5951 0.1354 87 228 235
-0.0100 -0.5946 0.1375 87 228 235
-0.0090 -0.5788 0.1244 97 193 255
-0.0081 -0.5733 0.1255 91 194 255
-0.0088 -0.5838 0.1233 97 194 255
-0.0065 -0.5831 0.1235 80 191 255
-0.0063 -0.5796 0.1244 76 193 255
-0.0053 -0.5758 0.1255 76 196 255
-0.0069 -0.5863 0.1228 97 203 255
-0.0051 -0.5887 0.1230 106 207 255
-0.0055 -0.5858 0.1228 75 193 255
-0.0059 -0.5889 0.1242 117 213 249
-0.0050 -0.6009 0.1251 102 198 255
-0.0050 -0.5978 0.1250 105 201 255
-0.0049 -0.6032 0.1250 99 198 255
-0.0039 -0.6030 0.1250 71 198 255
-0.0040 -0.6007 0.1251 72 198 255
-0.0047 -0.5931 0.1240 110 205 255
-0.0040 -0.5976 0.1249 71 202 255
-0.0039 -0.5932 0.1239 74 205 255
-0.0043 -0.5888 0.1228 72 199 255
-0.0044 -0.6163 0.1243 89 195 255
-0.0046 -0.6124 0.1247 91 195 255
-0.0041 -0.6199 0.1239 99 195 255
-0.0036 -0.6126 0.1249 68 194 255
-0.0038 -0.6106 0.1251 68 195 255
-0.0039 -0.6222 0.1235 107 195 255
-0.0035 -0.6239 0.1231 107 196 255
-0.0034 -0.6162 0.1242 83 190 255
-0.0047 -0.6096 0.1250 91 196 255
-0.0048 -0.6074 0.1251 92 198 255
-0.0038 -0.6087 0.1252 67 197 255
-0.0049 -0.6053 0.1250 95 199 255
-0.0038 -0.6068 0.1252 67 199 255
-0.0038 -0.6050 0.1251 69 199 255
-0.0031 -0.6042 0.1259 49 198 245
-0.0031 -0.6060 0.1260 48 199 245
-0.0033 -0.6054 0.1273 50 199 232
-0.0033 -0.6035 0.1273 50 198 232
-0.0032 -0.6023 0.1258 50 197 246
-0.0032 -0.6079 0.1259 48 199 245
-0.0032 -0.6095 0.1258 48 197 245
-0.0034 -0.6092 0.1271 50 199 231
-0.0034 -0.6073 0.1272 51 200 231
-0.0030 -0.6144 0.1251 49 194 247
-0.0027 -0.6165 0.1248 49 191 246
-0.0030 -0.6159 0.1262 48 196 233
-0.0032 -0.6132 0.1265 49 197 233
-0.0030 -0.6125 0.1254 49 195 247
-0.0035 -0.6145 0.1247 72 193 255
-0.0031 -0.6110 0.1256 49 196 246
-0.0033 -0.6110 0.1268 50 198 232
-0.0033 -0.5934 0.1249 50 200 245
-0.0033 -0.5972 0.1258 50 200 245
-0.0033 -0.5937 0.1266 50 196 234
-0.0035 -0.5905 0.1258 51 193 234
-0.0035 -0.5896 0.1239 50 196 245
-0.0033 -0.6001 0.1260 50 198 246
-0.0033 -0.6015 0.1273 50 199 233
-0.0033 -0.5994 0.1274 50 199 233
-0.0044 -0.5867 0.1235 53 190 246
-0.0041 -0.5881 0.1252 51 191 234
-0.0048 -0.5857 0.1251 50 193 236
-0.0052 -0.5841 0.1239 55 190 249
-0.0052 -0.5810 0.1249 55 196 249
-0.0052 -0.5826 0.1258 49 199 240
-0.0049 -0.5796 0.1270 55 207 248
-0.0046 -0.5779 0.1259 60 203 253
-0.0055 -0.5839 0.1278 49 203 239
-0.0056 -0.5866 0.1277 50 197 235
-0.0054 -0.5851 0.1320 54 210 246
-0.0047 -0.5835 0.1318 60 216 248
-0.0048 -0.5818 0.1282 54 210 245
-0.0053 -0.5887 0.1278 52 193 232
-0.0049 -0.5909 0.1282 53 194 230
-0.0063 -0.5891 0.1316 53 189 246
-0.0062 -0.5873 0.1323 51 202 245
-0.0046 -0.5991 0.1291 55 199 228
-0.0047 -0.6012 0.1291 55 200 228
-0.0058 -0.6011 0.1307 48 201 239
-0.0056 -0.5991 0.1307 48 200 240
-0.0055 -0.5968 0.1307 48 198 241
-0.0045 -0.5968 0.1290 54 197 229
-0.0033 -0.5969 0.1273 50 198 233
-0.0047 -0.5938 0.1287 54 195 229
-0.0057 -0.5938 0.1304 48 196 239
-0.0060 -0.5910 0.1304 48 197 239
-0.0047 -0.6125 0.1287 54 198 228
-0.0042 -0.6158 0.1282 53 197 229
-0.0058 -0.6142 0.1305 47 196 237
-0.0062 -0.6103 0.1307 47 197 239
-0.0049 -0.6096 0.1290 55 199 228
-0.0037 -0.6196 0.1276 52 197 229
-0.0026 -0.6186 0.1259 50 195 232
-0.0030 -0.6228 0.1268 54 197 228
-0.0043 -0.6238 0.1288 50 196 231
-0.0051 -0.6188 0.1298 48 196 234
-0.0023 -0.6246 0.1261 60 196 225
-0.0021 -0.6207 0.1254 56 193 227
-0.0015 -0.6216 0.1252 86 192 220
-0.0015 -0.6251 0.1257 85 195 220
-0.0024 -0.6289 0.1265 61 195 224
-0.0034 -0.6277 0.1275 53 196 229
-0.0049 -0.6072 0.1291 56 199 227
-0.0062 -0.6074 0.1308 47 199 239
-0.0061 -0.6051 0.1307 47 200 238
-0.0048 -0.6051 0.1291 56 199 227
-0.0047 -0.6031 0.1291 56 199 227
-0.0059 -0.6031 0.1307 47 201 239
-0.0018 -0.5807 0.1291 95 214 255
-0.0019 -0.5820 0.1298 117 211 251
-0.0014 -0.5817 0.1293 89 211 255
-0.0014 -0.5804 0.1288 89 215 255
-0.0020 -0.5799 0.1285 85 215 255
-0.0027 -0.5804 0.1286 80 216 255
-0.0025 -0.5812 0.1294 87 220 253
-0.0027 -0.5791 0.1279 84 211 255
-0.0014 -0.5787 0.1279 89 211 255
-0.0033 -0.5777 0.1273 73 209 255
-0.0036 -0.5800 0.1281 73 212 255
-0.0037 -0.5813 0.1289 71 219 251
-0.0037 -0.5833 0.1325 71 218 252
-0.0022 -0.5841 0.1305 122 201 250
-0.0024 -0.5867 0.1311 120 200 252
-0.0014 -0.5865 0.1305 89 203 255
-0.0014 -0.5839 0.1299 89 206 255
-0.0026 -0.5829 0.1329 106 215 254
-0.0031 -0.5849 0.1336 106 204 255
-0.0044 -0.5852 0.1332 69 210 255
-0.0052 -0.5873 0.1337 69 194 255
-0.0036 -0.5872 0.1340 102 192 255
-0.0025 -0.5891 0.1314 111 197 255
-0.0024 -0.5915 0.1315 106 200 255
-0.0014 -0.5916 0.1309 89 200 255
-0.0014 -0.5890 0.1308 88 201 255
-0.0037 -0.5891 0.1321 96 186 255
-0.0036 -0.5914 0.1320 93 199 255
-0.0054 -0.5891 0.1320 79 183 255
-0.0052 -0.5912 0.1317 66 196 255
-0.0050 -0.5991 0.1316 68 199 255
-0.0048 -0.5968 0.1316 67 198 255
-0.0052 -0.6011 0.1315 67 199 255
-0.0038 -0.6012 0.1317 93 197 255
-0.0036 -0.5991 0.1318 93 197 255
-0.0050 -0.5940 0.1316 65 198 255
-0.0035 -0.5942 0.1320 92 198 255
-0.0055 -0.6148 0.1312 62 194 255
-0.0058 -0.6104 0.1314 68 196 255
-0.0050 -0.6204 0.1306 56 193 253
-0.0043 -0.6149 0.1312 92 197 255
-0.0044 -0.6103 0.1313 95 197 255
-0.0026 -0.6282 0.1292 95 192 255
-0.0024 -0.6334 0.1278 78 169 245
-0.0015 -0.6327 0.1276 85 171 249
-0.0015 -0.6277 0.1290 85 192 255
-0.0028 -0.6209 0.1304 94 195 255
-0.0041 -0.6209 0.1307 86 194 255
-0.0036 -0.6284 0.1294 73 190 255
-0.0031 -0.6319 0.1284 66 183 255
-0.0042 -0.6268 0.1293 48 193 246
-0.0034 -0.6318 0.1279 49 185 238
-0.0058 -0.6073 0.1315 68 199 255
-0.0056 -0.6051 0.1315 67 199 255
-0.0044 -0.6073 0.1314 95 197 255
-0.0054 -0.6031 0.1315 67 199 255
-0.0042 -0.6051 0.1315 94 197 255
-0.0040 -0.6031 0.1316 93 197 255
-0.0027 -0.6031 0.1311 101 196 255
-0.0026 -0.6011 0.1312 102 196 255
-0.0029 -0.6051 0.1310 100 197 255
-0.0014 -0.6031 0.1306 87 197 255
-0.0024 -0.6328 0.1270 70 180 226
-0.0015 -0.6323 0.1266 85 184 222
-0.0185 -0.4811 0.1830 136 203 232
-0.0194 -0.4811 0.1816 119 208 221
-0.0191 -0.4563 0.1884 116 210 219
-0.0184 -0.4565 0.1891 136 205 230
-0.0186 -0.4814 0.1848 134 199 244
-0.0184 -0.5092 0.1790 131 199 246
-0.0198 -0.4819 0.1860 121 197 253
-0.0188 -0.4566 0.1911 127 197 251
-0.0199 -0.4618 0.1905 110 196 255
-0.0213 -0.4814 0.1869 107 196 255
-0.0211 -0.4815 0.1812 93 209 218
-0.0230 -0.4819 0.1818 77 209 220
-0.0216 -0.4638 0.1867 77 210 221
-0.0202 -0.4570 0.1881 88 211 218
-0.0194 -0.4811 0.1816 119 208 221
-0.0193 -0.5089 0.1748 116 207 221
-0.0244 -0.4820 0.1830 66 208 225
-0.0250 -0.4812 0.1845 57 205 236
-0.0227 -0.4619 0.1889 59 206 236
-0.0218 -0.4572 0.1893 66 209 226
-0.0244 -0.4785 0.1862 63 201 248
-0.0259 -0.5092 0.1813 69 198 253
-0.0233 -0.4768 0.1873 75 198 254
-0.0214 -0.4528 0.1914 63 204 245
-0.0224 -0.4787 0.1875 89 197 255
-0.0197 -0.4524 0.1924 96 197 255
-0.0201 -0.4465 0.1918 64 215 235
-0.0191 -0.4444 0.1922 89 226 226
-0.0191 -0.4563 0.1884 116 210 219
-0.0051 -0.6450 0.1314 120 210 238
-0.0051 -0.6444 0.1333 119 209 234
-0.0057 -0.6435 0.1312 122 207 239
-0.0062 -0.6420 0.1311 122 207 239
-0.0062 -0.6415 0.1330 121 206 236
-0.0057 -0.6430 0.1332 121 207 236
-0.0063 -0.6422 0.1293 122 207 239
-0.0069 -0.6399 0.1311 123 206 239
-0.0052 -0.6439 0.1337 87 194 221
-0.0052 -0.6436 0.1335 46 187 241
-0.0044 -0.6452 0.1336 56 178 247
-0.0043 -0.6453 0.1339 89 189 221
-0.0057 -0.6422 0.1337 90 200 221
-0.0062 -0.6404 0.1337 109 203 225
-0.0063 -0.6396 0.1337 50 192 230
-0.0064 -0.6396 0.1332 46 190 244
-0.0065 -0.6400 0.1327 45 192 242
-0.0059 -0.6417 0.1331 47 190 246
-0.0058 -0.6416 0.1336 46 190 236
-0.0053 -0.6438 0.1331 50 188 249
-0.0059 -0.6421 0.1327 46 190 243
-0.0054 -0.6441 0.1327 47 187 244
-0.0045 -0.6456 0.1331 59 181 252
-0.0064 -0.6401 0.1324 68 196 222
-0.0063 -0.6400 0.1326 114 200 227
-0.0058 -0.6415 0.1326 113 203 227
-0.0059 -0.6419 0.1324 70 194 222
-0.0054 -0.6438 0.1324 62 194 224
-0.0054 -0.6431 0.1326 107 205 225
-0.0059 -0.6400 0.1330 115 201 228
-0.0054 -0.6395 0.1336 113 194 227
-0.0054 -0.6401 0.1336 115 201 228
-0.0052 -0.6408 0.1336 116 203 229
-0.0056 -0.6412 0.1330 115 203 228
-0.0053 -0.6424 0.1330 112 206 227
-0.0050 -0.6416 0.1336 115 205 228
-0.0465 -0.5738 -0.2019 70 213 254
-0.0464 -0.5724 -0.2030 81 226 231
-0.0474 -0.5730 -0.2039 75 209 222
-0.0476 -0.5745 -0.2029 54 207 246
-0.0465 -0.5754 -0.2012 72 205 255
-0.0449 -0.5750 -0.2010 90 206 255
-0.0450 -0.5734 -0.2018 88 215 255
-0.0463 -0.5775 -0.2011 76 196 255
-0.0477 -0.5762 -0.2022 54 201 249
-0.0475 -0.5783 -0.2021 57 194 250
-0.0459 -0.5800 -0.2017 79 189 255
-0.0444 -0.5796 -0.2015 93 190 255
-0.0446 -0.5771 -0.2009 92 197 255
-0.0430 -0.5769 -0.2012 107 198 255
-0.0433 -0.5748 -0.2013 106 208 255
-0.0429 -0.5794 -0.2018 106 192 255
-0.0418 -0.5772 -0.2023 123 200 250
-0.0421 -0.5751 -0.2024 124 207 248
-0.0796 -0.5741 -0.2006 73 199 255
-0.0793 -0.5720 -0.2007 74 209 255
-0.0807 -0.5723 -0.2019 56 207 248
-0.0809 -0.5744 -0.2017 56 200 250
-0.0798 -0.5766 -0.2011 72 192 255
-0.0782 -0.5768 -0.2008 85 191 255
-0.0778 -0.5743 -0.2002 87 197 255
-0.0762 -0.5746 -0.2004 104 196 255
-0.0759 -0.5726 -0.2005 108 205 255
-0.0767 -0.5771 -0.2009 100 189 255
-0.0750 -0.5754 -0.2015 123 193 249
-0.0748 -0.5733 -0.2016 126 201 248
-0.0640 -0.5819 -0.1994 73 197 255
-0.0640 -0.5799 -0.1996 72 207 255
-0.0654 -0.5804 -0.2008 54 204 248
-0.0654 -0.5825 -0.2006 55 197 250
-0.0638 -0.5845 -0.2000 75 190 255
-0.0621 -0.5819 -0.1992 89 197 255
-0.0621 -0.5799 -0.1993 90 207 255
-0.0602 -0.5822 -0.1994 105 198 255
-0.0603 -0.5801 -0.1996 107 207 255
-0.0620 -0.5844 -0.1997 88 190 255
-0.0602 -0.5847 -0.1999 102 191 255
-0.0588 -0.5829 -0.2006 123 198 250
-0.0589 -0.5807 -0.2008 124 205 248
-0.0453 -0.5828 -0.2029 82 184 255
-0.0469 -0.5808 -0.2026 60 188 251
-0.0462 -0.5836 -0.2038 63 183 250
-0.0447 -0.5855 -0.2048 83 177 253
-0.0437 -0.5852 -0.2048 96 179 254
-0.0440 -0.5825 -0.2028 94 185 255
-0.0427 -0.5823 -0.2031 106 186 255
-0.0427 -0.5851 -0.2050 108 181 252
-0.0418 -0.5827 -0.2040 121 189 249
-0.0417 -0.5798 -0.2028 122 194 250
-0.0800 -0.5795 -0.2023 72 187 255
-0.0810 -0.5769 -0.2022 56 195 250
-0.0810 -0.5799 -0.2033 56 190 249
-0.0802 -0.5823 -0.2042 70 181 252
-0.0792 -0.5825 -0.2040 82 179 254
-0.0787 -0.5797 -0.2020 84 185 255
-0.0774 -0.5800 -0.2022 97 184 255
-0.0782 -0.5827 -0.2041 95 177 253
-0.0766 -0.5807 -0.2031 115 182 250
-0.0756 -0.5779 -0.2019 119 188 250
-0.0634 -0.5874 -0.2012 76 185 255
-0.0651 -0.5850 -0.2010 58 190 251
-0.0644 -0.5879 -0.2022 60 185 250
-0.0629 -0.5902 -0.2031 75 178 252
-0.0618 -0.5902 -0.2029 87 178 254
-0.0619 -0.5874 -0.2009 87 185 255
-0.0604 -0.5876 -0.2011 100 185 255
-0.0606 -0.5903 -0.2031 99 178 253
-0.0593 -0.5882 -0.2022 117 186 250
-0.0589 -0.5854 -0.2010 120 192 251
-0.0441 -0.5874 -0.2074 83 171 247
-0.0449 -0.5869 -0.2070 62 178 244
-0.0446 -0.5872 -0.2081 56 184 233
-0.0439 -0.5879 -0.2090 78 177 227
-0.0434 -0.5872 -0.2073 99 173 249
-0.0427 -0.5871 -0.2074 110 176 246
-0.0433 -0.5877 -0.2091 96 179 224
-0.0428 -0.5875 -0.2091 109 183 226
-0.0423 -0.5865 -0.2082 125 192 233
-0.0421 -0.5862 -0.2072 123 185 243
-0.0802 -0.5844 -0.2068 68 176 246
-0.0808 -0.5835 -0.2065 53 186 243
-0.0807 -0.5839 -0.2077 51 193 233
-0.0802 -0.5849 -0.2086 67 183 226
-0.0797 -0.5850 -0.2086 83 179 225
-0.0796 -0.5845 -0.2067 79 173 248
-0.0789 -0.5847 -0.2067 93 171 247
-0.0791 -0.5852 -0.2085 99 177 227
-0.0783 -0.5844 -0.2076 121 182 234
-0.0781 -0.5841 -0.2064 114 177 244
-0.0625 -0.5922 -0.2057 74 173 247
-0.0634 -0.5915 -0.2054 59 180 244
-0.0632 -0.5918 -0.2067 55 185 233
-0.0624 -0.5928 -0.2076 72 179 226
-0.0617 -0.5923 -0.2057 85 172 248
-0.0609 -0.5924 -0.2057 98 172 247
-0.0617 -0.5928 -0.2076 85 178 225
-0.0610 -0.5929 -0.2076 102 178 227
-0.0603 -0.5921 -0.2067 122 186 234
-0.0601 -0.5917 -0.2054 117 180 244
-0.0444 -0.5862 -0.2084 71 205 222
-0.0453 -0.5860 -0.2077 55 195 229
-0.0452 -0.5835 -0.2072 75 203 221
-0.0435 -0.5859 -0.2085 85 209 221
-0.0427 -0.5857 -0.2084 102 208 221
-0.0435 -0.5859 -0.2085 85 209 221
-0.0438 -0.5832 -0.2073 87 205 220
-0.0425 -0.5829 -0.2071 101 206 221
-0.0420 -0.5852 -0.2077 123 201 229
-0.0802 -0.5830 -0.2080 75 207 221
-0.0809 -0.5824 -0.2073 54 202 230
-0.0802 -0.5802 -0.2069 77 204 220
-0.0789 -0.5804 -0.2070 90 204 219
-0.0793 -0.5832 -0.2081 92 208 220
-0.0784 -0.5834 -0.2080 107 202 221
-0.0793 -0.5832 -0.2081 92 208 220
-0.0789 -0.5804 -0.2070 90 204 219
-0.0775 -0.5807 -0.2069 103 201 220
-0.0775 -0.5831 -0.2072 123 191 230
-0.0629 -0.5910 -0.2071 73 204 221
-0.0638 -0.5905 -0.2063 54 194 229
-0.0635 -0.5882 -0.2060 77 202 220
-0.0618 -0.5883 -0.2061 89 203 219
-0.0617 -0.5911 -0.2072 90 208 220
-0.0607 -0.5912 -0.2071 104 204 221
-0.0617 -0.5911 -0.2072 90 208 220
-0.0618 -0.5883 -0.2061 89 203 219
-0.0602 -0.5884 -0.2060 102 202 221
-0.0598 -0.5908 -0.2063 123 196 230
-0.0457 -0.5809 -0.2071 76 194 220
-0.0463 -0.5833 -0.2064 55 194 229
-0.0469 -0.5808 -0.2062 56 193 229
-0.0460 -0.5787 -0.2077 76 190 221
-0.0441 -0.5806 -0.2072 91 195 219
-0.0438 -0.5832 -0.2073 87 205 220
-0.0426 -0.5803 -0.2070 106 197 221
-0.0441 -0.5806 -0.2072 91 195 219
-0.0444 -0.5784 -0.2078 93 190 220
-0.0429 -0.5781 -0.2076 109 193 222
-0.0416 -0.5798 -0.2062 125 199 230
-0.0416 -0.5823 -0.2064 124 200 229
-0.0800 -0.5776 -0.2070 75 195 221
-0.0811 -0.5795 -0.2062 54 200 230
-0.0812 -0.5770 -0.2062 54 197 230
-0.0799 -0.5754 -0.2077 74 193 221
-0.0782 -0.5757 -0.2077 87 191 220
-0.0785 -0.5779 -0.2071 88 194 219
-0.0769 -0.5782 -0.2071 101 192 220
-0.0785 -0.5779 -0.2071 88 194 219
-0.0766 -0.5760 -0.2077 101 191 221
-0.0756 -0.5780 -0.2062 122 191 229
-0.0763 -0.5804 -0.2061 123 191 230
-0.0638 -0.5856 -0.2062 76 193 221
-0.0648 -0.5877 -0.2053 54 194 229
-0.0652 -0.5852 -0.2054 55 193 229
-0.0639 -0.5834 -0.2069 76 190 221
-0.0620 -0.5835 -0.2070 89 189 220
-0.0619 -0.5857 -0.2063 88 193 220
-0.0601 -0.5858 -0.2062 101 193 221
-0.0619 -0.5857 -0.2063 88 193 220
-0.0601 -0.5836 -0.2069 101 190 221
-0.0588 -0.5855 -0.2053 123 195 229
-0.0590 -0.5880 -0.2052 123 196 230
-0.0462 -0.5769 -0.2084 74 187 222
-0.0475 -0.5767 -0.2073 55 192 230
-0.0476 -0.5749 -0.2081 95 170 243
-0.0465 -0.5753 -0.2091 91 171 245
-0.0446 -0.5767 -0.2086 93 186 221
-0.0444 -0.5784 -0.2078 93 190 220
-0.0431 -0.5763 -0.2083 110 190 223
-0.0434 -0.5747 -0.2092 98 172 246
-0.0421 -0.5757 -0.2073 126 198 231
-0.0418 -0.5775 -0.2066 125 199 231
-0.0446 -0.5767 -0.2086 93 186 221
-0.0449 -0.5752 -0.2094 97 171 244
-0.0601 -0.5818 -0.2075 103 191 221
-0.0602 -0.5802 -0.2080 97 170 243
-0.0588 -0.5814 -0.2065 124 197 230
-0.0587 -0.5833 -0.2060 123 195 229
-0.0620 -0.5835 -0.2070 89 189 220
-0.0620 -0.5818 -0.2076 89 188 220
-0.0413 -0.5785 -0.2042 129 200 240
-0.0416 -0.5763 -0.2045 129 203 239
-0.0413 -0.5810 -0.2047 129 197 241
-0.0416 -0.5839 -0.2059 128 193 241
-0.0421 -0.5847 -0.2054 121 186 247
-0.0480 -0.5757 -0.2051 49 199 238
-0.0479 -0.5740 -0.2060 89 170 242
-0.0479 -0.5775 -0.2044 50 196 239
-0.0476 -0.5797 -0.2042 50 193 239
-0.0473 -0.5786 -0.2066 56 192 229
-0.0470 -0.5821 -0.2045 51 190 240
-0.0460 -0.5848 -0.2058 53 186 240
-0.0453 -0.5854 -0.2052 65 179 248
-0.0583 -0.5843 -0.2030 129 197 240
-0.0584 -0.5821 -0.2034 129 201 239
-0.0586 -0.5868 -0.2032 128 193 241
-0.0592 -0.5896 -0.2043 125 188 242
-0.0600 -0.5902 -0.2035 115 181 249
-0.0658 -0.5839 -0.2030 49 196 240
-0.0659 -0.5817 -0.2035 49 199 239
-0.0654 -0.5830 -0.2060 55 194 229
-0.0654 -0.5864 -0.2032 50 191 241
-0.0645 -0.5892 -0.2043 52 186 242
-0.0636 -0.5899 -0.2035 61 181 248
-0.0749 -0.5768 -0.2039 128 192 239
-0.0746 -0.5746 -0.2042 129 197 238
-0.0756 -0.5792 -0.2041 126 188 241
-0.0752 -0.5758 -0.2068 123 193 229
-0.0768 -0.5820 -0.2052 123 184 241
-0.0776 -0.5826 -0.2045 113 179 248
-0.0815 -0.5756 -0.2040 50 199 240
-0.0813 -0.5735 -0.2044 50 203 239
-0.0811 -0.5748 -0.2068 54 198 229
-0.0814 -0.5782 -0.2042 49 197 241
-0.0812 -0.5811 -0.2054 50 194 241
-0.0807 -0.5820 -0.2047 56 187 247
-0.0222 -0.5400 -0.2037 130 208 243
-0.0235 -0.5374 -0.2024 128 213 243
-0.0234 -0.5393 -0.2012 125 202 250
-0.0225 -0.5412 -0.2028 127 198 248
-0.0214 -0.5422 -0.2051 130 199 244
-0.0216 -0.5411 -0.2063 125 215 232
-0.0228 -0.5385 -0.2049 124 215 232
-0.0249 -0.5353 -0.2019 125 217 242
-0.0263 -0.5336 -0.2019 122 220 241
-0.0264 -0.5348 -0.1993 118 212 251
-0.0249 -0.5369 -0.1999 122 207 251
-0.0242 -0.5364 -0.2046 124 216 232
-0.0255 -0.5346 -0.2047 120 219 231
-0.0276 -0.5323 -0.2022 119 223 240
-0.0269 -0.5331 -0.2046 116 221 229
-0.0283 -0.5318 -0.2043 125 183 241
-0.0289 -0.5311 -0.2026 122 182 245
-0.0290 -0.5320 -0.2000 107 223 249
-0.0277 -0.5332 -0.1994 113 219 250
-0.0257 -0.5432 -0.2044 69 176 236
-0.0268 -0.5424 -0.2019 75 174 245
-0.0280 -0.5414 -0.2032 65 178 236
-0.0266 -0.5419 -0.2057 67 183 228
-0.0242 -0.5435 -0.2068 68 183 228
-0.0237 -0.5443 -0.2055 81 171 239
-0.0250 -0.5435 -0.2033 80 172 243
-0.0298 -0.5396 -0.2028 63 180 236
-0.0307 -0.5387 -0.2001 65 180 245
-0.0312 -0.5380 -0.2029 62 181 236
-0.0299 -0.5384 -0.2055 67 184 227
-0.0284 -0.5401 -0.2054 67 183 228
-0.0290 -0.5405 -0.2007 70 177 245
-0.0324 -0.5365 -0.2031 61 182 236
-0.0330 -0.5356 -0.2007 57 189 244
-0.0334 -0.5351 -0.2035 113 176 244
-0.0326 -0.5356 -0.2052 112 174 240
-0.0313 -0.5370 -0.2054 67 185 227
-0.0321 -0.5370 -0.2002 61 184 244
-0.0272 -0.5396 -0.2064 83 193 220
-0.0255 -0.5415 -0.2065 78 198 220
-0.0287 -0.5379 -0.2066 82 194 219
-0.0261 -0.5386 -0.2064 98 202 218
-0.0245 -0.5406 -0.2064 91 207 219
-0.0248 -0.5375 -0.2060 110 209 221
-0.0234 -0.5396 -0.2061 104 213 221
-0.0261 -0.5386 -0.2064 98 202 218
-0.0275 -0.5368 -0.2067 95 204 218
-0.0262 -0.5357 -0.2061 108 211 221
-0.0233 -0.5433 -0.2076 77 197 220
-0.0220 -0.5444 -0.2080 99 178 225
-0.0231 -0.5443 -0.2071 75 175 231
-0.0226 -0.5427 -0.2076 89 209 219
-0.0219 -0.5419 -0.2073 106 214 222
-0.0210 -0.5435 -0.2078 124 195 227
-0.0226 -0.5427 -0.2076 89 209 219
-0.0245 -0.5406 -0.2064 91 207 219
-0.0212 -0.5425 -0.2067 131 206 236
-0.0227 -0.5444 -0.2058 104 172 243
-0.0245 -0.5433 -0.2027 97 175 249
-0.0221 -0.5439 -0.2056 116 179 246
-0.0215 -0.5433 -0.2056 124 185 245
-0.0229 -0.5419 -0.2024 118 188 251
-0.0266 -0.5415 -0.2007 90 180 253
-0.0287 -0.5395 -0.1994 84 183 254
-0.0238 -0.5426 -0.2025 109 182 252
-0.0258 -0.5406 -0.2003 102 186 255
-0.0246 -0.5397 -0.2003 112 192 255
-0.0264 -0.5374 -0.1990 107 197 255
-0.0304 -0.5376 -0.1988 77 187 255
-0.0317 -0.5360 -0.1989 69 194 254
-0.0277 -0.5385 -0.1990 97 190 255
-0.0294 -0.5366 -0.1984 90 195 255
-0.0279 -0.5354 -0.1983 102 203 255
-0.0293 -0.5338 -0.1984 95 211 255
-0.0561 -0.4108 -0.1152 70 198 247
-0.0567 -0.4154 -0.1181 81 190 250
-0.0542 -0.4086 -0.1127 105 192 254
-0.0556 -0.4080 -0.1142 68 216 240
-0.0578 -0.4132 -0.1204 66 216 235
-0.0580 -0.4149 -0.1200 64 205 242
-0.0580 -0.4167 -0.1203 70 198 247
-0.0531 -0.4106 -0.1156 136 193 244
-0.0537 -0.4149 -0.1182 129 189 248
-0.0528 -0.4164 -0.1211 139 195 242
-0.0525 -0.4146 -0.1209 142 203 238
-0.0527 -0.4134 -0.1219 138 214 230
-0.0528 -0.4081 -0.1151 141 212 236
-0.0542 -0.4086 -0.1127 105 192 254
-0.0551 -0.4142 -0.1167 105 186 252
-0.0801 -0.4438 -0.1199 79 224 227
-0.0806 -0.4470 -0.1226 60 205 236
-0.0803 -0.4457 -0.1204 65 195 245
-0.0799 -0.4422 -0.1176 98 224 250
-0.0792 -0.4463 -0.1227 120 223 225
-0.0792 -0.4498 -0.1267 105 224 223
-0.0801 -0.4489 -0.1255 85 223 224
-0.0807 -0.4504 -0.1265 65 213 229
-0.0795 -0.4451 -0.1193 111 189 253
-0.0798 -0.4484 -0.1217 80 186 250
-0.0793 -0.4527 -0.1250 93 183 252
-0.0788 -0.4513 -0.1240 116 186 251
-0.0781 -0.4521 -0.1253 130 191 247
-0.0785 -0.4477 -0.1219 136 198 244
-0.0535 -0.4092 -0.1179 122 224 225
-0.0540 -0.4138 -0.1240 120 224 224
-0.0556 -0.4136 -0.1243 97 227 224
-0.0543 -0.4081 -0.1167 99 230 226
-0.0536 -0.4056 -0.1117 109 225 249
-0.0556 -0.4090 -0.1172 79 225 229
-0.0570 -0.4135 -0.1230 79 224 227
-0.0592 -0.1704 -0.0908 103 198 247
-0.0596 -0.1750 -0.0938 108 193 246
-0.0587 -0.1750 -0.0937 122 191 247
-0.0584 -0.1702 -0.0905 119 195 249
-0.0591 -0.1679 -0.0897 95 225 241
-0.0597 -0.1692 -0.0910 85 215 237
-0.0599 -0.1708 -0.0916 88 204 241
-0.0576 -0.1705 -0.0907 136 195 247
-0.0578 -0.1749 -0.0938 135 192 246
-0.0570 -0.1710 -0.0915 152 199 242
-0.0570 -0.1695 -0.0908 160 210 237
-0.0574 -0.1681 -0.0896 151 220 243
-0.0592 -0.1685 -0.0917 104 234 224
-0.0594 -0.1710 -0.0956 115 235 221
-0.0599 -0.1694 -0.0922 87 224 229
-0.0583 -0.1683 -0.0914 130 236 223
-0.0584 -0.1710 -0.0956 132 234 221
-0.0574 -0.1689 -0.0915 149 229 224
-0.0575 -0.1715 -0.0955 145 230 222
-0.0584 -0.1710 -0.0956 132 234 221
-0.0583 -0.1683 -0.0914 130 236 223
-0.0568 -0.1701 -0.0920 160 217 230
-0.0604 -0.1711 -0.0930 83 212 234
-0.0603 -0.1714 -0.0956 94 229 225
-0.0608 -0.1723 -0.0955 84 218 230
-0.0608 -0.1739 -0.0948 83 207 237
-0.0604 -0.1746 -0.0942 92 199 242
-0.0567 -0.1717 -0.0928 161 206 235
-0.0564 -0.1733 -0.0953 161 213 231
-0.0567 -0.1723 -0.0953 156 223 226
-0.0571 -0.1747 -0.0942 148 195 243
-0.0567 -0.1744 -0.0947 157 201 238
-0.0564 -0.1749 -0.0963 161 207 234
-0.0018 -0.6455 0.1325 124 194 241
-0.0018 -0.6454 0.1337 124 194 241
-0.0017 -0.6455 0.1314 123 193 241
-0.0019 -0.6444 0.1314 119 212 241
-0.0020 -0.6443 0.1325 120 210 240
-0.0155 -0.5019 0.1334 60 201 229
-0.0170 -0.4942 0.1367 56 200 238
-0.0177 -0.4735 0.1370 92 231 237
-0.0150 -0.4906 0.1328 98 209 218
-0.0139 -0.5097 0.1301 62 202 226
-0.0152 -0.5115 0.1319 58 202 230
-0.0160 -0.5132 0.1341 56 200 233
-0.0106 -0.4952 0.1139 131 208 246
-0.0103 -0.4864 0.1090 136 208 237
-0.0145 -0.4676 0.1089 95 232 236
-0.0112 -0.4921 0.0797 131 205 228
-0.0146 -0.4837 0.0759 93 203 217
-0.0158 -0.4687 0.0769 93 231 232
-0.0098 -0.5212 0.1535 133 207 238
-0.0135 -0.5069 0.1552 99 214 220
-0.0165 -0.4916 0.1625 90 230 243
-0.0061 -0.5355 0.1519 129 206 246
-0.0066 -0.5317 0.1504 131 207 241
-0.0186 -0.4452 0.1935 99 207 255
-0.0184 -0.4562 0.1904 138 201 241
-0.0185 -0.4440 0.1933 113 227 246
-0.0185 -0.4452 0.1922 133 209 226
-0.0191 -0.4444 0.1922 89 226 226
-0.0006 -0.6246 0.1261 111 196 225
-0.0008 -0.6207 0.1254 116 193 227
0.0001 -0.6228 0.1268 118 197 228
0.0005 -0.6277 0.1275 118 196 229
-0.0005 -0.6289 0.1265 109 195 224
-0.4724 -0.5406 0.2035 103 192 255
-0.4643 -0.5344 0.1993 98 219 253
-0.5122 -0.5409 0.2130 55 198 245
-0.4907 -0.5431 0.2074 91 171 245
-0.4365 -0.5397 0.1906 105 182 253
-0.4190 -0.5350 0.1855 107 190 255
-0.4387 -0.5351 0.1932 105 199 255
-0.4732 -0.5408 0.1980 82 178 226
-0.4953 -0.5382 0.2039 73 207 222
-0.4557 -0.5385 0.1887 79 186 222
-0.4523 -0.5426 0.1895 82 179 225
-0.4508 -0.5441 0.1918 95 170 239
-0.4605 -0.5441 0.1971 94 172 246
-0.3724 -0.5317 0.1658 107 180 251
-0.3118 -0.5225 0.1420 109 180 250
-0.3113 -0.5178 0.1451 110 190 255
-0.3726 -0.5279 0.1685 108 190 255
-0.3730 -0.5344 0.1622 101 171 242
-0.3133 -0.5254 0.1378 103 172 241
-0.3743 -0.5238 0.1699 107 203 255
-0.3125 -0.5131 0.1463 109 205 255
-0.3158 -0.5096 0.1457 101 223 251
-0.3812 -0.5209 0.1709 101 219 253
-0.4326 -0.5307 0.1898 101 217 254
-0.3821 -0.5267 0.1545 80 189 221
-0.3241 -0.5178 0.1287 82 192 220
-0.3767 -0.5310 0.1552 84 180 224
-0.3904 -0.5234 0.1569 77 204 220
-0.3293 -0.5137 0.1304 79 211 221
-0.3741 -0.5338 0.1583 91 173 230
-0.3149 -0.5248 0.1331 94 173 230
-0.3180 -0.5220 0.1295 87 180 223
-0.4027 -0.5220 0.1642 79 222 226
-0.3301 -0.5107 0.1342 83 226 229
-0.4084 -0.5214 0.1711 86 230 237
-0.3273 -0.5088 0.1387 88 230 236
-0.3969 -0.5206 0.1723 94 228 246
-0.3217 -0.5083 0.1429 93 230 242
-0.3273 -0.5088 0.1387 88 230 236
-0.4084 -0.5214 0.1711 86 230 237
-0.2978 -0.5073 0.1235 89 225 226
-0.2856 -0.5076 0.1224 93 224 225
-0.2866 -0.5105 0.1198 92 215 220
-0.3000 -0.5106 0.1209 85 213 220
-0.2937 -0.5051 0.1270 92 230 232
-0.0356 -0.3029 -0.1972 122 229 245
-0.0363 -0.3003 -0.2013 109 230 221
-0.0380 -0.3006 -0.2010 104 228 221
-0.0375 -0.3032 -0.1970 105 228 246
-0.0350 -0.3057 -0.1945 126 216 251
-0.0335 -0.3059 -0.1961 145 214 242
-0.0341 -0.3032 -0.1987 142 223 239
-0.0775 -0.3000 -0.1936 97 216 251
-0.0768 -0.2980 -0.1944 111 235 229
-0.0784 -0.2981 -0.1959 97 220 217
-0.0793 -0.3001 -0.1952 79 218 243
-0.0782 -0.3023 -0.1933 95 208 252
-0.0755 -0.3005 -0.1933 114 213 253
-0.0750 -0.2985 -0.1940 124 234 231
-0.0737 -0.3011 -0.1935 133 211 250
-0.0737 -0.2990 -0.1943 129 233 230
-0.0760 -0.3028 -0.1930 110 205 254
-0.0739 -0.3035 -0.1932 128 204 252
-0.0725 -0.3020 -0.1951 149 209 240
-0.0727 -0.2998 -0.1958 125 221 218
-0.0592 -0.3111 -0.1930 92 214 251
-0.0590 -0.3089 -0.1938 99 233 229
-0.0603 -0.3093 -0.1955 98 215 216
-0.0607 -0.3116 -0.1947 75 212 242
-0.0594 -0.3136 -0.1926 92 206 252
-0.0573 -0.3112 -0.1928 112 213 253
-0.0574 -0.3090 -0.1936 114 235 230
-0.0555 -0.3114 -0.1931 130 213 250
-0.0558 -0.3091 -0.1938 125 232 228
-0.0573 -0.3137 -0.1924 111 205 254
-0.0552 -0.3139 -0.1927 128 206 252
-0.0539 -0.3121 -0.1947 146 212 242
-0.0544 -0.3097 -0.1955 129 188 221
-0.0387 -0.3115 -0.1951 99 196 252
-0.0393 -0.3066 -0.1945 93 213 251
-0.0410 -0.3077 -0.1961 77 208 244
-0.0366 -0.3109 -0.1948 114 197 253
-0.0346 -0.3106 -0.1951 129 199 251
-0.0371 -0.3061 -0.1942 108 215 253
-0.0331 -0.3109 -0.1966 145 202 243
-0.0789 -0.3070 -0.1943 94 198 251
-0.0800 -0.3025 -0.1948 77 210 244
-0.0767 -0.3075 -0.1940 107 196 252
-0.0746 -0.3082 -0.1942 121 195 252
-0.0730 -0.3093 -0.1956 141 196 245
-0.0724 -0.3045 -0.1947 146 203 243
-0.0594 -0.3185 -0.1936 94 196 251
-0.0610 -0.3142 -0.1943 75 206 243
-0.0573 -0.3185 -0.1933 109 196 253
-0.0552 -0.3188 -0.1936 124 197 252
-0.0536 -0.3197 -0.1951 142 199 245
-0.0536 -0.3147 -0.1943 145 206 243
-0.0379 -0.3173 -0.1984 105 189 250
-0.0391 -0.3184 -0.1996 85 190 246
-0.0373 -0.3212 -0.2013 108 186 249
-0.0360 -0.3208 -0.2012 116 187 249
-0.0345 -0.3165 -0.1985 125 191 250
-0.0362 -0.3168 -0.1982 115 189 251
-0.0346 -0.3205 -0.2014 124 188 248
-0.0333 -0.3170 -0.1996 142 195 244
-0.0787 -0.3128 -0.1974 94 191 249
-0.0798 -0.3132 -0.1985 79 194 243
-0.0783 -0.3167 -0.2003 93 187 247
-0.0771 -0.3132 -0.1970 103 190 250
-0.0754 -0.3137 -0.1972 114 189 250
-0.0771 -0.3170 -0.2000 101 187 249
-0.0759 -0.3174 -0.2001 110 185 249
-0.0743 -0.3148 -0.1983 134 190 246
-0.0587 -0.3244 -0.1968 97 189 250
-0.0599 -0.3251 -0.1980 80 191 244
-0.0581 -0.3283 -0.1999 98 185 248
-0.0570 -0.3245 -0.1965 108 189 251
-0.0553 -0.3247 -0.1968 119 189 250
-0.0568 -0.3284 -0.1997 106 185 249
-0.0555 -0.3286 -0.1999 116 185 248
-0.0542 -0.3256 -0.1980 137 192 245
-0.0367 -0.3241 -0.2039 104 180 245
-0.0377 -0.3233 -0.2035 83 186 241
-0.0374 -0.3238 -0.2047 77 190 228
-0.0364 -0.3249 -0.2054 102 179 225
-0.0357 -0.3247 -0.2055 120 182 223
-0.0357 -0.3238 -0.2038 119 183 246
-0.0349 -0.3236 -0.2039 131 184 243
-0.0350 -0.3244 -0.2055 131 186 223
-0.0342 -0.3228 -0.2047 146 197 228
-0.0340 -0.3223 -0.2035 144 192 239
-0.0780 -0.3198 -0.2031 88 185 243
-0.0788 -0.3185 -0.2027 76 192 239
-0.0785 -0.3192 -0.2038 73 199 227
-0.0779 -0.3207 -0.2047 88 188 222
-0.0772 -0.3200 -0.2030 98 183 246
-0.0764 -0.3203 -0.2030 113 180 244
-0.0772 -0.3209 -0.2047 102 184 221
-0.0766 -0.3211 -0.2046 120 181 224
-0.0758 -0.3200 -0.2036 144 191 230
-0.0755 -0.3195 -0.2024 135 185 241
-0.0576 -0.3313 -0.2030 92 182 243
-0.0586 -0.3302 -0.2025 78 188 240
-0.0584 -0.3307 -0.2037 73 195 228
-0.0576 -0.3321 -0.2047 90 185 222
-0.0568 -0.3314 -0.2029 104 181 245
-0.0559 -0.3315 -0.2029 120 180 244
-0.0568 -0.3322 -0.2047 105 183 221
-0.0561 -0.3323 -0.2047 123 182 223
-0.0552 -0.3311 -0.2036 145 194 229
-0.0550 -0.3306 -0.2024 139 188 240
-0.0371 -0.3222 -0.2053 95 204 215
-0.0359 -0.3219 -0.2053 108 207 214
-0.0347 -0.3215 -0.2053 124 206 215
-0.0359 -0.3219 -0.2053 108 207 214
-0.0338 -0.3206 -0.2045 145 203 225
-0.0781 -0.3180 -0.2040 96 211 215
-0.0771 -0.3184 -0.2040 114 212 214
-0.0760 -0.3186 -0.2039 129 208 216
-0.0750 -0.3183 -0.2030 146 200 226
-0.0580 -0.3294 -0.2040 94 210 216
-0.0568 -0.3295 -0.2041 111 212 215
-0.0556 -0.3297 -0.2039 127 209 216
-0.0546 -0.3292 -0.2030 145 202 226
-0.0398 -0.3084 -0.2064 97 196 216
-0.0417 -0.3080 -0.2050 76 199 225
-0.0400 -0.3061 -0.2072 106 178 241
-0.0373 -0.3080 -0.2066 113 195 215
-0.0370 -0.3104 -0.2058 112 199 214
-0.0395 -0.3109 -0.2056 97 198 216
-0.0350 -0.3073 -0.2065 129 198 217
-0.0354 -0.3052 -0.2074 126 182 243
-0.0335 -0.3062 -0.2052 147 205 225
-0.0331 -0.3089 -0.2041 147 205 226
-0.0347 -0.3098 -0.2056 129 201 216
-0.0373 -0.3080 -0.2066 113 195 215
-0.0376 -0.3060 -0.2075 119 178 239
-0.0547 -0.3156 -0.2044 129 198 217
-0.0547 -0.3131 -0.2052 116 177 239
-0.0532 -0.3150 -0.2027 148 204 227
-0.0531 -0.3180 -0.2020 147 203 226
-0.0547 -0.3184 -0.2036 127 199 216
-0.0569 -0.3182 -0.2038 110 198 214
-0.0569 -0.3156 -0.2047 111 195 215
-0.0333 -0.3045 -0.2020 150 213 234
-0.0340 -0.3021 -0.2045 120 178 240
-0.0349 -0.3007 -0.2024 124 214 215
-0.0327 -0.3073 -0.2002 151 210 234
-0.0325 -0.3125 -0.2002 150 204 235
-0.0332 -0.3188 -0.2021 149 199 236
-0.0339 -0.3200 -0.2015 138 191 244
-0.0408 -0.3144 -0.2001 72 198 236
-0.0403 -0.3126 -0.1966 81 196 245
-0.0418 -0.3094 -0.2001 71 203 236
-0.0390 -0.3203 -0.2020 74 193 237
-0.0382 -0.3219 -0.2044 76 198 225
-0.0381 -0.3211 -0.2015 91 187 247
-0.0530 -0.3136 -0.1987 150 209 235
-0.0534 -0.3109 -0.1993 118 176 235
-0.0528 -0.3164 -0.1982 150 206 235
-0.0533 -0.3121 -0.2033 115 176 236
-0.0531 -0.3216 -0.1983 149 201 236
-0.0540 -0.3275 -0.2005 147 195 237
-0.0548 -0.3284 -0.2001 132 188 245
-0.0611 -0.3209 -0.1984 70 200 235
-0.0609 -0.3192 -0.1951 77 198 244
-0.0615 -0.3158 -0.1982 70 205 234
-0.0598 -0.3269 -0.2006 72 195 236
-0.0591 -0.3287 -0.2031 74 202 225
-0.0589 -0.3280 -0.2001 85 187 245
-0.0721 -0.3036 -0.1989 151 207 233
-0.0724 -0.3012 -0.1994 116 176 233
-0.0721 -0.3063 -0.1985 151 204 233
-0.0728 -0.3050 -0.2027 146 204 224
-0.0729 -0.3024 -0.2030 114 176 235
-0.0728 -0.3111 -0.1986 149 199 235
-0.0743 -0.3166 -0.2006 146 193 237
-0.0752 -0.3174 -0.2002 127 186 246
-0.0807 -0.3090 -0.1987 71 202 234
-0.0804 -0.3073 -0.1957 77 201 244
-0.0809 -0.3039 -0.1986 71 209 235
-0.0797 -0.3151 -0.2008 72 198 235
-0.0790 -0.3171 -0.2031 76 205 224
-0.0790 -0.3163 -0.2005 82 190 244
-0.0117 -0.2634 -0.2030 153 213 231
-0.0121 -0.2619 -0.1998 152 205 239
-0.0118 -0.2648 -0.2022 152 202 239
-0.0113 -0.2668 -0.2049 154 205 234
-0.0119 -0.2654 -0.2061 144 218 221
-0.0130 -0.2575 -0.1998 152 217 229
-0.0137 -0.2595 -0.2037 142 220 221
-0.0159 -0.2541 -0.2024 141 221 221
-0.0164 -0.2667 -0.2023 88 184 236
-0.0154 -0.2678 -0.2055 84 189 228
-0.0141 -0.2688 -0.2044 101 180 239
-0.0151 -0.2672 -0.2016 105 181 242
-0.0199 -0.2622 -0.1988 84 189 236
-0.0225 -0.2574 -0.1967 81 192 237
-0.0224 -0.2585 -0.2013 80 193 229
-0.0182 -0.2629 -0.2046 90 201 217
-0.0192 -0.2632 -0.2028 82 191 228
-0.0215 -0.2581 -0.2035 89 201 218
-0.0198 -0.2569 -0.2042 105 210 213
-0.0151 -0.2609 -0.2051 121 216 214
-0.0168 -0.2620 -0.2051 105 210 213
-0.0198 -0.2569 -0.2042 105 210 213
-0.0177 -0.2556 -0.2042 122 217 214
-0.0145 -0.2678 -0.2068 90 200 217
-0.0129 -0.2698 -0.2074 112 182 222
-0.0140 -0.2691 -0.2061 90 183 231
-0.0137 -0.2672 -0.2070 104 211 214
-0.0127 -0.2665 -0.2071 121 216 214
-0.0117 -0.2689 -0.2077 140 197 219
-0.0137 -0.2672 -0.2070 104 211 214
-0.0115 -0.2673 -0.2066 150 211 225
-0.0130 -0.2692 -0.2051 123 180 240
-0.0143 -0.2670 -0.2014 124 184 245
-0.0124 -0.2687 -0.2052 138 186 241
-0.0117 -0.2682 -0.2054 147 192 238
-0.0123 -0.2656 -0.2018 143 193 243
-0.0162 -0.2641 -0.1979 121 187 247
-0.0169 -0.2652 -0.1991 100 183 243
-0.0133 -0.2663 -0.2015 135 189 245
-0.0132 -0.2621 -0.1983 141 196 246
-0.0147 -0.2631 -0.1979 133 191 247
-0.0192 -0.2494 -0.1922 124 224 248
-0.0216 -0.2466 -0.1942 98 234 229
-0.0229 -0.2474 -0.1938 93 232 229
-0.0209 -0.2506 -0.1917 111 218 251
-0.0170 -0.2522 -0.1912 134 213 250
-0.0154 -0.2514 -0.1933 148 220 240
-0.0177 -0.2487 -0.1940 140 229 239
-0.0238 -0.1296 -0.0401 98 206 216
-0.0254 -0.1495 -0.0348 94 207 217
-0.0280 -0.1290 -0.0350 87 209 224
-0.0267 -0.1049 -0.0423 89 209 223
-0.0224 -0.1054 -0.0471 101 205 215
-0.0191 -0.1299 -0.0434 94 207 218
-0.0208 -0.1500 -0.0385 91 208 219
-0.0178 -0.1302 -0.0465 88 209 223
-0.0195 -0.1505 -0.0419 86 210 224
-0.0176 -0.1058 -0.0502 97 206 217
-0.0268 -0.1640 -0.0315 91 209 218
-0.0222 -0.1652 -0.0356 90 210 219
-0.0290 -0.1772 -0.0306 90 214 219
-0.0304 -0.1636 -0.0255 83 212 227
-0.0293 -0.1490 -0.0294 85 210 225
-0.0111 -0.1838 -0.0496 100 211 214
-0.0188 -0.1691 -0.0437 83 211 226
-0.0223 -0.1819 -0.0398 88 214 221
-0.0245 -0.1794 -0.0353 90 215 219
-0.0080 0.5118 -0.1783 143 227 207
-0.0082 0.4460 -0.1795 138 225 207
-0.0091 0.4468 -0.1779 141 225 206
-0.0088 0.5122 -0.1766 144 227 206
-0.0074 0.5643 -0.1758 153 230 202
-0.0106 0.5131 -0.1748 145 227 205
-0.0113 0.4479 -0.1761 143 225 204
-0.0134 0.4489 -0.1736 134 225 211
-0.0121 0.5143 -0.1724 139 227 211
-0.0091 0.5679 -0.1720 147 231 205
-0.0080 0.5656 -0.1740 146 231 207
-0.0092 0.3801 -0.1768 133 222 208
-0.0106 0.3133 -0.1703 128 220 210
-0.0116 0.3138 -0.1687 131 219 208
-0.0102 0.3809 -0.1753 137 222 206
-0.0126 0.1172 -0.1292 110 212 216
-0.0123 0.1777 -0.1467 115 215 214
-0.0118 0.1422 -0.1375 139 209 206
-0.0129 0.3818 -0.1734 139 222 205
-0.0145 0.3144 -0.1667 135 219 206
-0.0173 0.3150 -0.1639 124 220 213
-0.0153 0.3826 -0.1707 129 223 212
-0.0116 0.2445 -0.1602 122 217 212
-0.0125 0.2448 -0.1585 125 216 209
-0.0156 0.2452 -0.1565 130 216 207
-0.0163 0.1784 -0.1428 124 213 209
-0.0185 0.2458 -0.1536 119 218 214
-0.0131 0.1780 -0.1449 119 214 212
-0.0131 0.0604 -0.1098 104 211 218
-0.0134 0.1174 -0.1273 114 211 213
0.0177 -0.1836 -0.0432 132 213 212
-0.0166 0.1177 -0.1251 119 210 211
-0.0172 0.0610 -0.1054 114 208 212
-0.0197 0.1182 -0.1218 108 213 218
-0.0193 0.1788 -0.1397 113 215 216
-0.0139 0.0606 -0.1078 109 209 215
-0.0142 0.0050 -0.0901 99 210 220
-0.0154 -0.0432 -0.0727 95 209 221
-0.0150 0.0053 -0.0878 104 208 216
-0.0186 0.0056 -0.0853 109 206 213
-0.0201 -0.0426 -0.0677 106 205 214
-0.0219 0.0061 -0.0815 98 211 221
-0.0203 0.0615 -0.1019 103 212 219
-0.0162 -0.0430 -0.0704 100 207 217
-0.0158 -0.0787 -0.0611 93 208 221
-0.0163 -0.1061 -0.0530 91 208 222
-0.0168 -0.0784 -0.0585 98 206 217
-0.0212 -0.0781 -0.0557 103 205 214
-0.0253 -0.0775 -0.0512 92 209 222
-0.0237 -0.0421 -0.0636 95 210 222
-0.0275 -0.1278 -0.0267 86 214 234
-0.0285 -0.1481 -0.0206 85 213 235
-0.0242 -0.1263 -0.0182 92 217 240
-0.0231 -0.1008 -0.0260 95 218 240
-0.0264 -0.1039 -0.0343 88 214 233
-0.0294 -0.1646 -0.0157 84 214 235
-0.0325 -0.1767 -0.0239 83 215 228
-0.0320 -0.1793 -0.0133 84 217 235
-0.0259 -0.1655 -0.0056 88 216 240
-0.0250 -0.1469 -0.0116 90 216 240
-0.0165 -0.1636 0.0069 100 219 246
-0.0287 -0.1864 0.0012 88 220 240
-0.0123 0.5150 -0.1689 137 227 217
-0.0136 0.4498 -0.1698 132 226 219
-0.0130 0.4558 -0.1660 132 226 219
-0.0121 0.5196 -0.1652 137 227 215
-0.0103 0.5720 -0.1664 142 231 215
-0.0102 0.5703 -0.1696 143 231 210
-0.0156 0.3835 -0.1667 126 224 220
-0.0176 0.3158 -0.1598 121 222 222
-0.0168 0.3228 -0.1562 122 223 223
-0.0150 0.3890 -0.1630 127 224 220
-0.0189 0.2465 -0.1493 115 220 224
-0.0196 0.1795 -0.1352 110 219 226
-0.0183 0.1859 -0.1321 112 220 228
-0.0177 0.2532 -0.1461 118 222 229
-0.0198 0.1189 -0.1169 105 218 227
-0.0203 0.0622 -0.0964 101 217 229
-0.0185 0.0681 -0.0922 102 218 231
-0.0186 0.1242 -0.1135 107 219 230
-0.0218 0.0068 -0.0755 96 216 230
-0.0237 -0.0414 -0.0569 93 215 231
-0.0216 -0.0378 -0.0506 94 217 233
-0.0201 0.0122 -0.0713 99 218 233
-0.0252 -0.0767 -0.0438 90 214 232
-0.0231 -0.0735 -0.0376 92 216 236
-0.0734 -0.2376 -0.1394 77 204 233
-0.0730 -0.2453 -0.1385 76 206 234
-0.0722 -0.2439 -0.1332 76 206 235
-0.0729 -0.2357 -0.1331 78 204 236
-0.0741 -0.2338 -0.1403 78 200 234
-0.0729 -0.2399 -0.1449 77 202 230
-0.0410 -0.2413 -0.1418 156 205 230
-0.0412 -0.2394 -0.1346 156 203 235
-0.0418 -0.2474 -0.1349 156 208 234
-0.0410 -0.2494 -0.1417 155 208 232
-0.0426 -0.2433 -0.1479 152 206 223
-0.0426 -0.2394 -0.1488 152 199 225
-0.0405 -0.2376 -0.1413 155 201 231
-0.0648 -0.2470 -0.1519 106 197 214
-0.0682 -0.2453 -0.1512 91 195 219
-0.0653 -0.2455 -0.1531 102 182 224
-0.0614 -0.2464 -0.1532 108 183 222
-0.0608 -0.2479 -0.1522 107 198 214
-0.0644 -0.2520 -0.1518 107 207 213
-0.0677 -0.2517 -0.1507 93 206 216
-0.0657 -0.2447 -0.1564 101 180 231
-0.0691 -0.2429 -0.1565 93 183 232
-0.0659 -0.2447 -0.1603 100 180 233
-0.0622 -0.2458 -0.1598 111 178 234
-0.0619 -0.2458 -0.1561 110 178 230
-0.0686 -0.2437 -0.1530 91 185 227
-0.0564 -0.2481 -0.1535 109 198 214
-0.0569 -0.2465 -0.1545 113 183 221
-0.0521 -0.2455 -0.1553 129 187 219
-0.0515 -0.2474 -0.1540 125 200 214
-0.0555 -0.2531 -0.1534 109 206 213
-0.0576 -0.2457 -0.1574 120 178 229
-0.0581 -0.2455 -0.1609 124 178 232
-0.0529 -0.2443 -0.1582 133 182 227
-0.0720 -0.2403 -0.1548 86 188 233
-0.0713 -0.2411 -0.1511 83 191 230
-0.0744 -0.2367 -0.1524 82 193 235
-0.0758 -0.2357 -0.1572 81 195 235
-0.0725 -0.2404 -0.1592 90 186 236
-0.0710 -0.2427 -0.1488 81 198 225
-0.0708 -0.2495 -0.1475 82 205 222
-0.0728 -0.2468 -0.1432 77 206 229
-0.0735 -0.2371 -0.1474 80 196 233
-0.0480 -0.2414 -0.1565 143 188 225
-0.0438 -0.2377 -0.1534 150 194 226
-0.0472 -0.2431 -0.1534 143 195 220
-0.0487 -0.2409 -0.1603 140 183 233
-0.0440 -0.2361 -0.1574 151 192 231
-0.0465 -0.2456 -0.1521 140 204 217
-0.0418 -0.2512 -0.1472 151 208 224
-0.0457 -0.2529 -0.1513 138 206 216
-0.0709 -0.2948 -0.2058 144 208 221
-0.0718 -0.3016 -0.2072 141 201 220
-0.0730 -0.2985 -0.2088 142 203 221
-0.0728 -0.2928 -0.2074 149 209 226
-0.0706 -0.2863 -0.2044 140 209 219
-0.0682 -0.2879 -0.2013 150 206 226
-0.0690 -0.2970 -0.2027 150 204 227
-0.0687 -0.2997 -0.1972 151 200 234
-0.0700 -0.3051 -0.1986 131 180 234
-0.0690 -0.2970 -0.2027 150 204 227
-0.0677 -0.2910 -0.1960 152 204 234
-0.0689 -0.2939 -0.1900 144 200 245
-0.0702 -0.3016 -0.1922 141 196 245
-0.0838 -0.2969 -0.1978 72 203 236
-0.0829 -0.3021 -0.1990 86 183 234
-0.0823 -0.2992 -0.1928 77 201 243
-0.0819 -0.2920 -0.1908 78 205 244
-0.0839 -0.2890 -0.1968 73 207 238
-0.0840 -0.2945 -0.2032 73 204 228
-0.0827 -0.3020 -0.2049 80 190 228
-0.0823 -0.2929 -0.2061 81 207 221
-0.0808 -0.2997 -0.2075 84 202 219
-0.0844 -0.2861 -0.2020 73 207 230
-0.0829 -0.2849 -0.2048 83 209 220
-0.0804 -0.2917 -0.2076 79 206 222
-0.0793 -0.2975 -0.2090 85 202 219
-0.0520 -0.3052 -0.2067 145 207 223
-0.0526 -0.3116 -0.2077 141 201 221
-0.0538 -0.3090 -0.2094 141 201 221
-0.0534 -0.3037 -0.2083 149 207 228
-0.0520 -0.2975 -0.2057 143 208 221
-0.0504 -0.2988 -0.2027 151 206 229
-0.0505 -0.3071 -0.2035 150 205 229
-0.0505 -0.3099 -0.1978 150 204 236
-0.0509 -0.3149 -0.1986 131 180 234
-0.0510 -0.3144 -0.2049 141 188 228
-0.0505 -0.3071 -0.2035 150 205 229
-0.0505 -0.3019 -0.1973 151 206 236
-0.0519 -0.3050 -0.1911 145 203 244
-0.0518 -0.3124 -0.1925 145 202 244
-0.0638 -0.3093 -0.1982 71 203 235
-0.0633 -0.3140 -0.1990 90 180 234
-0.0625 -0.3119 -0.1929 76 200 243
-0.0628 -0.3050 -0.1914 77 202 244
-0.0643 -0.3017 -0.1975 72 204 235
-0.0639 -0.3064 -0.2037 72 204 229
-0.0630 -0.3134 -0.2052 79 189 228
-0.0626 -0.3046 -0.2068 77 206 224
-0.0616 -0.3108 -0.2079 80 200 221
-0.0639 -0.3064 -0.2037 72 204 229
-0.0643 -0.2985 -0.2028 73 204 229
-0.0630 -0.2973 -0.2057 80 207 221
-0.0613 -0.3033 -0.2084 74 206 227
-0.0607 -0.3085 -0.2095 81 200 221
-0.0331 -0.2986 -0.2071 146 209 223
-0.0334 -0.3050 -0.2084 140 203 220
-0.0345 -0.3028 -0.2095 139 204 219
-0.0343 -0.2974 -0.2083 149 209 226
-0.0337 -0.2909 -0.2058 144 211 222
-0.0323 -0.2922 -0.2030 151 210 230
-0.0317 -0.3002 -0.2043 150 209 229
-0.0312 -0.3028 -0.1987 151 208 235
-0.0311 -0.3071 -0.2008 130 180 231
-0.0317 -0.3002 -0.2043 150 209 229
-0.0321 -0.2953 -0.1975 151 209 235
-0.0331 -0.2987 -0.1910 145 207 244
-0.0320 -0.3053 -0.1933 147 201 242
-0.0317 -0.3081 -0.1960 135 182 232
-0.0458 -0.3045 -0.1981 74 197 237
-0.0443 -0.3090 -0.2004 98 177 234
-0.0426 -0.3096 -0.1958 99 177 234
-0.0435 -0.3066 -0.1929 82 192 244
-0.0445 -0.2997 -0.1903 82 200 246
-0.0474 -0.2967 -0.1967 73 201 238
-0.0468 -0.3020 -0.2037 73 199 230
-0.0456 -0.3000 -0.2067 79 203 222
-0.0435 -0.3064 -0.2081 84 198 220
-0.0468 -0.3020 -0.2037 73 199 230
-0.0486 -0.2936 -0.2023 73 202 230
-0.0472 -0.2921 -0.2054 82 205 220
-0.0442 -0.2983 -0.2082 77 204 223
-0.0427 -0.3038 -0.2094 86 199 219
-0.0685 -0.2546 -0.2021 152 205 225
-0.0691 -0.2601 -0.2023 149 206 222
-0.0711 -0.2594 -0.2046 145 204 220
-0.0696 -0.2538 -0.2044 153 202 228
-0.0682 -0.2496 -0.2020 154 207 228
-0.0673 -0.2520 -0.1975 155 209 231
-0.0673 -0.2563 -0.1980 155 206 230
-0.0674 -0.2592 -0.1910 155 205 234
-0.0676 -0.2632 -0.1923 154 206 234
-0.0676 -0.2613 -0.1987 154 207 229
-0.0673 -0.2563 -0.1980 155 206 230
-0.0673 -0.2558 -0.1903 155 208 235
-0.0685 -0.2592 -0.1836 152 203 240
-0.0687 -0.2619 -0.1845 151 201 240
-0.0834 -0.2583 -0.1925 76 203 236
-0.0829 -0.2631 -0.1935 75 203 237
-0.0810 -0.2606 -0.1858 80 202 242
-0.0814 -0.2570 -0.1852 81 204 243
-0.0838 -0.2540 -0.1919 76 205 236
-0.0838 -0.2560 -0.1993 77 206 227
-0.0835 -0.2615 -0.1998 76 206 228
-0.0814 -0.2544 -0.2028 87 207 218
-0.0813 -0.2603 -0.2031 88 209 218
-0.0842 -0.2510 -0.1988 77 206 227
-0.0818 -0.2490 -0.2026 86 206 219
-0.0787 -0.2536 -0.2046 84 204 221
-0.0777 -0.2596 -0.2048 95 209 215
-0.0534 -0.2604 -0.2034 150 209 224
-0.0530 -0.2693 -0.2041 146 210 221
-0.0554 -0.2691 -0.2062 138 210 217
-0.0549 -0.2594 -0.2054 153 207 227
-0.0537 -0.2525 -0.2028 153 207 226
-0.0526 -0.2555 -0.1985 155 208 230
-0.0520 -0.2620 -0.1993 154 210 230
-0.0520 -0.2641 -0.1920 154 210 235
-0.0512 -0.2701 -0.1934 154 209 235
-0.0520 -0.2620 -0.1993 154 210 230
-0.0525 -0.2593 -0.1911 155 208 234
-0.0536 -0.2627 -0.1841 152 206 240
-0.0532 -0.2660 -0.1849 151 208 241
-0.0525 -0.2704 -0.1855 150 208 241
-0.0663 -0.2629 -0.1913 75 204 235
-0.0661 -0.2692 -0.1930 74 205 236
-0.0644 -0.2656 -0.1844 79 200 241
-0.0650 -0.2623 -0.1834 79 200 240
-0.0667 -0.2580 -0.1903 75 203 234
-0.0668 -0.2602 -0.1987 75 206 230
-0.0666 -0.2684 -0.1999 75 206 230
-0.0655 -0.2587 -0.2028 79 207 224
-0.0651 -0.2680 -0.2037 81 207 222
-0.0668 -0.2602 -0.1987 75 206 230
-0.0672 -0.2534 -0.1976 76 204 229
-0.0661 -0.2504 -0.2021 79 204 225
-0.0639 -0.2579 -0.2049 78 206 225
-0.0390 -0.2526 -0.2037 152 211 225
-0.0380 -0.2623 -0.2044 148 211 222
-0.0399 -0.2627 -0.2064 138 211 217
-0.0403 -0.2518 -0.2056 154 210 227
-0.0404 -0.2438 -0.2032 154 215 228
-0.0391 -0.2462 -0.1992 154 217 232
-0.0377 -0.2537 -0.1997 154 212 229
-0.0372 -0.2554 -0.1925 155 212 234
-0.0362 -0.2630 -0.1939 154 211 233
-0.0366 -0.2626 -0.2008 153 212 229
-0.0377 -0.2537 -0.1997 154 212 229
-0.0385 -0.2491 -0.1920 153 217 235
-0.0389 -0.2524 -0.1851 150 216 241
-0.0379 -0.2574 -0.1856 151 211 240
-0.0518 -0.2615 -0.1918 76 202 235
-0.0511 -0.2664 -0.1932 75 201 236
-0.0490 -0.2668 -0.1855 81 201 243
-0.0498 -0.2628 -0.1849 82 198 242
-0.0505 -0.2599 -0.1842 80 198 241
-0.0523 -0.2577 -0.1911 75 204 235
-0.0524 -0.2595 -0.1991 75 204 230
-0.0514 -0.2574 -0.2033 79 205 224
-0.0504 -0.2654 -0.2039 80 205 223
-0.0524 -0.2595 -0.1991 75 204 230
-0.0529 -0.2542 -0.1984 75 206 231
-0.0521 -0.2504 -0.2028 78 205 226
-0.0501 -0.2556 -0.2054 77 203 227
-0.0483 -0.2652 -0.2062 88 207 218
-0.0425 -0.2383 -0.2034 153 219 234
-0.0415 -0.2424 -0.2053 155 214 232
-0.0434 -0.2358 -0.2053 153 219 235
-0.0441 -0.2350 -0.2038 155 212 228
-0.0428 -0.2396 -0.2001 155 215 232
-0.0412 -0.2419 -0.1994 150 222 235
-0.0404 -0.2457 -0.1922 149 224 236
-0.0391 -0.2462 -0.1992 154 217 232
-0.0412 -0.2419 -0.1994 150 222 235
-0.0417 -0.2438 -0.1931 155 213 233
-0.0413 -0.2473 -0.1836 148 190 236
-0.0406 -0.2495 -0.1849 151 215 240
-0.0524 -0.2549 -0.1907 75 207 235
-0.0511 -0.2573 -0.1837 81 192 236
-0.0523 -0.2540 -0.1905 115 183 244
-0.0528 -0.2510 -0.1980 76 211 233
-0.0529 -0.2542 -0.1984 75 206 231
-0.0525 -0.2461 -0.2027 78 202 227
-0.0528 -0.2510 -0.1980 76 211 233
-0.0525 -0.2500 -0.1978 122 237 234
-0.0528 -0.2449 -0.2028 113 194 215
-0.0535 -0.2361 -0.2066 108 211 213
-0.0523 -0.2422 -0.2055 77 201 230
-0.0513 -0.2474 -0.2052 76 203 230
-0.0533 -0.2472 -0.2027 153 203 226
-0.0546 -0.2508 -0.2052 155 205 230
-0.0540 -0.2442 -0.2055 155 206 228
-0.0526 -0.2515 -0.1980 155 206 230
-0.0525 -0.2557 -0.1906 155 205 233
-0.0526 -0.2555 -0.1985 155 208 230
-0.0526 -0.2515 -0.1980 155 206 230
-0.0525 -0.2560 -0.1822 121 180 241
-0.0535 -0.2591 -0.1837 152 201 239
-0.0674 -0.2543 -0.1899 76 200 232
-0.0659 -0.2586 -0.1831 80 196 238
-0.0676 -0.2557 -0.1819 112 179 240
-0.0679 -0.2525 -0.1898 119 184 245
-0.0678 -0.2492 -0.1971 77 201 229
-0.0672 -0.2534 -0.1976 76 204 229
-0.0674 -0.2450 -0.2018 82 198 224
-0.0678 -0.2492 -0.1971 77 201 229
-0.0682 -0.2477 -0.1970 121 216 213
-0.0684 -0.2431 -0.2019 130 191 217
-0.0667 -0.2424 -0.2047 81 199 224
-0.0649 -0.2490 -0.2045 78 202 227
-0.0684 -0.2451 -0.2019 156 208 230
-0.0690 -0.2483 -0.2046 156 205 231
-0.0688 -0.2427 -0.2049 156 208 233
-0.0687 -0.2368 -0.2058 127 206 213
-0.0678 -0.2489 -0.1972 154 214 234
-0.0677 -0.2533 -0.1899 154 213 236
-0.0673 -0.2520 -0.1975 155 209 231
-0.0678 -0.2489 -0.1972 154 214 234
-0.0685 -0.2568 -0.1833 152 197 236
-0.0840 -0.2505 -0.1917 76 207 237
-0.0816 -0.2537 -0.1853 81 207 243
-0.0812 -0.2504 -0.1851 82 209 243
-0.0837 -0.2470 -0.1909 78 209 238
-0.0846 -0.2472 -0.1981 77 207 228
-0.0826 -0.2445 -0.2023 83 207 221
-0.0845 -0.2433 -0.1967 76 210 231
-0.0830 -0.2397 -0.2009 79 211 225
-0.0802 -0.2428 -0.2049 81 206 223
-0.0793 -0.2479 -0.2047 80 203 224
-0.0439 -0.2330 -0.2042 131 198 215
-0.0459 -0.2296 -0.2057 134 209 214
-0.0449 -0.2285 -0.2059 122 200 213
-0.0425 -0.2311 -0.2044 132 199 215
-0.0414 -0.2359 -0.2016 115 192 215
-0.0427 -0.2377 -0.2008 141 194 219
-0.0415 -0.2422 -0.1948 125 183 222
-0.0428 -0.2396 -0.2001 155 215 232
-0.0427 -0.2377 -0.2008 141 194 219
-0.0403 -0.2415 -0.1963 102 185 222
-0.0381 -0.2453 -0.1916 97 182 228
-0.0393 -0.2454 -0.1885 107 179 227
-0.0812 -0.2201 -0.1745 79 207 236
-0.0797 -0.2259 -0.1700 79 204 236
-0.0797 -0.2193 -0.1649 78 206 234
-0.0804 -0.2142 -0.1702 79 210 234
-0.0821 -0.2176 -0.1796 78 212 232
-0.0824 -0.2234 -0.1807 78 208 234
-0.0816 -0.2267 -0.1777 79 204 236
-0.0347 -0.2845 -0.2056 146 210 222
-0.0333 -0.2852 -0.2029 151 211 229
-0.0355 -0.2903 -0.2072 137 213 218
-0.0361 -0.2844 -0.2071 150 209 226
-0.0359 -0.2782 -0.2055 146 211 222
-0.0344 -0.2783 -0.2029 151 211 227
-0.0370 -0.2709 -0.2051 147 212 222
-0.0355 -0.2708 -0.2020 152 211 228
-0.0371 -0.2782 -0.2071 152 211 229
-0.0382 -0.2710 -0.2068 151 212 227
-0.0330 -0.2870 -0.1981 152 210 234
-0.0335 -0.2883 -0.1933 151 209 238
-0.0323 -0.2922 -0.2030 151 210 230
-0.0333 -0.2852 -0.2029 151 211 229
-0.0340 -0.2785 -0.1986 153 211 233
-0.0343 -0.2789 -0.1938 153 209 236
-0.0351 -0.2706 -0.1965 153 211 233
-0.0353 -0.2711 -0.1909 153 210 235
-0.0355 -0.2708 -0.2020 152 211 228
-0.0486 -0.2880 -0.1973 74 203 238
-0.0495 -0.2861 -0.2022 73 203 230
-0.0486 -0.2936 -0.2023 73 202 230
-0.0467 -0.2893 -0.1924 76 202 241
-0.0481 -0.2800 -0.1930 75 202 239
-0.0496 -0.2795 -0.1977 74 203 237
-0.0504 -0.2724 -0.1958 75 202 236
-0.0508 -0.2725 -0.2013 74 204 230
-0.0489 -0.2728 -0.1902 76 200 238
-0.0516 -0.2659 -0.2001 75 204 230
-0.0481 -0.2853 -0.2051 81 204 221
-0.0463 -0.2850 -0.2068 78 200 224
-0.0447 -0.2910 -0.2070 89 207 217
-0.0495 -0.2861 -0.2022 73 203 230
-0.0501 -0.2792 -0.2022 74 204 230
-0.0487 -0.2790 -0.2050 80 204 222
-0.0472 -0.2790 -0.2068 74 203 229
-0.0495 -0.2724 -0.2046 79 205 223
-0.0480 -0.2725 -0.2064 76 206 226
-0.0508 -0.2725 -0.2013 74 204 230
-0.0521 -0.2913 -0.2054 143 207 221
-0.0504 -0.2919 -0.2025 151 207 228
-0.0541 -0.2968 -0.2073 139 211 219
-0.0538 -0.2912 -0.2070 149 205 225
-0.0523 -0.2851 -0.2053 144 208 221
-0.0505 -0.2852 -0.2024 151 208 227
-0.0526 -0.2777 -0.2048 145 209 221
-0.0508 -0.2777 -0.2015 152 209 228
-0.0544 -0.2778 -0.2066 150 209 225
-0.0504 -0.2937 -0.1977 152 206 235
-0.0513 -0.2949 -0.1927 150 206 239
-0.0504 -0.2988 -0.2027 151 206 229
-0.0504 -0.2919 -0.2025 151 207 228
-0.0504 -0.2854 -0.1976 153 207 235
-0.0513 -0.2858 -0.1927 152 206 238
-0.0507 -0.2774 -0.1958 153 208 234
-0.0516 -0.2777 -0.1900 152 206 237
-0.0508 -0.2777 -0.2015 152 209 228
-0.0513 -0.2697 -0.2004 153 210 229
-0.0650 -0.2937 -0.1978 72 204 235
-0.0650 -0.2918 -0.2026 74 204 228
-0.0643 -0.2985 -0.2028 73 204 229
-0.0640 -0.2951 -0.1927 74 203 239
-0.0646 -0.2860 -0.1926 74 204 238
-0.0656 -0.2854 -0.1976 73 204 235
-0.0659 -0.2770 -0.1956 74 205 235
-0.0661 -0.2769 -0.2013 74 206 229
-0.0647 -0.2777 -0.1898 75 204 238
-0.0635 -0.2911 -0.2054 80 205 222
-0.0620 -0.2910 -0.2070 76 202 225
-0.0611 -0.2967 -0.2073 85 209 219
-0.0650 -0.2918 -0.2026 74 204 228
-0.0656 -0.2849 -0.2023 74 205 228
-0.0640 -0.2848 -0.2051 80 205 222
-0.0625 -0.2848 -0.2069 74 205 228
-0.0646 -0.2769 -0.2046 80 207 222
-0.0629 -0.2771 -0.2064 76 207 226
-0.0661 -0.2769 -0.2013 74 206 229
-0.0628 -0.2682 -0.2059 90 208 217
-0.0703 -0.2788 -0.2038 141 207 219
-0.0679 -0.2799 -0.2009 150 206 225
-0.0736 -0.2851 -0.2061 138 211 218
-0.0725 -0.2784 -0.2055 147 204 222
-0.0700 -0.2722 -0.2035 143 207 219
-0.0678 -0.2729 -0.2006 150 207 225
-0.0696 -0.2660 -0.2029 147 207 221
-0.0677 -0.2668 -0.1997 152 208 227
-0.0720 -0.2718 -0.2053 151 205 226
-0.0713 -0.2656 -0.2048 151 206 225
-0.0676 -0.2613 -0.1987 154 207 229
-0.0672 -0.2818 -0.1961 153 206 233
-0.0679 -0.2833 -0.1912 151 205 239
-0.0682 -0.2879 -0.2013 150 206 226
-0.0679 -0.2799 -0.2009 150 206 225
-0.0672 -0.2736 -0.1961 154 207 233
-0.0678 -0.2746 -0.1912 153 206 237
-0.0674 -0.2677 -0.1944 154 207 234
-0.0681 -0.2691 -0.1890 153 206 237
-0.0677 -0.2668 -0.1997 152 208 227
-0.0833 -0.2812 -0.1969 75 209 238
-0.0840 -0.2790 -0.2016 74 209 230
-0.0816 -0.2830 -0.1919 76 209 241
-0.0809 -0.2755 -0.1918 76 207 240
-0.0826 -0.2741 -0.1968 75 207 238
-0.0826 -0.2682 -0.1953 75 204 237
-0.0833 -0.2670 -0.2006 75 207 228
-0.0833 -0.2727 -0.2013 74 209 229
-0.0807 -0.2698 -0.1897 77 203 240
-0.0825 -0.2780 -0.2042 82 210 221
-0.0806 -0.2777 -0.2058 79 208 223
-0.0806 -0.2841 -0.2063 88 210 218
-0.0817 -0.2719 -0.2039 83 210 220
-0.0814 -0.2661 -0.2035 85 209 219
-0.0791 -0.2657 -0.2051 83 213 221
-0.0799 -0.2715 -0.2055 78 211 225
-0.0814 -0.2324 -0.1817 78 202 236
-0.0789 -0.2383 -0.1775 79 200 237
-0.0795 -0.2324 -0.1736 79 202 237
-0.0829 -0.2265 -0.1848 77 208 233
-0.0829 -0.2319 -0.1896 77 208 233
-0.0814 -0.2376 -0.1856 78 204 238
-0.0825 -0.2426 -0.1888 79 208 239
-0.0799 -0.2471 -0.1837 81 207 243
-0.0787 -0.2432 -0.1811 79 203 240
-0.0837 -0.2378 -0.1937 77 210 234
-0.0821 -0.2205 -0.1859 79 214 229
-0.0804 -0.2148 -0.1865 80 216 228
-0.0801 -0.2209 -0.1940 80 214 228
-0.0820 -0.2265 -0.1922 79 213 229
-0.0826 -0.2333 -0.1974 78 214 228
-0.0805 -0.2279 -0.2000 79 214 227
-0.0804 -0.2359 -0.2051 84 212 221
-0.0344 -0.2956 -0.2093 151 209 231
-0.0345 -0.2998 -0.2103 143 205 221
-0.0350 -0.2973 -0.2105 136 209 218
-0.0348 -0.2941 -0.2099 143 215 222
-0.0356 -0.2914 -0.2083 142 222 225
-0.0442 -0.2965 -0.2092 73 204 228
-0.0440 -0.2920 -0.2082 83 219 222
-0.0441 -0.2950 -0.2099 81 210 221
-0.0432 -0.2982 -0.2105 87 205 218
-0.0432 -0.3008 -0.2103 82 200 221
-0.0532 -0.3022 -0.2093 151 206 236
-0.0533 -0.3063 -0.2103 146 201 224
-0.0534 -0.3039 -0.2105 143 207 221
-0.0531 -0.3008 -0.2099 147 213 226
-0.0542 -0.2979 -0.2084 145 220 228
-0.0614 -0.3017 -0.2094 71 206 232
-0.0607 -0.2977 -0.2084 81 220 225
-0.0614 -0.3004 -0.2100 78 212 223
-0.0609 -0.3034 -0.2106 83 207 219
-0.0611 -0.3058 -0.2104 78 201 223
-0.0802 -0.2902 -0.2086 73 205 229
-0.0802 -0.2855 -0.2075 80 215 223
-0.0802 -0.2889 -0.2092 81 210 221
-0.0794 -0.2923 -0.2100 86 207 218
-0.0794 -0.2949 -0.2098 82 202 220
-0.0728 -0.2909 -0.2085 152 208 234
-0.0727 -0.2955 -0.2098 147 204 224
-0.0729 -0.2928 -0.2099 145 209 222
-0.0728 -0.2894 -0.2091 148 214 226
-0.0739 -0.2862 -0.2073 145 220 226
-0.0789 -0.2659 -0.2063 77 215 229
-0.0773 -0.2616 -0.2060 89 218 219
-0.0774 -0.2630 -0.2068 89 217 219
-0.0788 -0.2663 -0.2073 84 215 221
-0.0800 -0.2715 -0.2067 74 211 234
-0.0804 -0.2774 -0.2070 74 206 230
-0.0801 -0.2717 -0.2077 80 211 223
-0.0803 -0.2773 -0.2079 82 205 221
-0.0798 -0.2807 -0.2077 86 203 218
-0.0800 -0.2820 -0.2071 84 202 220
-0.0713 -0.2660 -0.2062 154 207 234
-0.0718 -0.2720 -0.2066 153 203 237
-0.0712 -0.2664 -0.2072 149 208 223
-0.0716 -0.2629 -0.2067 146 212 221
-0.0715 -0.2614 -0.2058 148 213 223
-0.0727 -0.2781 -0.2068 152 200 232
-0.0739 -0.2826 -0.2070 141 198 220
-0.0738 -0.2812 -0.2076 142 199 220
-0.0726 -0.2780 -0.2077 147 200 223
-0.0715 -0.2723 -0.2076 150 204 225
-0.0544 -0.2784 -0.2079 153 211 232
-0.0540 -0.2852 -0.2070 151 208 228
-0.0537 -0.2854 -0.2082 152 208 238
-0.0543 -0.2789 -0.2088 146 212 222
-0.0555 -0.2744 -0.2083 141 214 219
-0.0556 -0.2725 -0.2076 140 215 219
-0.0538 -0.2910 -0.2083 152 203 233
-0.0545 -0.2948 -0.2082 142 198 221
-0.0545 -0.2936 -0.2089 140 199 220
-0.0537 -0.2908 -0.2091 146 202 223
-0.0629 -0.2776 -0.2077 73 208 231
-0.0623 -0.2717 -0.2073 87 213 219
-0.0621 -0.2738 -0.2082 87 212 219
-0.0629 -0.2781 -0.2086 81 209 221
-0.0628 -0.2848 -0.2081 74 204 237
-0.0621 -0.2907 -0.2082 73 200 232
-0.0620 -0.2905 -0.2091 81 200 222
-0.0609 -0.2934 -0.2089 86 197 219
-0.0608 -0.2947 -0.2082 84 197 220
-0.0381 -0.2715 -0.2081 152 214 230
-0.0367 -0.2781 -0.2084 152 211 236
-0.0382 -0.2720 -0.2091 142 214 220
-0.0397 -0.2682 -0.2086 135 216 217
-0.0399 -0.2663 -0.2078 134 217 217
-0.0361 -0.2840 -0.2084 152 207 231
-0.0364 -0.2882 -0.2082 139 201 219
-0.0368 -0.2869 -0.2089 136 201 217
-0.0363 -0.2837 -0.2093 142 205 220
-0.0481 -0.2730 -0.2077 74 207 232
-0.0476 -0.2680 -0.2075 84 212 220
-0.0473 -0.2695 -0.2083 87 211 218
-0.0479 -0.2734 -0.2086 82 208 221
-0.0476 -0.2791 -0.2079 74 202 237
-0.0463 -0.2847 -0.2080 75 197 231
-0.0477 -0.2793 -0.2089 79 203 223
-0.0463 -0.2846 -0.2089 83 198 221
-0.0447 -0.2875 -0.2087 89 196 219
-0.0445 -0.2887 -0.2080 87 195 220
-0.0432 -0.2355 -0.2068 152 221 230
-0.0412 -0.2421 -0.2066 155 214 232
-0.0433 -0.2366 -0.2078 144 215 218
-0.0452 -0.2337 -0.2080 139 218 217
-0.0456 -0.2319 -0.2072 142 222 220
-0.0527 -0.2412 -0.2070 77 204 231
-0.0527 -0.2374 -0.2076 86 209 220
-0.0523 -0.2382 -0.2081 90 207 217
-0.0525 -0.2412 -0.2079 85 205 220
-0.0517 -0.2468 -0.2066 77 202 234
-0.0403 -0.2512 -0.2068 154 209 228
-0.0406 -0.2591 -0.2070 137 206 216
-0.0411 -0.2569 -0.2075 137 206 216
-0.0407 -0.2512 -0.2075 142 207 218
-0.0413 -0.2428 -0.2075 146 211 219
-0.0503 -0.2548 -0.2066 76 201 230
-0.0501 -0.2543 -0.2074 86 202 219
-0.0484 -0.2616 -0.2069 93 201 216
-0.0540 -0.2439 -0.2070 154 209 227
-0.0544 -0.2508 -0.2065 155 206 233
-0.0545 -0.2445 -0.2077 141 207 217
-0.0552 -0.2406 -0.2080 134 209 214
-0.0546 -0.2390 -0.2075 140 210 216
-0.0664 -0.2420 -0.2062 81 203 223
-0.0668 -0.2375 -0.2067 98 207 214
-0.0656 -0.2391 -0.2073 98 207 214
-0.0656 -0.2426 -0.2071 93 204 216
-0.0649 -0.2489 -0.2059 77 202 229
-0.0549 -0.2590 -0.2066 154 205 231
-0.0557 -0.2656 -0.2069 138 203 217
-0.0558 -0.2635 -0.2074 140 204 217
-0.0550 -0.2588 -0.2074 146 204 220
-0.0545 -0.2513 -0.2073 147 206 220
-0.0637 -0.2574 -0.2061 77 203 227
-0.0646 -0.2494 -0.2068 86 204 219
-0.0635 -0.2573 -0.2069 86 204 219
-0.0624 -0.2624 -0.2071 90 204 217
-0.0625 -0.2645 -0.2066 90 203 217
-0.0797 -0.2426 -0.2067 79 208 225
-0.0792 -0.2387 -0.2072 88 213 219
-0.0784 -0.2399 -0.2080 94 211 216
-0.0792 -0.2429 -0.2080 88 208 218
-0.0793 -0.2477 -0.2063 76 204 232
-0.0683 -0.2424 -0.2068 156 210 234
-0.0686 -0.2482 -0.2063 155 204 234
-0.0684 -0.2428 -0.2080 149 208 221
-0.0691 -0.2394 -0.2081 146 212 219
-0.0691 -0.2379 -0.2073 149 218 223
-0.0784 -0.2532 -0.2061 77 200 230
-0.0794 -0.2479 -0.2075 82 204 222
-0.0783 -0.2532 -0.2072 84 199 221
-0.0771 -0.2564 -0.2068 88 198 219
-0.0771 -0.2576 -0.2060 87 197 220
-0.0695 -0.2535 -0.2060 154 200 232
-0.0709 -0.2575 -0.2059 148 194 225
-0.0707 -0.2564 -0.2067 145 196 221
-0.0696 -0.2535 -0.2071 147 199 222
-0.0687 -0.2484 -0.2075 149 203 221
-0.0536 -0.2183 -0.2027 82 213 224
-0.0544 -0.2215 -0.2024 118 218 213
-0.0552 -0.2130 -0.1964 119 230 218
-0.0541 -0.2113 -0.1967 85 220 224
-0.0526 -0.2136 -0.2033 87 220 222
-0.0522 -0.2184 -0.2061 84 213 221
-0.0527 -0.2243 -0.2067 85 210 220
-0.0549 -0.2070 -0.1893 89 226 226
-0.0561 -0.2080 -0.1886 118 236 225
-0.0549 -0.2049 -0.1831 100 234 230
-0.0537 -0.2045 -0.1857 98 233 228
-0.0535 -0.2055 -0.1903 97 232 226
-0.0529 -0.2088 -0.1972 92 227 223
-0.0457 -0.2241 -0.2066 114 204 212
-0.0468 -0.2230 -0.2066 124 209 212
-0.0465 -0.2168 -0.2063 118 218 213
-0.0449 -0.2218 -0.2069 116 207 212
-0.0435 -0.2267 -0.2062 127 202 213
-0.0556 -0.2183 -0.2029 152 217 223
-0.0563 -0.2246 -0.2069 142 213 217
-0.0583 -0.2187 -0.2066 142 216 217
-0.0580 -0.2137 -0.2036 142 224 220
-0.0564 -0.2113 -0.1969 150 224 225
-0.0573 -0.2070 -0.1894 145 230 228
-0.0586 -0.2088 -0.1975 139 231 223
-0.0594 -0.2055 -0.1904 135 235 227
-0.0606 -0.2043 -0.1857 133 236 228
-0.0591 -0.2046 -0.1831 137 235 229
-0.0788 -0.2205 -0.2020 81 215 226
-0.0786 -0.2146 -0.1956 81 216 227
-0.0763 -0.2142 -0.2032 91 223 221
-0.0759 -0.2190 -0.2063 91 216 218
-0.0780 -0.2252 -0.2064 88 212 219
-0.0788 -0.2098 -0.1881 82 219 228
-0.0783 -0.2063 -0.1819 87 226 229
-0.0763 -0.2051 -0.1849 95 232 228
-0.0766 -0.2064 -0.1897 94 230 227
-0.0764 -0.2097 -0.1968 92 227 224
-0.0342 -0.3065 -0.1912 130 193 249
-0.0337 -0.3089 -0.1941 125 178 236
-0.0354 -0.3014 -0.1892 128 202 251
-0.0372 -0.3070 -0.1908 115 189 250
-0.0366 -0.3094 -0.1937 116 176 234
-0.0405 -0.3072 -0.1909 100 188 249
-0.0398 -0.3097 -0.1939 109 176 235
-0.0382 -0.3018 -0.1889 115 199 253
-0.0411 -0.3020 -0.1889 101 198 252
-0.0401 -0.2597 -0.1826 138 206 249
-0.0396 -0.2639 -0.1831 134 206 250
-0.0369 -0.2640 -0.1860 151 210 241
-0.0411 -0.2559 -0.1817 140 208 248
-0.0442 -0.2588 -0.1807 125 198 251
-0.0432 -0.2617 -0.1820 121 200 252
-0.0467 -0.2628 -0.1822 102 196 250
-0.0459 -0.2656 -0.1829 101 202 251
-0.0426 -0.2650 -0.1828 117 204 253
-0.0476 -0.2602 -0.1812 102 193 249
-0.0427 -0.2533 -0.1808 142 209 248
-0.0444 -0.2517 -0.1791 146 198 243
-0.0458 -0.2564 -0.1794 127 196 250
-0.0487 -0.2578 -0.1802 101 190 248
-0.0500 -0.2556 -0.1788 105 185 245
-0.0496 -0.2423 -0.1637 128 182 241
-0.0504 -0.2449 -0.1670 115 185 246
-0.0464 -0.2435 -0.1657 134 189 245
-0.0457 -0.2395 -0.1620 142 188 240
-0.0536 -0.2439 -0.1618 132 180 232
-0.0541 -0.2442 -0.1648 128 180 238
-0.0409 -0.3085 -0.2088 100 191 217
-0.0412 -0.3099 -0.2076 108 176 233
-0.0406 -0.3055 -0.2101 101 196 215
-0.0381 -0.3082 -0.2089 113 190 217
-0.0379 -0.3096 -0.2078 117 177 237
-0.0353 -0.3077 -0.2089 125 193 217
-0.0347 -0.3088 -0.2079 129 179 235
-0.0383 -0.3054 -0.2102 112 196 215
-0.0360 -0.3050 -0.2101 123 198 215
-0.0450 -0.2464 -0.1702 144 192 242
-0.0456 -0.2494 -0.1726 145 190 241
-0.0434 -0.2470 -0.1745 147 192 239
-0.0422 -0.2444 -0.1731 145 191 241
-0.0440 -0.2424 -0.1684 146 194 242
-0.0479 -0.2483 -0.1689 122 188 247
-0.0511 -0.2484 -0.1706 103 187 246
-0.0514 -0.2516 -0.1739 99 185 244
-0.0485 -0.2517 -0.1716 119 184 245
-0.0544 -0.2456 -0.1680 124 182 242
-0.0546 -0.2482 -0.1721 120 184 245
-0.0454 -0.2507 -0.1760 146 191 239
-0.0423 -0.2472 -0.1776 144 188 239
-0.0483 -0.2534 -0.1747 124 182 242
-0.0473 -0.2545 -0.1776 129 187 245
-0.0510 -0.2538 -0.1767 104 183 243
-0.0544 -0.2513 -0.1761 119 185 246
-0.0537 -0.2538 -0.1787 120 185 246
-0.0375 -0.2899 -0.2081 119 235 230
-0.0377 -0.2901 -0.2077 134 223 220
-0.0373 -0.2906 -0.2092 123 226 219
-0.0398 -0.2906 -0.2093 110 225 218
-0.0399 -0.2899 -0.2082 109 236 233
-0.0423 -0.2903 -0.2081 96 233 232
-0.0423 -0.2904 -0.2076 85 206 219
-0.0399 -0.2902 -0.2077 114 192 251
-0.0423 -0.2910 -0.2092 98 224 219
-0.0412 -0.3021 -0.2109 102 200 215
-0.0419 -0.2983 -0.2111 103 207 214
-0.0391 -0.2979 -0.2112 111 208 214
-0.0387 -0.3018 -0.2111 112 202 214
-0.0362 -0.3015 -0.2109 122 202 215
-0.0363 -0.2976 -0.2110 120 208 214
-0.0423 -0.2941 -0.2103 103 214 215
-0.0436 -0.2924 -0.2091 87 218 220
-0.0395 -0.2937 -0.2105 111 214 214
-0.0368 -0.2936 -0.2103 119 215 215
-0.0358 -0.2917 -0.2091 135 222 221
-0.0419 -0.2648 -0.2078 118 220 215
-0.0420 -0.2636 -0.2071 119 213 213
-0.0414 -0.2673 -0.2089 121 216 214
-0.0439 -0.2653 -0.2079 109 221 215
-0.0440 -0.2642 -0.2072 112 212 213
-0.0460 -0.2659 -0.2077 101 219 216
-0.0461 -0.2649 -0.2070 103 212 214
-0.0437 -0.2676 -0.2090 111 215 214
-0.0460 -0.2681 -0.2087 100 215 215
-0.0424 -0.2901 -0.2082 108 186 219
-0.0430 -0.2883 -0.2092 103 195 215
-0.0405 -0.2883 -0.2094 113 196 215
-0.0401 -0.2900 -0.2084 114 184 220
-0.0379 -0.2898 -0.2083 125 187 219
-0.0381 -0.2880 -0.2093 122 197 215
-0.0442 -0.2845 -0.2097 103 202 214
-0.0455 -0.2792 -0.2097 103 206 214
-0.0422 -0.2790 -0.2102 111 207 213
-0.0413 -0.2844 -0.2101 112 203 213
-0.0383 -0.2840 -0.2099 120 204 214
-0.0389 -0.2785 -0.2101 120 208 213
-0.0460 -0.2732 -0.2094 103 209 214
-0.0430 -0.2728 -0.2098 111 210 213
-0.0401 -0.2724 -0.2097 119 211 213
-0.0463 -0.2636 -0.2073 107 201 214
-0.0469 -0.2604 -0.2078 106 202 213
-0.0442 -0.2630 -0.2075 116 201 213
-0.0421 -0.2623 -0.2074 125 203 214
-0.0446 -0.2599 -0.2081 116 204 213
-0.0423 -0.2591 -0.2079 126 204 214
-0.0476 -0.2315 -0.2077 123 221 214
-0.0479 -0.2290 -0.2068 132 211 214
-0.0468 -0.2335 -0.2087 125 217 214
-0.0495 -0.2330 -0.2081 108 218 214
-0.0496 -0.2305 -0.2073 119 212 212
-0.0514 -0.2348 -0.2080 96 215 216
-0.0514 -0.2323 -0.2074 104 211 213
-0.0490 -0.2348 -0.2091 112 214 213
-0.0512 -0.2364 -0.2088 100 212 214
-0.0506 -0.2404 -0.2087 107 205 213
-0.0496 -0.2464 -0.2083 107 205 213
-0.0478 -0.2391 -0.2091 117 207 212
-0.0465 -0.2455 -0.2087 117 206 212
-0.0451 -0.2378 -0.2087 127 209 213
-0.0434 -0.2441 -0.2083 126 207 213
-0.0482 -0.2539 -0.2081 107 205 213
-0.0486 -0.2592 -0.2074 96 202 215
-0.0517 -0.2469 -0.2075 83 202 221
-0.0454 -0.2532 -0.2084 116 206 213
-0.0426 -0.2521 -0.2081 124 207 213
-0.0512 -0.2255 -0.2079 108 208 213
-0.0511 -0.2176 -0.2073 106 217 214
-0.0495 -0.2243 -0.2076 128 209 213
-0.0481 -0.2233 -0.2070 131 209 213
-0.0494 -0.2172 -0.2069 126 218 213
-0.0480 -0.2167 -0.2063 124 220 214
-0.0482 -0.2060 -0.1798 128 234 240
-0.0477 -0.2084 -0.1761 135 235 237
-0.0455 -0.2070 -0.1799 137 232 240
-0.0460 -0.2047 -0.1843 133 236 235
-0.0482 -0.2042 -0.1841 127 238 234
-0.0507 -0.2053 -0.1804 126 235 240
-0.0505 -0.2072 -0.1769 131 236 236
-0.0532 -0.2047 -0.1808 118 237 237
-0.0535 -0.2060 -0.1776 129 237 234
-0.0503 -0.2040 -0.1843 123 238 233
-0.0524 -0.2038 -0.1846 114 238 231
-0.0570 -0.2053 -0.1795 127 238 230
-0.0510 -0.2119 -0.2033 109 229 218
-0.0511 -0.2079 -0.1973 112 234 222
-0.0492 -0.2118 -0.2029 123 230 218
-0.0476 -0.2116 -0.2024 124 230 218
-0.0492 -0.2079 -0.1970 121 235 222
-0.0474 -0.2078 -0.1966 122 235 222
-0.0462 -0.2115 -0.2020 121 231 219
-0.0516 -0.2050 -0.1906 114 237 225
-0.0497 -0.2050 -0.1904 121 237 226
-0.0478 -0.2051 -0.1901 123 237 227
-0.0459 -0.2053 -0.1901 126 237 227
-0.0457 -0.2078 -0.1963 123 235 223
-0.0736 -0.3017 -0.1905 119 195 252
-0.0741 -0.3054 -0.1921 107 177 238
-0.0731 -0.2958 -0.1888 119 197 252
-0.0774 -0.3009 -0.1905 106 196 252
-0.0773 -0.3046 -0.1921 103 177 235
-0.0802 -0.3003 -0.1908 92 197 250
-0.0799 -0.3040 -0.1923 98 178 238
-0.0769 -0.2952 -0.1889 107 197 252
-0.0798 -0.2946 -0.1892 93 200 251
-0.0818 -0.3033 -0.1942 91 180 234
-0.0709 -0.2628 -0.1818 133 196 249
-0.0713 -0.2654 -0.1827 132 203 251
-0.0708 -0.2603 -0.1806 133 198 249
-0.0739 -0.2626 -0.1816 110 196 251
-0.0740 -0.2653 -0.1825 111 202 252
-0.0776 -0.2619 -0.1825 93 199 249
-0.0771 -0.2649 -0.1832 95 203 250
-0.0740 -0.2599 -0.1804 109 198 251
-0.0778 -0.2589 -0.1816 92 201 249
-0.0803 -0.2650 -0.1862 80 202 243
-0.0708 -0.2579 -0.1801 132 199 250
-0.0707 -0.2558 -0.1794 126 190 248
-0.0741 -0.2574 -0.1798 107 199 252
-0.0780 -0.2560 -0.1814 90 205 248
-0.0740 -0.2553 -0.1789 102 193 249
-0.0777 -0.2534 -0.1810 88 205 247
-0.0724 -0.2419 -0.1633 98 183 240
-0.0717 -0.2445 -0.1674 111 183 244
-0.0691 -0.2433 -0.1645 102 181 238
-0.0693 -0.2427 -0.1608 97 181 234
-0.0753 -0.2391 -0.1628 83 193 238
-0.0747 -0.2431 -0.1670 89 190 241
-0.0777 -0.2330 -0.1655 78 201 236
-0.0772 -0.2384 -0.1696 79 199 237
-0.0781 -0.2282 -0.1614 78 202 234
-0.0788 -0.3025 -0.2080 95 193 217
-0.0798 -0.3040 -0.2065 91 181 230
-0.0777 -0.2998 -0.2095 98 197 215
-0.0764 -0.3033 -0.2081 107 190 217
-0.0768 -0.3051 -0.2066 102 177 230
-0.0739 -0.3037 -0.2079 123 191 217
-0.0735 -0.3056 -0.2064 116 177 228
-0.0743 -0.3003 -0.2095 125 197 216
-0.0708 -0.2482 -0.1716 121 186 246
-0.0701 -0.2517 -0.1752 126 186 245
-0.0677 -0.2479 -0.1724 110 184 245
-0.0685 -0.2449 -0.1682 107 182 242
-0.0736 -0.2477 -0.1710 96 188 244
-0.0728 -0.2517 -0.1744 102 187 245
-0.0763 -0.2439 -0.1735 80 197 238
-0.0758 -0.2484 -0.1769 82 198 241
-0.0703 -0.2540 -0.1778 123 186 246
-0.0672 -0.2537 -0.1787 110 185 246
-0.0672 -0.2512 -0.1762 110 185 246
-0.0733 -0.2538 -0.1771 101 188 246
-0.0766 -0.2512 -0.1794 85 200 245
-0.0754 -0.2843 -0.2071 126 234 231
-0.0755 -0.2845 -0.2066 129 218 217
-0.0750 -0.2851 -0.2082 131 225 221
-0.0770 -0.2847 -0.2083 116 225 218
-0.0772 -0.2839 -0.2072 118 236 232
-0.0772 -0.2842 -0.2068 110 192 251
-0.0790 -0.2839 -0.2072 105 235 228
-0.0789 -0.2840 -0.2067 101 218 216
-0.0789 -0.2848 -0.2083 101 224 218
-0.0778 -0.2965 -0.2104 99 201 215
-0.0783 -0.2927 -0.2105 102 208 214
-0.0760 -0.2928 -0.2106 113 209 213
-0.0759 -0.2967 -0.2105 112 202 214
-0.0740 -0.2969 -0.2104 126 201 215
-0.0760 -0.3001 -0.2096 110 196 215
-0.0737 -0.2930 -0.2104 125 209 214
-0.0787 -0.2883 -0.2096 105 214 214
-0.0799 -0.2860 -0.2083 87 217 219
-0.0765 -0.2882 -0.2096 114 215 214
-0.0743 -0.2886 -0.2095 123 216 215
-0.0738 -0.2866 -0.2082 143 220 224
-0.0726 -0.2598 -0.2059 126 224 217
-0.0726 -0.2593 -0.2053 127 201 214
-0.0725 -0.2618 -0.2070 129 217 215
-0.0741 -0.2598 -0.2061 115 227 218
-0.0742 -0.2594 -0.2055 116 202 213
-0.0757 -0.2600 -0.2060 105 224 217
-0.0757 -0.2595 -0.2054 101 207 214
-0.0743 -0.2617 -0.2071 115 218 214
-0.0761 -0.2619 -0.2071 103 219 215
-0.0788 -0.2837 -0.2073 103 188 218
-0.0787 -0.2819 -0.2081 101 199 215
-0.0768 -0.2822 -0.2082 113 198 214
-0.0771 -0.2840 -0.2073 110 185 219
-0.0754 -0.2841 -0.2072 119 188 218
-0.0750 -0.2823 -0.2080 126 197 215
-0.0787 -0.2776 -0.2085 104 206 214
-0.0784 -0.2720 -0.2084 104 209 214
-0.0758 -0.2722 -0.2087 114 208 213
-0.0764 -0.2779 -0.2087 114 205 213
-0.0741 -0.2780 -0.2084 124 204 214
-0.0732 -0.2723 -0.2083 125 207 214
-0.0772 -0.2663 -0.2079 105 212 214
-0.0749 -0.2663 -0.2081 115 211 213
-0.0727 -0.2664 -0.2078 125 210 214
-0.0756 -0.2591 -0.2061 102 185 220
-0.0757 -0.2575 -0.2072 103 195 215
-0.0740 -0.2592 -0.2062 116 183 221
-0.0724 -0.2590 -0.2060 127 185 221
-0.0738 -0.2577 -0.2073 116 195 214
-0.0719 -0.2575 -0.2071 130 194 216
-0.0713 -0.2363 -0.2078 130 221 215
-0.0710 -0.2345 -0.2069 125 209 213
-0.0706 -0.2383 -0.2088 130 216 214
-0.0735 -0.2383 -0.2091 116 215 213
-0.0742 -0.2364 -0.2080 114 219 214
-0.0740 -0.2338 -0.2072 117 210 212
-0.0771 -0.2370 -0.2077 102 217 215
-0.0771 -0.2340 -0.2070 103 210 214
-0.0764 -0.2387 -0.2088 106 214 214
-0.0768 -0.2427 -0.2088 107 207 213
-0.0771 -0.2478 -0.2083 107 205 213
-0.0735 -0.2424 -0.2091 116 206 212
-0.0737 -0.2478 -0.2087 116 204 213
-0.0704 -0.2427 -0.2088 126 206 213
-0.0706 -0.2481 -0.2083 125 204 213
-0.0765 -0.2533 -0.2079 106 203 213
-0.0738 -0.2534 -0.2081 116 203 213
-0.0712 -0.2535 -0.2078 125 202 214
-0.0751 -0.2265 -0.2081 107 208 213
-0.0728 -0.2181 -0.2080 108 218 214
-0.0714 -0.2274 -0.2081 118 205 212
-0.0758 -0.2042 -0.1795 101 235 231
-0.0775 -0.2053 -0.1751 93 231 232
-0.0747 -0.2039 -0.1750 105 237 232
-0.0725 -0.2032 -0.1789 112 238 232
-0.0738 -0.2036 -0.1839 108 237 229
-0.0721 -0.2121 -0.2038 110 230 218
-0.0723 -0.2080 -0.1972 111 234 222
-0.0674 -0.2080 -0.1974 118 235 222
-0.0670 -0.2122 -0.2040 118 230 218
-0.0727 -0.2050 -0.1902 111 236 225
-0.0690 -0.2029 -0.1830 118 238 229
-0.0681 -0.2049 -0.1902 118 237 225
-0.0541 -0.3132 -0.1906 125 199 252
-0.0543 -0.3165 -0.1916 116 177 238
-0.0521 -0.3161 -0.1935 126 178 234
-0.0544 -0.3075 -0.1895 126 200 252
-0.0569 -0.3132 -0.1905 109 198 253
-0.0570 -0.3164 -0.1915 107 176 236
-0.0600 -0.3130 -0.1908 94 198 251
-0.0598 -0.3161 -0.1918 101 177 237
-0.0570 -0.3076 -0.1894 110 198 253
-0.0599 -0.3075 -0.1896 95 199 251
-0.0621 -0.3154 -0.1938 95 178 233
-0.0556 -0.2669 -0.1818 136 201 249
-0.0553 -0.2694 -0.1824 135 206 250
-0.0559 -0.2643 -0.1809 137 201 249
-0.0586 -0.2670 -0.1812 116 197 252
-0.0583 -0.2694 -0.1819 116 204 253
-0.0617 -0.2667 -0.1815 95 196 249
-0.0612 -0.2693 -0.1822 96 202 250
-0.0589 -0.2646 -0.1801 117 197 252
-0.0621 -0.2642 -0.1805 95 197 249
-0.0559 -0.2609 -0.1801 139 201 248
-0.0560 -0.2575 -0.1791 137 195 247
-0.0592 -0.2613 -0.1792 117 198 252
-0.0628 -0.2608 -0.1798 93 198 248
-0.0595 -0.2582 -0.1778 118 192 250
-0.0634 -0.2574 -0.1789 94 192 246
-0.0583 -0.2457 -0.1638 128 180 237
-0.0582 -0.2469 -0.1668 131 183 242
-0.0622 -0.2462 -0.1627 112 179 238
-0.0618 -0.2477 -0.1657 113 181 242
-0.0657 -0.2451 -0.1636 98 181 236
-0.0652 -0.2465 -0.1669 97 183 240
-0.0596 -0.3135 -0.2084 95 191 218
-0.0601 -0.3151 -0.2068 95 178 231
-0.0630 -0.3134 -0.2052 79 189 228
-0.0592 -0.3105 -0.2101 96 196 216
-0.0572 -0.3109 -0.2102 110 194 215
-0.0570 -0.3140 -0.2085 109 188 218
-0.0545 -0.3139 -0.2083 125 191 218
-0.0538 -0.3157 -0.2066 124 178 230
-0.0569 -0.3158 -0.2069 107 176 232
-0.0552 -0.3109 -0.2100 124 196 216
-0.0579 -0.2496 -0.1708 135 187 244
-0.0573 -0.2527 -0.1746 137 189 244
-0.0611 -0.2506 -0.1693 114 184 245
-0.0604 -0.2539 -0.1730 116 184 245
-0.0645 -0.2494 -0.1708 95 186 242
-0.0638 -0.2526 -0.1745 95 187 243
-0.0566 -0.2551 -0.1773 135 192 247
-0.0599 -0.2560 -0.1758 117 186 247
-0.0636 -0.2550 -0.1772 97 189 246
-0.0557 -0.2962 -0.2082 123 235 231
-0.0559 -0.2964 -0.2077 128 217 217
-0.0553 -0.2970 -0.2092 128 225 220
-0.0574 -0.2967 -0.2094 113 225 218
-0.0575 -0.2961 -0.2083 112 236 233
-0.0593 -0.2962 -0.2082 102 235 231
-0.0593 -0.2964 -0.2078 105 218 216
-0.0576 -0.2964 -0.2078 106 192 251
-0.0594 -0.2969 -0.2093 98 225 219
-0.0595 -0.3073 -0.2110 98 200 215
-0.0598 -0.3037 -0.2111 102 207 214
-0.0572 -0.3038 -0.2113 112 208 214
-0.0572 -0.3075 -0.2111 111 201 214
-0.0549 -0.3077 -0.2109 124 199 215
-0.0544 -0.3041 -0.2111 122 207 214
-0.0597 -0.2998 -0.2104 104 215 215
-0.0606 -0.2980 -0.2092 85 220 222
-0.0572 -0.2998 -0.2105 112 214 214
-0.0547 -0.3000 -0.2103 121 215 215
-0.0541 -0.2982 -0.2092 141 221 224
-0.0572 -0.2702 -0.2076 124 219 215
-0.0573 -0.2690 -0.2069 122 211 214
-0.0568 -0.2730 -0.2086 126 215 215
-0.0588 -0.2726 -0.2087 114 215 214
-0.0590 -0.2699 -0.2076 115 220 215
-0.0608 -0.2698 -0.2074 104 218 215
-0.0609 -0.2685 -0.2067 104 211 214
-0.0591 -0.2687 -0.2070 113 211 213
-0.0609 -0.2725 -0.2085 102 215 215
-0.0593 -0.2961 -0.2083 105 186 219
-0.0595 -0.2944 -0.2092 101 196 216
-0.0576 -0.2945 -0.2094 112 196 215
-0.0576 -0.2961 -0.2084 112 183 220
-0.0558 -0.2961 -0.2083 119 186 219
-0.0557 -0.2945 -0.2092 123 196 216
-0.0603 -0.2905 -0.2097 103 203 214
-0.0611 -0.2849 -0.2098 103 207 214
-0.0582 -0.2851 -0.2101 112 207 213
-0.0578 -0.2906 -0.2100 112 204 213
-0.0554 -0.2907 -0.2098 121 203 214
-0.0553 -0.2853 -0.2099 122 207 214
-0.0535 -0.2855 -0.2092 148 208 224
-0.0611 -0.2783 -0.2093 104 210 214
-0.0630 -0.2849 -0.2090 78 205 224
-0.0586 -0.2783 -0.2096 113 210 213
-0.0560 -0.2787 -0.2094 122 210 214
-0.0609 -0.2672 -0.2070 102 201 214
-0.0610 -0.2641 -0.2076 101 203 214
-0.0590 -0.2646 -0.2078 112 203 213
-0.0590 -0.2675 -0.2073 111 200 213
-0.0572 -0.2677 -0.2072 122 201 214
-0.0570 -0.2648 -0.2077 124 203 214
-0.0572 -0.2369 -0.2076 123 215 213
-0.0578 -0.2338 -0.2072 120 209 212
-0.0571 -0.2391 -0.2084 123 213 213
-0.0604 -0.2385 -0.2084 115 213 213
-0.0608 -0.2363 -0.2075 115 216 213
-0.0645 -0.2360 -0.2072 109 214 213
-0.0657 -0.2344 -0.2066 113 206 212
-0.0618 -0.2337 -0.2069 114 208 212
-0.0638 -0.2381 -0.2080 107 212 213
-0.0631 -0.2431 -0.2080 106 206 213
-0.0624 -0.2499 -0.2077 104 206 213
-0.0599 -0.2436 -0.2085 113 207 212
-0.0567 -0.2442 -0.2083 122 207 213
-0.0564 -0.2511 -0.2080 123 206 213
-0.0594 -0.2505 -0.2082 113 206 213
-0.0616 -0.2577 -0.2077 104 206 213
-0.0591 -0.2582 -0.2081 113 206 213
-0.0566 -0.2586 -0.2079 122 206 213
-0.0623 -0.2033 -0.1808 128 238 231
-0.0607 -0.2038 -0.1780 131 237 229
-0.0636 -0.2033 -0.1844 125 238 229
-0.0661 -0.2029 -0.1800 121 238 231
-0.0640 -0.2031 -0.1776 124 238 230
-0.0620 -0.2121 -0.2039 124 230 218
-0.0613 -0.2180 -0.2080 127 217 213
-0.0625 -0.2080 -0.1976 122 235 222
-0.0633 -0.2049 -0.1905 122 237 225
-0.0358 -0.2263 -0.1734 150 216 242
-0.0309 -0.2279 -0.1794 149 220 241
-0.0356 -0.2178 -0.1817 151 223 237
-0.0380 -0.2198 -0.1739 152 220 239
-0.0397 -0.2217 -0.1682 155 214 238
-0.0392 -0.2272 -0.1682 153 208 241
-0.0349 -0.2328 -0.1727 145 208 246
-0.0357 -0.2460 -0.1844 110 178 237
-0.0346 -0.2475 -0.1878 96 182 235
-0.0314 -0.2486 -0.1855 96 184 241
-0.0311 -0.2467 -0.1827 107 184 245
-0.0369 -0.2448 -0.1804 126 181 241
-0.0422 -0.2088 -0.1815 146 228 238
-0.0410 -0.2127 -0.1776 148 226 239
-0.0397 -0.2105 -0.1848 151 226 235
-0.0416 -0.2077 -0.1870 149 228 233
-0.0436 -0.2058 -0.1855 142 233 234
-0.0447 -0.2100 -0.1759 142 231 238
-0.0445 -0.2115 -0.2019 126 231 219
-0.0446 -0.2155 -0.2058 123 223 215
-0.0439 -0.2081 -0.1964 131 234 223
-0.0419 -0.2093 -0.1965 144 229 224
-0.0426 -0.2123 -0.2018 139 228 221
-0.0429 -0.2150 -0.2045 137 225 218
-0.0402 -0.2147 -0.2013 147 224 223
-0.0413 -0.2175 -0.2051 141 220 217
-0.0396 -0.2123 -0.1961 150 224 227
-0.0367 -0.2172 -0.1966 150 224 227
-0.0375 -0.2187 -0.2012 148 223 223
-0.0439 -0.2059 -0.1907 135 235 228
-0.0416 -0.2076 -0.1910 147 229 229
-0.0391 -0.2113 -0.1901 152 224 230
-0.0357 -0.2170 -0.1905 151 225 231
-0.0408 -0.2288 -0.1643 155 203 237
-0.0406 -0.2240 -0.1631 157 209 236
-0.0410 -0.2269 -0.1585 157 205 232
-0.0418 -0.2314 -0.1620 155 200 234
-0.0417 -0.2334 -0.1653 152 199 240
-0.0395 -0.2325 -0.1683 148 202 244
-0.0433 -0.2355 -0.1613 153 195 235
-0.0422 -0.2319 -0.1579 155 199 232
-0.0437 -0.2381 -0.1642 150 195 239
-0.0425 -0.2344 -0.1637 154 198 236
-0.0428 -0.2380 -0.1667 149 197 241
-0.0410 -0.2411 -0.1713 142 192 244
-0.0401 -0.2371 -0.1695 143 197 245
-0.0796 -0.3033 -0.2054 108 184 247
-0.0798 -0.3040 -0.2065 91 181 230
-0.0769 -0.3044 -0.2058 104 188 249
-0.0769 -0.3026 -0.2052 98 178 236
-0.0787 -0.3016 -0.2045 92 180 238
-0.0813 -0.3023 -0.2035 117 177 239
-0.0389 -0.2759 -0.1845 127 198 251
-0.0413 -0.2764 -0.1842 117 197 252
-0.0384 -0.2808 -0.1863 128 199 251
-0.0363 -0.2802 -0.1875 143 202 246
-0.0368 -0.2749 -0.1855 143 202 246
-0.0376 -0.2715 -0.1841 141 203 248
-0.0392 -0.2714 -0.1831 127 203 252
-0.0418 -0.2720 -0.1829 116 202 253
-0.0358 -0.2729 -0.1874 152 208 239
-0.0350 -0.2795 -0.1901 151 207 239
-0.0371 -0.2686 -0.1843 145 209 245
-0.0394 -0.2676 -0.1830 129 208 251
-0.0422 -0.2683 -0.1827 115 206 253
-0.0437 -0.2767 -0.1843 106 197 252
-0.0432 -0.2815 -0.1860 105 197 252
-0.0409 -0.2812 -0.1860 117 198 252
-0.0442 -0.2724 -0.1830 105 201 252
-0.0457 -0.2730 -0.1839 91 199 249
-0.0457 -0.2764 -0.1851 88 197 247
-0.0452 -0.2814 -0.1870 86 198 247
-0.0450 -0.2688 -0.1829 104 205 252
-0.0471 -0.2704 -0.1841 86 201 247
-0.0474 -0.2746 -0.1869 79 200 241
-0.0467 -0.2808 -0.1894 77 200 241
-0.0381 -0.2858 -0.1876 124 202 252
-0.0403 -0.2863 -0.1873 117 201 253
-0.0376 -0.2910 -0.1883 121 204 253
-0.0362 -0.2903 -0.1886 130 206 251
-0.0361 -0.2859 -0.1885 137 205 249
-0.0366 -0.2962 -0.1886 125 205 252
-0.0390 -0.2967 -0.1882 115 204 253
-0.0349 -0.2937 -0.1892 138 207 249
-0.0396 -0.2915 -0.1880 116 204 253
-0.0346 -0.2873 -0.1902 147 207 243
-0.0424 -0.2865 -0.1873 107 201 253
-0.0442 -0.2870 -0.1879 91 201 250
-0.0432 -0.2913 -0.1881 99 203 252
-0.0417 -0.2916 -0.1880 110 203 253
-0.0454 -0.2884 -0.1894 80 201 245
-0.0436 -0.2947 -0.1886 90 203 250
-0.0414 -0.2968 -0.1882 105 202 253
-0.0726 -0.2739 -0.1829 122 199 252
-0.0743 -0.2739 -0.1830 110 200 252
-0.0730 -0.2773 -0.1839 122 199 252
-0.0712 -0.2768 -0.1847 140 200 247
-0.0710 -0.2732 -0.1836 140 200 247
-0.0722 -0.2710 -0.1823 123 204 252
-0.0740 -0.2710 -0.1823 110 204 253
-0.0694 -0.2713 -0.1855 150 203 241
-0.0693 -0.2758 -0.1873 149 203 242
-0.0689 -0.2655 -0.1853 151 205 241
-0.0701 -0.2689 -0.1835 143 205 246
-0.0710 -0.2710 -0.1830 139 203 248
-0.0717 -0.2681 -0.1826 125 207 252
-0.0739 -0.2681 -0.1825 111 208 253
-0.0760 -0.2737 -0.1832 100 201 251
-0.0765 -0.2772 -0.1842 98 201 251
-0.0748 -0.2774 -0.1840 109 200 252
-0.0758 -0.2708 -0.1826 101 205 252
-0.0776 -0.2730 -0.1841 86 203 247
-0.0780 -0.2768 -0.1853 83 204 246
-0.0764 -0.2679 -0.1829 100 207 252
-0.0783 -0.2686 -0.1841 85 204 247
-0.0773 -0.2707 -0.1834 89 204 248
-0.0791 -0.2715 -0.1861 79 204 242
-0.0794 -0.2763 -0.1879 77 206 241
-0.0734 -0.2819 -0.1848 118 200 253
-0.0752 -0.2820 -0.1849 109 201 253
-0.0736 -0.2867 -0.1859 116 199 253
-0.0718 -0.2862 -0.1861 129 201 251
-0.0715 -0.2820 -0.1855 135 202 250
-0.0733 -0.2911 -0.1872 117 197 252
-0.0764 -0.2908 -0.1873 108 197 252
-0.0706 -0.2892 -0.1873 135 200 249
-0.0695 -0.2829 -0.1876 145 204 245
-0.0769 -0.2817 -0.1851 100 202 252
-0.0785 -0.2817 -0.1860 85 205 248
-0.0788 -0.2856 -0.1866 88 204 249
-0.0776 -0.2864 -0.1862 100 200 252
-0.0800 -0.2827 -0.1883 78 207 243
-0.0800 -0.2882 -0.1879 83 204 247
-0.0787 -0.2904 -0.1876 96 199 251
-0.0556 -0.2824 -0.1839 126 197 251
-0.0576 -0.2826 -0.1837 116 197 252
-0.0555 -0.2878 -0.1859 127 200 251
-0.0537 -0.2872 -0.1869 142 201 247
-0.0537 -0.2815 -0.1848 142 200 246
-0.0542 -0.2776 -0.1833 141 202 247
-0.0556 -0.2772 -0.1822 128 202 251
-0.0578 -0.2774 -0.1819 115 201 253
-0.0525 -0.2795 -0.1865 150 204 240
-0.0523 -0.2865 -0.1891 150 204 241
-0.0534 -0.2746 -0.1836 145 207 245
-0.0554 -0.2729 -0.1821 131 208 251
-0.0580 -0.2729 -0.1817 115 207 253
-0.0597 -0.2827 -0.1837 103 197 251
-0.0595 -0.2881 -0.1857 102 199 252
-0.0600 -0.2774 -0.1820 102 201 252
-0.0614 -0.2778 -0.1830 88 200 248
-0.0616 -0.2819 -0.1845 87 199 247
-0.0614 -0.2876 -0.1865 86 200 248
-0.0606 -0.2729 -0.1819 99 207 252
-0.0641 -0.2702 -0.1852 79 204 242
-0.0625 -0.2747 -0.1833 84 204 246
-0.0633 -0.2798 -0.1863 78 202 242
-0.0632 -0.2869 -0.1889 77 202 242
-0.0556 -0.2928 -0.1865 125 203 252
-0.0575 -0.2882 -0.1856 115 200 253
-0.0573 -0.2933 -0.1863 115 203 253
-0.0555 -0.2976 -0.1869 125 202 252
-0.0542 -0.2969 -0.1875 136 204 249
-0.0539 -0.2927 -0.1874 139 204 248
-0.0550 -0.3024 -0.1881 126 199 252
-0.0571 -0.3028 -0.1879 112 198 253
-0.0533 -0.3000 -0.1886 140 203 247
-0.0572 -0.2982 -0.1867 114 201 253
-0.0525 -0.2940 -0.1893 147 205 243
-0.0591 -0.2931 -0.1863 103 203 253
-0.0608 -0.2931 -0.1871 88 203 249
-0.0603 -0.2972 -0.1873 90 202 250
-0.0588 -0.2979 -0.1867 102 201 253
-0.0625 -0.2944 -0.1892 79 203 244
-0.0613 -0.3003 -0.1885 84 201 248
-0.0593 -0.3026 -0.1881 98 198 252
-0.0072 -0.6211 0.1414 51 194 249
-0.0073 -0.6274 0.1401 50 195 249
-0.0064 -0.6230 0.1426 53 194 251
-0.0073 -0.6167 0.1438 49 189 245
-0.0075 -0.6151 0.1427 47 192 242
-0.0082 -0.6197 0.1403 56 193 253
-0.0086 -0.6275 0.1380 52 193 250
-0.0074 -0.6327 0.1392 50 195 250
-0.0084 -0.6331 0.1369 48 194 247
-0.0074 -0.6365 0.1386 50 194 250
-0.0057 -0.6369 0.1409 63 192 255
-0.0063 -0.6310 0.1413 54 194 253
-0.0137 -0.6047 0.1478 52 185 236
-0.0140 -0.6041 0.1493 54 184 245
-0.0150 -0.6020 0.1483 50 187 238
-0.0145 -0.6025 0.1468 56 186 230
-0.0130 -0.6050 0.1465 60 191 226
-0.0121 -0.6074 0.1470 52 185 235
-0.0122 -0.6073 0.1486 58 181 247
-0.0048 -0.6438 0.1381 45 198 246
-0.0049 -0.6436 0.1379 53 194 253
-0.0051 -0.6445 0.1374 48 192 249
-0.0049 -0.6448 0.1377 45 195 244
-0.0049 -0.6446 0.1380 45 199 236
-0.0048 -0.6437 0.1382 49 203 232
-0.0045 -0.6413 0.1385 50 198 251
-0.0057 -0.6398 0.1386 112 185 229
-0.0055 -0.6403 0.1388 89 195 220
-0.0059 -0.6405 0.1388 65 186 224
-0.0062 -0.6399 0.1384 77 168 238
-0.0058 -0.6399 0.1383 90 176 254
-0.0051 -0.6381 0.1390 109 196 224
-0.0049 -0.6383 0.1390 91 200 221
-0.0090 -0.6350 0.1341 47 192 245
-0.0097 -0.6312 0.1341 49 191 247
-0.0103 -0.6332 0.1310 47 189 245
-0.0092 -0.6370 0.1315 46 190 243
-0.0083 -0.6387 0.1340 46 190 243
-0.0083 -0.6374 0.1361 47 192 245
-0.0108 -0.6276 0.1344 51 190 249
-0.0119 -0.6238 0.1346 51 190 249
-0.0129 -0.6246 0.1318 48 190 245
-0.0116 -0.6290 0.1313 48 189 245
-0.0099 -0.6245 0.1375 55 191 252
-0.0127 -0.6193 0.1352 52 192 249
-0.0110 -0.6224 0.1367 54 192 251
-0.0112 -0.6187 0.1379 56 192 253
-0.0133 -0.6153 0.1359 53 192 250
-0.0145 -0.6162 0.1330 48 193 245
-0.0138 -0.6201 0.1324 48 192 245
-0.0138 -0.6127 0.1362 53 190 249
-0.0146 -0.6105 0.1362 52 188 248
-0.0153 -0.6107 0.1339 49 190 243
-0.0149 -0.6131 0.1336 48 192 244
-0.0116 -0.6133 0.1389 59 191 254
-0.0128 -0.6114 0.1386 58 188 252
-0.0133 -0.6018 0.1429 99 203 255
-0.0135 -0.6012 0.1430 101 195 255
-0.0135 -0.6020 0.1430 94 200 255
-0.0129 -0.6024 0.1429 91 202 255
-0.0128 -0.6019 0.1429 92 205 255
-0.0131 -0.6016 0.1428 101 205 255
-0.0132 -0.6013 0.1429 104 197 255
-0.0123 -0.6028 0.1430 86 201 255
-0.0130 -0.6028 0.1430 89 200 255
-0.0123 -0.6033 0.1430 86 199 255
-0.0114 -0.6031 0.1431 83 200 255
-0.0115 -0.6028 0.1430 84 200 255
-0.0123 -0.6024 0.1429 87 202 255
-0.0103 -0.6031 0.1432 74 199 255
-0.0114 -0.6035 0.1431 83 198 255
-0.0103 -0.6036 0.1432 75 197 255
-0.0098 -0.6031 0.1435 47 199 240
-0.0104 -0.6028 0.1432 75 200 255
-0.0140 -0.6004 0.1439 96 171 233
-0.0140 -0.6008 0.1442 87 183 222
-0.0146 -0.6004 0.1441 66 177 231
-0.0145 -0.6004 0.1438 74 171 243
-0.0143 -0.6006 0.1435 87 174 251
-0.0140 -0.6003 0.1436 109 176 247
-0.0136 -0.6002 0.1440 104 178 228
-0.0138 -0.6007 0.1432 101 187 255
-0.0141 -0.6008 0.1433 92 183 255
-0.0138 -0.6012 0.1431 94 193 255
-0.0134 -0.6005 0.1432 104 188 255
-0.0106 -0.6033 0.1441 69 200 222
-0.0105 -0.6038 0.1440 69 197 222
-0.0120 -0.6039 0.1446 68 189 223
-0.0120 -0.6033 0.1446 76 201 220
-0.0118 -0.6029 0.1446 76 204 221
-0.0105 -0.6028 0.1441 67 202 223
-0.0129 -0.6028 0.1448 83 198 220
-0.0136 -0.6021 0.1448 88 193 220
-0.0132 -0.6019 0.1448 93 195 220
-0.0127 -0.6025 0.1448 86 201 220
-0.0132 -0.6031 0.1449 69 186 224
-0.0139 -0.6014 0.1445 88 187 221
-0.0135 -0.6009 0.1443 91 184 222
-0.0134 -0.6014 0.1446 93 188 221
-0.0139 -0.6022 0.1448 69 185 224
-0.0143 -0.6013 0.1446 70 184 224
-0.0014 -0.6501 0.1285 83 167 239
-0.0046 -0.6483 0.1288 56 176 241
-0.0014 -0.6499 0.1274 84 169 234
-0.0081 -0.6379 0.1275 87 198 220
-0.0091 -0.6343 0.1276 97 201 221
-0.0084 -0.6342 0.1282 118 205 230
-0.0074 -0.6379 0.1278 116 204 229
-0.0074 -0.6407 0.1275 73 197 221
-0.0079 -0.6406 0.1279 50 190 231
-0.0088 -0.6378 0.1277 56 190 227
-0.0092 -0.6377 0.1293 47 188 239
-0.0104 -0.6341 0.1290 47 188 239
-0.0099 -0.6342 0.1276 61 192 224
-0.0081 -0.6406 0.1298 47 187 240
-0.0081 -0.6401 0.1321 47 188 242
-0.0106 -0.6297 0.1277 96 201 221
-0.0121 -0.6247 0.1278 96 201 221
-0.0115 -0.6245 0.1284 118 205 230
-0.0099 -0.6296 0.1283 118 206 230
-0.0114 -0.6297 0.1277 60 193 225
-0.0118 -0.6296 0.1292 47 189 239
-0.0131 -0.6249 0.1294 47 191 239
-0.0128 -0.6249 0.1279 59 194 225
-0.0140 -0.6204 0.1299 47 193 239
-0.0147 -0.6164 0.1305 47 194 238
-0.0137 -0.6203 0.1283 60 197 225
-0.0150 -0.6131 0.1309 47 195 237
-0.0154 -0.6104 0.1313 48 194 236
-0.0145 -0.6128 0.1290 61 199 224
-0.0142 -0.6161 0.1286 62 199 224
-0.0142 -0.6069 0.1297 93 204 220
-0.0149 -0.6036 0.1300 93 201 220
-0.0131 -0.6065 0.1304 116 205 227
-0.0126 -0.6096 0.1296 117 202 227
-0.0137 -0.6097 0.1291 92 202 220
-0.0153 -0.6074 0.1299 61 197 225
-0.0161 -0.6044 0.1301 65 194 223
-0.0159 -0.6080 0.1317 49 192 235
-0.0165 -0.6060 0.1321 50 190 235
-0.0148 -0.6099 0.1294 60 198 225
-0.0160 -0.6083 0.1339 48 190 241
-0.0166 -0.6066 0.1335 49 189 238
-0.0177 -0.5974 0.1268 49 193 235
-0.0185 -0.5928 0.1269 48 199 239
-0.0168 -0.5978 0.1252 57 193 227
-0.0163 -0.6040 0.1269 49 193 235
-0.0164 -0.6036 0.1284 53 193 249
-0.0177 -0.5975 0.1284 52 194 248
-0.0182 -0.5941 0.1281 51 196 247
-0.0149 -0.6116 0.1263 48 193 236
-0.0132 -0.6202 0.1256 47 192 237
-0.0133 -0.6198 0.1268 49 191 245
-0.0150 -0.6111 0.1277 51 192 248
-0.0155 -0.6045 0.1254 58 194 226
-0.0142 -0.6121 0.1249 57 195 226
-0.0109 -0.6297 0.1250 47 190 236
-0.0081 -0.6382 0.1245 49 186 235
-0.0109 -0.6297 0.1260 48 189 244
-0.0127 -0.6205 0.1244 54 194 228
-0.0106 -0.6293 0.1240 52 191 230
-0.0079 -0.6377 0.1234 50 186 233
-0.0138 -0.6021 0.1430 80 194 255
-0.0142 -0.6011 0.1431 79 188 255
-0.0140 -0.6021 0.1429 57 186 249
-0.0133 -0.6032 0.1429 61 180 248
-0.0132 -0.6031 0.1430 79 192 255
-0.0123 -0.6037 0.1430 81 192 255
-0.0123 -0.6039 0.1429 70 176 250
-0.0113 -0.6040 0.1431 81 194 255
-0.0144 -0.6007 0.1433 73 178 252
-0.0147 -0.6005 0.1435 65 176 247
-0.0147 -0.6005 0.1432 57 179 242
-0.0144 -0.6010 0.1430 58 183 248
-0.0132 -0.6032 0.1451 59 177 238
-0.0140 -0.6023 0.1451 55 181 238
-0.0123 -0.6039 0.1449 64 175 235
-0.0131 -0.6032 0.1455 63 178 248
-0.0139 -0.6023 0.1455 56 185 249
-0.0095 -0.6095 0.1415 64 190 255
-0.0083 -0.6096 0.1427 49 192 244
-0.0087 -0.6076 0.1431 48 193 241
-0.0095 -0.6073 0.1424 66 191 255
-0.0110 -0.6071 0.1420 68 191 255
-0.0112 -0.6096 0.1406 67 188 255
-0.0096 -0.6131 0.1405 61 192 254
-0.0125 -0.6092 0.1400 64 187 254
-0.0126 -0.6068 0.1409 65 190 255
-0.0138 -0.6081 0.1393 59 187 252
-0.0139 -0.6097 0.1382 56 187 250
-0.0144 -0.6014 0.1448 53 185 234
-0.0145 -0.6013 0.1451 51 188 245
-0.0147 -0.6006 0.1448 50 188 242
-0.0148 -0.6004 0.1445 53 185 235
-0.0175 -0.5999 0.1304 68 196 222
-0.0165 -0.6000 0.1302 81 199 220
-0.0172 -0.6028 0.1307 56 191 228
-0.0180 -0.6015 0.1314 52 191 232
-0.0183 -0.5993 0.1310 56 194 228
-0.0179 -0.5967 0.1307 77 199 220
-0.0182 -0.5897 0.1292 61 187 227
-0.0175 -0.5900 0.1286 49 193 237
-0.0183 -0.5909 0.1301 65 186 225
-0.0193 -0.5890 0.1299 55 191 229
-0.0182 -0.5880 0.1281 60 191 226
-0.0183 -0.5918 0.1305 73 191 222
-0.0171 -0.5921 0.1303 69 184 225
-0.0183 -0.5929 0.1307 75 195 221
-0.0195 -0.5917 0.1311 57 195 227
-0.0194 -0.5904 0.1308 56 193 228
-0.0182 -0.5945 0.1307 77 197 220
-0.0171 -0.5941 0.1306 81 197 220
-0.0169 -0.5964 0.1307 80 199 220
-0.0191 -0.5947 0.1312 59 196 226
-0.0194 -0.5930 0.1313 58 195 227
-0.0172 -0.6043 0.1326 50 189 236
-0.0170 -0.6056 0.1346 50 188 241
-0.0175 -0.6039 0.1357 50 188 242
-0.0179 -0.6027 0.1332 50 189 238
-0.0178 -0.5827 0.1266 57 201 227
-0.0191 -0.5873 0.1288 55 195 229
-0.0171 -0.5987 0.1414 50 192 243
-0.0167 -0.5990 0.1427 56 186 249
-0.0171 -0.5972 0.1436 51 188 245
-0.0175 -0.5961 0.1421 49 193 241
-0.0175 -0.5980 0.1402 49 194 243
-0.0171 -0.6002 0.1398 50 193 245
-0.0167 -0.6008 0.1409 51 190 246
-0.0161 -0.6029 0.1403 56 187 250
-0.0154 -0.6032 0.1410 66 185 254
-0.0162 -0.6009 0.1420 62 185 252
-0.0168 -0.6020 0.1396 52 191 247
-0.0167 -0.6033 0.1391 53 188 247
-0.0157 -0.6048 0.1396 59 185 250
-0.0143 -0.5992 0.1518 65 189 255
-0.0138 -0.6018 0.1510 65 188 255
-0.0120 -0.5994 0.1528 79 188 255
-0.0147 -0.5962 0.1526 65 191 255
-0.0159 -0.5987 0.1504 54 190 249
-0.0151 -0.6015 0.1498 54 188 247
-0.0100 -0.6041 0.1172 67 194 222
-0.0113 -0.5955 0.1169 68 197 222
-0.0075 -0.6040 0.1162 71 195 221
-0.0090 -0.6124 0.1180 64 195 223
-0.0046 -0.6041 0.1148 74 195 221
-0.0046 -0.5954 0.1140 76 197 220
-0.0014 -0.6041 0.1141 87 196 220
-0.0042 -0.6126 0.1156 71 195 221
-0.0068 -0.6125 0.1170 69 195 222
-0.0082 -0.6202 0.1186 66 195 223
-0.0062 -0.6204 0.1177 68 195 222
-0.0076 -0.6266 0.1189 71 194 222
-0.0072 -0.6308 0.1193 69 193 222
-0.0086 -0.6296 0.1199 55 193 227
-0.0057 -0.6272 0.1184 70 194 222
-0.0055 -0.6319 0.1188 71 193 222
-0.0067 -0.6340 0.1197 67 191 223
-0.0151 -0.5993 0.1242 61 192 225
-0.0141 -0.6054 0.1246 64 195 223
-0.0157 -0.5948 0.1233 56 192 228
-0.0143 -0.5975 0.1224 54 190 231
-0.0134 -0.6012 0.1231 54 193 229
-0.0131 -0.6127 0.1243 65 197 223
-0.0120 -0.6205 0.1239 62 197 224
-0.0126 -0.6069 0.1237 54 195 228
-0.0119 -0.6139 0.1236 55 196 227
-0.0098 -0.6190 0.1197 54 195 228
-0.0107 -0.6115 0.1195 53 194 229
-0.0104 -0.6281 0.1233 53 193 229
-0.0089 -0.6336 0.1227 47 190 236
-0.0111 -0.6211 0.1232 54 195 228
-0.0101 -0.6272 0.1226 49 194 232
-0.0093 -0.6311 0.1221 48 192 233
-0.0157 -0.5784 0.1229 52 205 232
-0.0167 -0.5831 0.1236 51 202 233
-0.0164 -0.5786 0.1257 51 205 234
-0.0153 -0.5738 0.1257 51 206 235
-0.0145 -0.5732 0.1227 53 205 232
-0.0126 -0.5741 0.1190 61 204 225
-0.0169 -0.5787 0.1271 54 206 231
-0.0174 -0.5786 0.1281 55 207 230
-0.0156 -0.5741 0.1275 52 207 234
-0.0155 -0.5804 0.1402 50 205 242
-0.0165 -0.5840 0.1407 50 207 239
-0.0165 -0.5829 0.1415 55 204 229
-0.0157 -0.5801 0.1414 55 202 229
-0.0149 -0.5746 0.1395 50 201 241
-0.0156 -0.5756 0.1383 58 203 251
-0.0162 -0.5807 0.1390 57 205 250
-0.0176 -0.5627 0.1393 73 192 221
-0.0172 -0.5729 0.1416 70 195 222
-0.0196 -0.5720 0.1430 56 196 229
-0.0200 -0.5606 0.1403 57 194 229
-0.0182 -0.5516 0.1357 75 189 222
-0.0159 -0.5526 0.1355 73 189 222
-0.0154 -0.5637 0.1388 65 193 224
-0.0208 -0.5564 0.1426 51 198 238
-0.0203 -0.5643 0.1448 50 198 238
-0.0201 -0.5576 0.1478 51 201 241
-0.0205 -0.5510 0.1455 52 200 243
-0.0215 -0.5470 0.1389 52 197 238
-0.0205 -0.5499 0.1366 59 192 228
-0.0133 -0.5681 0.1227 54 203 230
-0.0142 -0.5688 0.1253 51 204 236
-0.0136 -0.5626 0.1237 52 199 233
-0.0123 -0.5622 0.1217 59 197 226
-0.0114 -0.5673 0.1199 60 203 226
-0.0084 -0.5666 0.1170 63 201 224
-0.0088 -0.5725 0.1166 67 202 222
-0.0102 -0.5615 0.1194 61 198 225
-0.0143 -0.5689 0.1271 51 205 238
-0.0144 -0.5690 0.1286 54 206 231
-0.0136 -0.5624 0.1254 51 200 241
-0.0148 -0.5648 0.1380 50 199 237
-0.0152 -0.5737 0.1407 59 197 226
-0.0150 -0.5536 0.1351 55 195 231
-0.0150 -0.5557 0.1349 51 201 241
-0.0152 -0.5665 0.1372 58 203 250
-0.0185 -0.5418 0.1306 75 184 224
-0.0209 -0.5401 0.1312 60 188 229
-0.0189 -0.5336 0.1225 74 179 228
-0.0166 -0.5347 0.1226 73 179 228
-0.0163 -0.5429 0.1306 74 184 224
-0.0220 -0.5372 0.1328 53 196 237
-0.0212 -0.5433 0.1421 53 201 242
-0.0220 -0.5336 0.1355 53 201 241
-0.0225 -0.5281 0.1236 54 196 237
-0.0213 -0.5317 0.1227 60 186 232
-0.0116 -0.5546 0.1188 68 189 224
-0.0138 -0.5545 0.1206 59 191 229
-0.0143 -0.5464 0.1150 66 183 228
-0.0111 -0.5468 0.1133 74 181 226
-0.0090 -0.5543 0.1167 64 191 225
-0.0073 -0.5542 0.1141 58 193 228
-0.0077 -0.5607 0.1163 60 197 226
-0.0081 -0.5471 0.1116 64 184 228
-0.0144 -0.5538 0.1223 52 195 237
-0.0158 -0.5452 0.1165 55 190 234
-0.0144 -0.5527 0.1240 52 195 237
-0.0131 -0.5625 0.1278 51 200 236
-0.0152 -0.5590 0.1319 52 198 235
-0.0154 -0.5438 0.1304 58 191 230
-0.0158 -0.5356 0.1226 58 188 232
-0.0157 -0.5366 0.1223 53 200 239
-0.0153 -0.5451 0.1300 52 199 239
-0.0154 -0.5474 0.1292 52 200 240
-0.0153 -0.5565 0.1333 51 201 240
-0.0158 -0.5382 0.1217 53 201 240
-0.0160 -0.5400 0.1207 52 201 240
-0.0154 -0.5497 0.1279 52 197 238
-0.0194 -0.5271 0.1098 75 175 232
-0.0219 -0.5251 0.1098 60 185 235
-0.0199 -0.5231 0.0946 75 174 236
-0.0170 -0.5240 0.0951 76 174 235
-0.0169 -0.5281 0.1101 75 175 232
-0.0229 -0.5210 0.1105 54 198 238
-0.0227 -0.5240 0.1257 54 201 239
-0.0229 -0.5164 0.1127 54 204 238
-0.0224 -0.5095 0.0971 58 213 238
-0.0235 -0.5164 0.0950 54 201 239
-0.0227 -0.5209 0.0944 59 185 237
-0.0115 -0.5407 0.1049 77 175 230
-0.0148 -0.5401 0.1062 72 177 231
-0.0155 -0.5365 0.0948 74 174 236
-0.0097 -0.5411 0.1037 70 177 232
-0.0168 -0.5387 0.1071 58 185 235
-0.0175 -0.5349 0.0951 60 183 237
-0.0159 -0.5289 0.1102 59 186 234
-0.0159 -0.5249 0.0951 59 186 237
-0.0159 -0.5258 0.0951 54 204 238
-0.0158 -0.5298 0.1101 53 201 238
-0.0160 -0.5311 0.1098 54 205 240
-0.0162 -0.5269 0.0951 56 211 239
-0.0169 -0.5285 0.0952 56 211 240
-0.0164 -0.5327 0.1092 54 206 241
-0.0204 -0.5222 0.0789 74 174 239
-0.0244 -0.5150 0.0786 54 202 239
-0.0232 -0.5098 0.0794 58 213 238
-0.0236 -0.5198 0.0786 59 186 239
-0.0183 -0.5346 0.0817 60 183 240
-0.0183 -0.5328 0.0951 53 200 239
-0.0175 -0.5277 0.0801 58 215 238
-0.0193 -0.5456 0.1487 55 202 246
-0.0200 -0.5392 0.1454 55 203 245
-0.0190 -0.5500 0.1506 54 204 245
-0.0167 -0.5444 0.1532 65 207 252
-0.0175 -0.5412 0.1512 62 206 251
-0.0211 -0.5298 0.1390 55 204 244
-0.0178 -0.5350 0.1484 63 209 250
-0.0195 -0.5257 0.1414 60 209 248
-0.0220 -0.5202 0.1295 55 205 241
-0.0221 -0.5131 0.1171 56 209 240
-0.0212 -0.5081 0.1073 60 215 239
-0.0207 -0.5113 0.1227 62 217 242
-0.0199 -0.5075 0.1138 65 220 241
-0.0256 -0.5170 0.0537 54 204 239
-0.0221 -0.5254 0.0539 69 177 241
0.0152 -0.5308 0.0544 127 216 237
0.0161 -0.5320 0.0551 129 213 237
0.0146 -0.5287 0.0539 130 190 241
0.0159 -0.5272 0.0539 118 178 242
0.0160 -0.5393 0.0570 123 181 241
-0.0169 -0.5971 0.1292 67 197 255
-0.0156 -0.6032 0.1290 70 195 255
-0.0145 -0.6018 0.1295 72 194 255
-0.0159 -0.5969 0.1296 65 195 255
-0.0178 -0.5929 0.1288 56 199 251
-0.0104 -0.6106 0.1459 51 186 235
-0.0112 -0.6075 0.1454 59 194 226
-0.0093 -0.6116 0.1445 55 193 228
-0.0094 -0.6121 0.1462 58 181 248
-0.0084 -0.6108 0.1435 51 195 231
-0.0093 -0.6079 0.1441 57 197 226
-0.0081 -0.6134 0.1419 52 193 249
-0.0156 -0.5996 0.1302 88 199 220
-0.0162 -0.5961 0.1304 72 198 221
-0.0157 -0.5966 0.1301 92 201 220
-0.0150 -0.5990 0.1302 103 201 221
-0.0139 -0.6028 0.1305 113 203 224
-0.0163 -0.5931 0.1303 56 189 229
-0.0157 -0.5950 0.1305 125 208 242
-0.0164 -0.5935 0.1303 82 197 220
-0.0172 -0.5928 0.1305 80 193 220
-0.0169 -0.5919 0.1297 52 187 242
-0.0160 -0.5941 0.1302 50 191 243
-0.0156 -0.5956 0.1306 86 199 255
-0.0164 -0.5943 0.1304 75 196 221
-0.0158 -0.5955 0.1303 86 198 219
-0.0041 -0.5871 0.1135 76 198 220
-0.0083 -0.5937 0.1154 72 198 221
-0.0153 -0.5974 0.1300 52 192 247
-0.0151 -0.5980 0.1305 50 192 243
-0.0146 -0.6000 0.1302 65 185 253
-0.0180 -0.5907 0.1277 50 203 244
-0.0175 -0.5884 0.1274 49 198 235
-0.0178 -0.5891 0.1262 49 203 238
-0.0179 -0.5917 0.1247 51 198 232
-0.0196 -0.5940 0.1345 49 195 242
-0.0193 -0.5961 0.1344 49 194 242
-0.0194 -0.5943 0.1355 50 195 245
-0.0196 -0.5917 0.1354 50 198 245
-0.0199 -0.5918 0.1346 49 197 243
-0.0199 -0.5920 0.1336 48 196 240
-0.0197 -0.5941 0.1335 48 194 240
-0.0194 -0.5961 0.1334 48 194 239
-0.0196 -0.5945 0.1323 49 194 235
-0.0192 -0.5965 0.1321 49 194 235
-0.0199 -0.5926 0.1324 49 195 236
-0.0190 -0.5980 0.1343 49 193 241
-0.0188 -0.5983 0.1352 49 193 244
-0.0191 -0.5964 0.1354 49 194 244
-0.0191 -0.5980 0.1334 48 193 239
-0.0188 -0.5993 0.1334 48 192 239
-0.0187 -0.5996 0.1341 48 192 240
-0.0188 -0.5986 0.1321 49 193 235
-0.0187 -0.5968 0.1311 59 195 226
-0.0185 -0.6003 0.1325 49 191 237
-0.0183 -0.6012 0.1337 49 191 239
-0.0182 -0.6017 0.1353 49 191 242
-0.0185 -0.6000 0.1351 49 193 242
-0.0179 -0.5967 0.1392 50 195 245
-0.0176 -0.5989 0.1390 50 194 245
-0.0178 -0.5945 0.1406 48 197 241
-0.0181 -0.5937 0.1392 50 198 246
-0.0184 -0.5955 0.1381 50 196 246
-0.0181 -0.5976 0.1379 50 194 245
-0.0189 -0.5947 0.1368 50 195 246
-0.0186 -0.5968 0.1367 50 194 245
-0.0186 -0.5927 0.1380 51 198 247
-0.0192 -0.5921 0.1367 51 198 246
-0.0184 -0.5987 0.1366 49 194 245
-0.0182 -0.6003 0.1366 49 194 244
-0.0179 -0.5993 0.1378 50 195 246
-0.0178 -0.6020 0.1370 50 191 244
-0.0170 -0.6039 0.1376 52 187 245
-0.0174 -0.6018 0.1383 50 192 246
-0.0178 -0.6005 0.1376 50 194 245
-0.0174 -0.6006 0.1388 50 194 246
-0.0180 -0.5893 0.1389 52 201 248
-0.0175 -0.5890 0.1401 49 202 242
-0.0177 -0.5847 0.1384 55 203 250
-0.0187 -0.5890 0.1376 53 201 248
-0.0192 -0.5889 0.1365 51 200 247
-0.0185 -0.5850 0.1372 54 202 249
-0.0191 -0.5853 0.1362 52 201 247
-0.0195 -0.5857 0.1351 51 201 245
-0.0196 -0.5889 0.1353 51 200 246
-0.0172 -0.5810 0.1379 59 204 252
-0.0170 -0.5843 0.1396 53 206 247
-0.0167 -0.5765 0.1375 63 203 254
-0.0177 -0.5773 0.1368 59 203 252
-0.0182 -0.5813 0.1369 57 203 251
-0.0188 -0.5816 0.1359 53 202 247
-0.0184 -0.5777 0.1359 53 204 247
-0.0189 -0.5781 0.1345 50 204 242
-0.0193 -0.5823 0.1349 50 202 244
-0.0174 -0.5706 0.1314 53 207 233
-0.0181 -0.5745 0.1313 52 206 234
-0.0177 -0.5733 0.1346 51 206 241
-0.0166 -0.5691 0.1344 51 207 239
-0.0151 -0.5661 0.1303 55 207 231
-0.0157 -0.5649 0.1338 52 204 235
-0.0164 -0.5682 0.1315 54 209 233
-0.0159 -0.5696 0.1300 60 206 227
-0.0161 -0.5741 0.1288 56 207 230
-0.0175 -0.5736 0.1358 52 204 244
-0.0171 -0.5725 0.1366 57 204 250
-0.0166 -0.5689 0.1357 51 205 239
-0.0162 -0.5696 0.1369 63 204 253
-0.0158 -0.5640 0.1361 55 204 248
-0.0165 -0.5683 0.1362 53 204 245
-0.0158 -0.5635 0.1351 51 202 238
-0.0199 -0.5893 0.1344 49 199 244
-0.0198 -0.5867 0.1343 50 201 243
-0.0200 -0.5880 0.1331 49 200 240
-0.0201 -0.5900 0.1334 48 198 240
-0.0200 -0.5909 0.1322 49 197 235
-0.0200 -0.5893 0.1319 49 198 235
-0.0197 -0.5839 0.1338 49 202 242
-0.0194 -0.5812 0.1331 49 203 239
-0.0196 -0.5836 0.1316 49 202 237
-0.0199 -0.5858 0.1325 49 201 238
-0.0198 -0.5876 0.1311 49 199 235
-0.0195 -0.5858 0.1302 50 201 234
-0.0187 -0.5780 0.1307 51 205 234
-0.0189 -0.5804 0.1301 51 204 234
-0.0180 -0.5781 0.1294 56 206 229
-0.0171 -0.5741 0.1300 59 206 227
-0.0187 -0.5815 0.1289 52 204 232
-0.0183 -0.5824 0.1274 54 203 230
-0.0185 -0.5890 0.1477 49 194 240
-0.0186 -0.5892 0.1467 49 194 240
-0.0176 -0.5936 0.1472 49 191 241
-0.0184 -0.5892 0.1488 49 194 241
-0.0192 -0.5840 0.1480 49 195 239
-0.0191 -0.5848 0.1468 49 196 239
-0.0186 -0.5891 0.1455 49 195 239
-0.0191 -0.5850 0.1455 49 196 237
-0.0187 -0.5857 0.1441 51 198 232
-0.0185 -0.5898 0.1444 49 196 237
-0.0180 -0.5927 0.1452 49 193 241
-0.0173 -0.5955 0.1449 50 190 243
-0.0177 -0.5944 0.1441 49 192 241
-0.0166 -0.5975 0.1445 53 186 244
-0.0168 -0.5964 0.1457 50 188 242
-0.0178 -0.5933 0.1463 50 191 242
-0.0181 -0.5908 0.1499 50 193 243
-0.0185 -0.5872 0.1509 51 193 244
-0.0174 -0.5940 0.1483 49 191 239
-0.0173 -0.5948 0.1495 50 191 242
-0.0171 -0.5926 0.1514 55 192 250
-0.0173 -0.5895 0.1523 56 191 250
-0.0150 -0.5933 0.1533 64 191 255
-0.0116 -0.5955 0.1545 79 189 255
-0.0118 -0.5922 0.1554 76 189 255
-0.0151 -0.5903 0.1543 65 189 254
-0.0166 -0.5956 0.1509 55 191 249
-0.0194 -0.5806 0.1451 50 197 235
-0.0194 -0.5807 0.1465 49 196 238
-0.0197 -0.5769 0.1464 50 197 238
-0.0197 -0.5756 0.1451 50 197 236
-0.0190 -0.5799 0.1437 57 197 227
-0.0173 -0.5798 0.1425 66 199 223
-0.0175 -0.5843 0.1425 56 202 228
-0.0197 -0.5789 0.1480 49 196 238
-0.0192 -0.5834 0.1496 49 195 242
-0.0200 -0.5765 0.1498 50 197 241
-0.0200 -0.5741 0.1476 50 197 238
-0.0201 -0.5697 0.1465 50 198 237
-0.0204 -0.5703 0.1497 50 198 240
-0.0204 -0.5649 0.1488 50 199 239
-0.0130 -0.5477 0.1561 82 208 255
-0.0128 -0.5440 0.1549 81 208 255
-0.0169 -0.5495 0.1549 65 207 253
-0.0122 -0.5522 0.1574 84 205 255
-0.0089 -0.5489 0.1568 101 209 255
-0.0090 -0.5456 0.1557 97 207 255
-0.0075 -0.6138 0.1464 65 182 253
-0.0052 -0.6148 0.1471 67 185 255
-0.0068 -0.6105 0.1491 72 184 255
-0.0095 -0.6098 0.1484 70 182 254
-0.0058 -0.6191 0.1445 60 189 254
-0.0164 -0.5975 0.1466 50 189 239
-0.0153 -0.6001 0.1460 53 185 234
-0.0161 -0.5984 0.1476 50 189 237
-0.0160 -0.5985 0.1452 52 185 240
-0.0163 -0.5986 0.1489 49 190 240
-0.0096 -0.6189 0.1393 59 193 254
-0.0150 -0.5874 0.1559 67 188 254
-0.0120 -0.5895 0.1564 77 187 255
-0.0121 -0.5869 0.1576 77 187 255
-0.0147 -0.5853 0.1570 72 207 255
-0.0168 -0.5844 0.1557 69 207 255
-0.0172 -0.5865 0.1542 57 190 250
-0.0184 -0.5845 0.1529 52 194 246
-0.0179 -0.5830 0.1545 68 204 255
-0.0191 -0.5807 0.1521 51 196 245
-0.0089 -0.5849 0.1589 89 190 255
-0.0083 -0.5869 0.1581 93 187 255
-0.0055 -0.5814 0.1592 108 193 255
-0.0064 -0.5803 0.1597 93 197 255
-0.0092 -0.5835 0.1591 68 209 255
-0.0120 -0.5852 0.1582 72 210 255
-0.0057 -0.5721 0.1596 87 200 255
-0.0046 -0.5720 0.1591 113 200 255
-0.0068 -0.5633 0.1590 89 201 255
-0.0085 -0.5649 0.1583 72 193 255
-0.0065 -0.5727 0.1591 55 197 249
-0.0062 -0.5740 0.1574 50 196 236
-0.0076 -0.5688 0.1562 58 185 246
-0.0068 -0.5709 0.1542 59 184 247
-0.0057 -0.5753 0.1556 50 197 237
-0.0070 -0.5800 0.1582 52 208 235
-0.0071 -0.5796 0.1595 59 205 252
-0.0090 -0.5834 0.1582 61 220 235
-0.0067 -0.5806 0.1567 52 209 235
-0.0087 -0.5838 0.1570 63 220 234
-0.0117 -0.5850 0.1576 77 227 237
-0.0119 -0.5676 0.1547 82 183 255
-0.0137 -0.5643 0.1563 79 190 255
-0.0162 -0.5699 0.1535 95 190 255
-0.0107 -0.5701 0.1530 83 183 255
-0.0076 -0.5688 0.1562 58 185 246
-0.0176 -0.5752 0.1531 106 197 255
-0.0189 -0.5738 0.1536 73 196 255
-0.0185 -0.5799 0.1537 72 200 255
-0.0174 -0.5806 0.1534 111 205 255
-0.0163 -0.5770 0.1521 109 198 255
-0.0148 -0.5723 0.1522 100 190 255
-0.0171 -0.5832 0.1543 111 216 251
-0.0162 -0.5843 0.1555 102 225 246
-0.0163 -0.5840 0.1536 114 217 249
-0.0164 -0.5817 0.1526 113 205 255
-0.0142 -0.5851 0.1567 92 229 241
-0.0137 -0.5855 0.1558 95 228 238
-0.0155 -0.5849 0.1547 107 225 241
-0.0157 -0.5776 0.1518 87 202 255
-0.0159 -0.5820 0.1524 86 208 255
-0.0156 -0.5819 0.1525 51 200 245
-0.0155 -0.5777 0.1520 50 203 242
-0.0140 -0.5735 0.1520 57 216 241
-0.0142 -0.5733 0.1518 89 198 255
-0.0061 -0.5536 0.1569 116 208 253
-0.0071 -0.5554 0.1582 104 205 255
-0.0044 -0.5615 0.1572 121 204 251
-0.0035 -0.5589 0.1554 86 205 255
-0.0061 -0.5509 0.1556 115 207 254
-0.0093 -0.5520 0.1575 95 206 255
-0.0037 -0.5720 0.1580 116 200 254
-0.0046 -0.5821 0.1584 105 195 255
-0.0028 -0.5720 0.1574 79 200 255
-0.0053 -0.5621 0.1586 111 204 255
-0.0130 -0.5868 0.1179 65 200 223
-0.0146 -0.5804 0.1199 58 203 227
-0.0107 -0.5834 0.1168 69 201 222
-0.0081 -0.5796 0.1156 70 201 222
-0.0064 -0.5852 0.1146 71 199 221
-0.0055 -0.6257 0.1429 62 193 255
-0.0045 -0.6278 0.1432 66 192 255
-0.0041 -0.6200 0.1454 62 189 255
-0.0067 -0.6273 0.1420 55 194 253
-0.0147 -0.6027 0.1416 75 185 255
-0.0154 -0.6008 0.1423 76 185 255
-0.0137 -0.6043 0.1410 71 187 255
-0.0133 -0.6034 0.1417 66 182 252
-0.0141 -0.6021 0.1421 65 183 252
-0.0140 -0.6020 0.1426 53 184 243
-0.0145 -0.6008 0.1428 55 182 245
-0.0133 -0.6032 0.1424 58 179 242
-0.0161 -0.5984 0.1443 55 182 243
-0.0155 -0.5993 0.1450 56 181 236
-0.0164 -0.5984 0.1436 59 182 248
-0.0159 -0.5989 0.1435 61 179 247
-0.0157 -0.5989 0.1442 56 180 241
-0.0161 -0.5993 0.1429 69 182 254
-0.0154 -0.5996 0.1430 64 180 250
-0.0150 -0.6001 0.1431 56 180 243
-0.0153 -0.5997 0.1434 56 180 242
-0.0148 -0.6007 0.1426 67 182 253
-0.0149 -0.6002 0.1434 56 180 242
-0.0096 -0.6063 0.1444 58 198 226
-0.0089 -0.6064 0.1433 48 193 241
-0.0111 -0.6056 0.1455 67 201 222
-0.0098 -0.6053 0.1447 58 186 229
-0.0091 -0.6056 0.1435 49 188 239
-0.0126 -0.6032 0.1460 63 179 248
-0.0136 -0.6021 0.1459 58 185 250
-0.0120 -0.6041 0.1452 68 173 245
-0.0115 -0.6041 0.1456 64 174 243
-0.0122 -0.6034 0.1463 64 185 226
-0.0134 -0.6020 0.1463 65 181 228
-0.0124 -0.6043 0.1462 74 199 221
-0.0137 -0.6026 0.1464 77 193 221
-0.0110 -0.6046 0.1457 62 189 225
-0.0147 -0.6008 0.1458 72 183 224
-0.0152 -0.5995 0.1449 56 181 237
-0.0144 -0.6006 0.1458 62 179 231
-0.0124 -0.6052 0.1415 67 190 255
-0.0143 -0.6058 0.1401 64 187 254
-0.0109 -0.6056 0.1422 70 192 255
-0.0109 -0.6049 0.1424 68 184 254
-0.0122 -0.6043 0.1420 66 182 252
-0.0122 -0.6040 0.1425 66 174 244
-0.0110 -0.6046 0.1427 70 175 249
-0.0111 -0.6044 0.1430 73 180 254
-0.0095 -0.6061 0.1426 64 192 255
-0.0097 -0.6054 0.1428 65 187 254
-0.0098 -0.6046 0.1437 62 195 224
-0.0093 -0.6052 0.1433 53 185 246
-0.0104 -0.6047 0.1440 67 190 223
-0.0097 -0.6036 0.1435 48 193 240
-0.0095 -0.6044 0.1434 49 193 243
-0.0095 -0.6048 0.1433 56 185 249
-0.0102 -0.6042 0.1432 76 194 255
-0.0101 -0.6048 0.1431 74 185 255
-0.0099 -0.6051 0.1430 70 181 254
-0.0152 -0.5996 0.1443 54 182 241
-0.0153 -0.5996 0.1438 56 181 242
-0.0150 -0.6000 0.1448 52 186 243
-0.0150 -0.6000 0.1436 57 180 244
-0.0181 -0.5927 0.1432 48 195 238
-0.0181 -0.5904 0.1423 49 199 235
-0.0181 -0.5923 0.1445 49 194 240
-0.0174 -0.5874 0.1415 50 203 234
-0.0155 -0.6061 0.1385 56 185 249
-0.0156 -0.6071 0.1372 53 186 247
-0.0158 -0.6079 0.1357 51 188 245
-0.0144 -0.6009 0.1455 53 188 247
-0.0111 -0.6046 0.1445 66 175 234
-0.0106 -0.6048 0.1445 68 172 241
-0.0105 -0.6048 0.1449 63 174 239
-0.0044 -0.6477 0.1360 55 180 248
-0.0049 -0.6476 0.1348 50 183 246
-0.0038 -0.6487 0.1353 63 174 248
-0.0035 -0.6475 0.1374 70 176 253
-0.0042 -0.6469 0.1375 61 179 252
-0.0047 -0.6467 0.1367 49 185 246
-0.0050 -0.6464 0.1359 48 187 246
-0.0049 -0.6458 0.1372 46 190 245
-0.0051 -0.6454 0.1368 47 190 246
-0.0046 -0.6463 0.1376 52 184 249
-0.0049 -0.6455 0.1378 45 191 243
-0.0071 -0.6385 0.1385 50 191 249
-0.0061 -0.6394 0.1398 53 190 252
-0.0077 -0.6389 0.1368 49 188 247
-0.0071 -0.6396 0.1373 52 185 248
-0.0068 -0.6393 0.1385 51 185 247
-0.0065 -0.6397 0.1384 56 177 244
-0.0060 -0.6404 0.1391 48 185 240
-0.0061 -0.6400 0.1394 49 187 247
-0.0067 -0.6400 0.1375 57 182 250
-0.0063 -0.6401 0.1378 65 179 252
-0.0498 -0.4283 -0.0565 74 219 227
-0.0485 -0.4237 -0.0537 69 214 228
-0.0426 -0.4312 -0.0683 72 211 223
-0.0518 -0.4320 -0.0584 79 225 228
-0.0592 -0.4332 -0.0471 76 225 232
-0.0572 -0.4295 -0.0434 71 221 230
-0.0392 -0.4415 -0.0735 70 204 223
-0.0381 -0.4550 -0.0755 64 202 227
-0.0410 -0.4433 -0.0720 79 205 219
-0.0447 -0.4344 -0.0680 83 216 221
-0.0668 -0.4633 -0.0142 68 200 250
-0.0601 -0.4620 -0.0074 72 199 252
-0.0659 -0.4497 -0.0140 67 208 248
-0.0706 -0.4515 -0.0207 65 208 246
-0.0722 -0.4641 -0.0215 64 201 247
-0.0664 -0.4781 -0.0179 69 193 250
-0.0593 -0.4771 -0.0109 73 192 252
-0.0138 -0.4247 0.0267 96 203 255
-0.0056 -0.6407 0.1380 67 189 255
-0.0050 -0.6388 0.1386 92 190 255
-0.0061 -0.6411 0.1374 57 188 253
-0.0054 -0.6419 0.1378 61 192 255
-0.0051 -0.6429 0.1378 56 193 255
-0.0047 -0.6406 0.1384 63 195 255
-0.0057 -0.6425 0.1373 53 189 252
-0.0054 -0.6437 0.1373 50 190 250
-0.0045 -0.6407 0.1385 62 196 255
-0.0049 -0.6432 0.1384 62 202 224
-0.0045 -0.6410 0.1386 67 201 222
-0.0044 -0.6408 0.1386 46 202 236
-0.0051 -0.6439 0.1384 52 200 228
-0.0053 -0.6429 0.1387 53 196 228
-0.0051 -0.6425 0.1386 68 200 222
-0.0053 -0.6414 0.1388 75 198 221
-0.0048 -0.6395 0.1389 77 201 221
-0.0056 -0.6416 0.1389 55 194 227
-0.0055 -0.6468 0.1323 47 185 239
-0.0055 -0.6466 0.1312 48 184 240
-0.0044 -0.6484 0.1307 54 177 238
-0.0044 -0.6488 0.1317 54 178 237
-0.0045 -0.6491 0.1332 55 176 242
-0.0056 -0.6467 0.1335 47 186 242
-0.0064 -0.6443 0.1329 47 187 241
-0.0063 -0.6445 0.1316 47 186 241
-0.0074 -0.6417 0.1334 47 187 242
-0.0072 -0.6425 0.1318 47 186 242
-0.0065 -0.6440 0.1341 47 187 243
-0.0075 -0.6410 0.1348 47 188 244
-0.0056 -0.6466 0.1291 48 184 241
-0.0057 -0.6465 0.1274 49 185 235
-0.0047 -0.6482 0.1273 57 176 235
-0.0064 -0.6447 0.1294 47 186 241
-0.0065 -0.6447 0.1275 48 188 234
-0.0072 -0.6428 0.1296 47 186 241
-0.0072 -0.6428 0.1277 49 189 233
-0.0067 -0.6428 0.1272 67 197 222
-0.0063 -0.6426 0.1272 107 207 225
-0.0057 -0.6442 0.1269 105 206 224
-0.0061 -0.6445 0.1270 62 195 224
-0.0068 -0.6406 0.1275 110 205 226
-0.0043 -0.6457 0.1384 67 183 255
-0.0048 -0.6451 0.1384 55 185 251
-0.0036 -0.6461 0.1384 75 182 255
-0.0041 -0.6442 0.1391 79 187 255
-0.0048 -0.6439 0.1392 70 186 255
-0.0054 -0.6415 0.1398 63 189 255
-0.0056 -0.6416 0.1395 50 189 249
-0.0051 -0.6435 0.1391 55 187 252
-0.0047 -0.6414 0.1400 77 189 255
-0.0050 -0.6445 0.1384 45 192 241
-0.0053 -0.6432 0.1389 45 191 240
-0.0056 -0.6417 0.1392 45 190 240
-0.0055 -0.6444 0.1365 48 189 247
-0.0055 -0.6452 0.1356 48 188 247
-0.0060 -0.6430 0.1365 50 188 249
-0.0061 -0.6434 0.1357 49 187 248
-0.0065 -0.6413 0.1369 53 187 251
-0.0068 -0.6412 0.1363 51 186 249
-0.0056 -0.6461 0.1346 48 187 245
-0.0064 -0.6437 0.1349 49 187 246
-0.0072 -0.6410 0.1356 49 187 247
-0.0135 -0.6037 0.1503 64 185 253
-0.0122 -0.6052 0.1503 69 184 255
-0.0114 -0.6031 0.1516 78 187 255
-0.0105 -0.6072 0.1498 74 183 255
-0.0092 -0.6066 0.1504 78 186 255
-0.0539 -0.4337 -0.0608 91 231 232
-0.0447 -0.4344 -0.0680 83 216 221
-0.0467 -0.4355 -0.0685 104 225 223
-0.0557 -0.4340 -0.0637 98 233 237
-0.0633 -0.4366 -0.0565 81 229 237
-0.0614 -0.4356 -0.0516 80 228 234
-0.0404 -0.4671 -0.0742 112 204 218
-0.0393 -0.4674 -0.0745 75 204 221
-0.0416 -0.4789 -0.0752 110 200 218
-0.0427 -0.4778 -0.0763 123 197 222
-0.0412 -0.4663 -0.0752 134 201 228
-0.0406 -0.4551 -0.0728 109 206 217
-0.0395 -0.4555 -0.0732 74 203 221
-0.0425 -0.4436 -0.0717 106 211 217
-0.0410 -0.4433 -0.0720 79 205 219
-0.0414 -0.4541 -0.0735 136 206 229
-0.0437 -0.4429 -0.0723 131 215 227
-0.0467 -0.4355 -0.0685 104 225 223
-0.0447 -0.4344 -0.0680 83 216 221
-0.0506 -0.5021 -0.0685 72 186 225
-0.0458 -0.5092 -0.0670 69 186 226
-0.0558 -0.5023 -0.0618 69 182 230
-0.0546 -0.4949 -0.0706 74 187 223
-0.0468 -0.4981 -0.0732 84 191 220
-0.0430 -0.5033 -0.0727 78 191 221
-0.0438 -0.4898 -0.0751 97 197 218
-0.0411 -0.4926 -0.0750 84 198 218
-0.0497 -0.4930 -0.0741 86 192 219
-0.0457 -0.4870 -0.0760 101 195 218
-0.0399 -0.4797 -0.0753 81 203 219
-0.0570 -0.4335 -0.0670 99 232 239
-0.0484 -0.4354 -0.0696 119 229 232
-0.0497 -0.4347 -0.0714 121 229 236
-0.0581 -0.4328 -0.0711 97 232 238
-0.0652 -0.4362 -0.0678 78 227 239
-0.0643 -0.4366 -0.0617 80 228 238
-0.0698 -0.4424 -0.0570 67 219 236
-0.0691 -0.4409 -0.0496 69 221 236
-0.0704 -0.4429 -0.0653 66 218 238
-0.0737 -0.4523 -0.0641 60 209 238
-0.0735 -0.4516 -0.0544 61 210 236
-0.0415 -0.4646 -0.0764 138 200 234
-0.0433 -0.4757 -0.0775 129 195 225
-0.0433 -0.4733 -0.0791 135 192 234
-0.0412 -0.4629 -0.0784 138 199 239
-0.0416 -0.4526 -0.0748 139 206 238
-0.0445 -0.4418 -0.0736 136 216 235
-0.0415 -0.4513 -0.0770 138 207 240
-0.0449 -0.4410 -0.0759 135 218 236
-0.0497 -0.4347 -0.0714 121 229 236
-0.0484 -0.4354 -0.0696 119 229 232
-0.0751 -0.4651 -0.0556 58 203 236
-0.0757 -0.4655 -0.0478 59 203 234
-0.0750 -0.4638 -0.0649 58 202 237
-0.0740 -0.4739 -0.0668 60 192 234
-0.0740 -0.4777 -0.0593 59 194 233
-0.0694 -0.4840 -0.0640 67 186 229
-0.0673 -0.4909 -0.0591 66 185 230
-0.0742 -0.4835 -0.0514 60 192 233
-0.0701 -0.4790 -0.0691 69 183 230
-0.0644 -0.4814 -0.0717 77 182 226
-0.0632 -0.4866 -0.0687 73 186 225
-0.0569 -0.4883 -0.0724 77 189 222
-0.0605 -0.4939 -0.0656 70 185 226
-0.0579 -0.4835 -0.0743 81 184 223
-0.0511 -0.4877 -0.0751 87 192 219
-0.0466 -0.4834 -0.0769 104 193 218
-0.0516 -0.4836 -0.0767 92 184 221
-0.0468 -0.4802 -0.0784 117 185 224
-0.0592 -0.4327 -0.0766 96 232 237
-0.0508 -0.4340 -0.0742 120 229 235
-0.0516 -0.4340 -0.0782 119 229 235
-0.0602 -0.4327 -0.0853 96 232 237
-0.0664 -0.4359 -0.0751 77 226 238
-0.0719 -0.4427 -0.0744 66 217 239
-0.0675 -0.4356 -0.0853 77 227 238
-0.0731 -0.4419 -0.0856 66 218 238
-0.0763 -0.4504 -0.0861 60 208 237
-0.0752 -0.4519 -0.0743 60 208 239
-0.0405 -0.4620 -0.0815 138 199 239
-0.0427 -0.4719 -0.0818 135 191 238
-0.0422 -0.4709 -0.0875 135 192 235
-0.0402 -0.4604 -0.0881 138 200 235
-0.0409 -0.4509 -0.0805 138 209 239
-0.0450 -0.4408 -0.0795 134 219 236
-0.0455 -0.4407 -0.0866 133 220 236
-0.0525 -0.4341 -0.0858 119 229 236
-0.0516 -0.4340 -0.0782 119 229 235
-0.0760 -0.4621 -0.0749 59 200 238
-0.0764 -0.4598 -0.0868 59 199 236
-0.0743 -0.4691 -0.0864 61 190 235
-0.0743 -0.4710 -0.0754 61 190 236
-0.0468 -0.3170 -0.0242 74 214 228
-0.0492 -0.3183 -0.0162 72 214 230
-0.0469 -0.3135 -0.0173 74 217 230
-0.0438 -0.3106 -0.0254 75 217 229
-0.0431 -0.3146 -0.0320 75 213 226
-0.0486 -0.3109 0.0065 72 209 237
-0.0459 -0.3051 0.0148 73 206 240
-0.0483 -0.3073 0.0053 72 202 239
-0.0490 -0.3114 -0.0020 71 209 233
-0.0502 -0.3174 -0.0085 72 213 232
-0.0499 -0.3147 -0.0010 71 212 234
-0.0486 -0.3136 -0.0095 73 215 230
-0.0614 -0.4314 -0.0341 69 221 234
-0.0590 -0.4273 -0.0304 67 218 236
-0.0556 -0.4249 -0.0396 68 217 230
-0.0640 -0.4352 -0.0382 72 223 234
-0.0670 -0.4385 -0.0308 69 221 238
-0.0635 -0.4348 -0.0265 69 220 240
-0.0649 -0.4406 -0.0190 68 216 244
-0.0606 -0.4367 -0.0149 69 216 244
-0.0601 -0.4312 -0.0231 68 218 241
-0.0690 -0.4434 -0.0245 67 216 243
-0.0511 -0.4185 -0.0137 66 208 244
-0.0469 -0.4180 -0.0050 68 207 246
-0.0505 -0.4090 -0.0133 65 203 243
-0.0544 -0.4202 -0.0214 65 211 241
-0.0547 -0.4242 -0.0181 67 213 243
-0.0529 -0.4251 -0.0126 68 214 244
-0.0499 -0.4261 -0.0060 70 212 247
-0.0569 -0.4234 -0.0266 65 214 238
-0.0539 -0.4124 -0.0271 63 208 235
-0.0547 -0.4202 -0.0351 66 214 231
-0.0569 -0.4275 -0.0200 67 216 242
-0.0444 -0.4452 0.0070 61 206 241
-0.0526 -0.4607 -0.0013 74 198 252
-0.0517 -0.4464 0.0006 73 204 251
-0.0595 -0.4453 -0.0064 70 208 249
-0.0519 -0.4750 -0.0048 76 191 253
-0.0726 -0.4456 -0.0307 65 216 240
-0.0740 -0.4519 -0.0278 62 209 243
-0.0705 -0.4420 -0.0364 68 220 236
-0.0753 -0.4512 -0.0368 61 211 236
-0.0669 -0.4385 -0.0434 72 224 235
-0.0738 -0.4485 -0.0436 63 213 235
-0.0756 -0.4637 -0.0290 61 202 243
-0.0760 -0.4767 -0.0331 60 196 242
-0.0724 -0.4779 -0.0254 64 194 247
-0.0756 -0.4547 -0.0335 60 207 239
-0.0771 -0.4635 -0.0360 59 203 238
-0.0770 -0.4734 -0.0377 58 200 238
-0.0768 -0.4645 -0.0417 59 204 234
-0.0766 -0.4786 -0.0432 58 197 235
-0.0741 -0.4865 -0.0388 61 188 240
-0.0697 -0.4899 -0.0313 65 186 244
-0.0698 -0.4938 -0.0458 64 183 236
-0.0629 -0.4993 -0.0539 68 181 232
-0.0575 -0.5055 -0.0462 71 177 238
-0.0647 -0.4993 -0.0385 68 179 241
-0.0637 -0.4908 -0.0233 70 186 248
-0.0569 -0.4893 -0.0157 75 187 251
-0.0589 -0.5003 -0.0292 74 179 245
-0.0527 -0.4979 -0.0199 79 181 250
-0.0522 -0.5056 -0.0342 77 176 244
-0.0466 -0.5019 -0.0217 81 178 248
-0.0454 -0.5099 -0.0361 66 182 244
-0.0611 -0.4326 -0.0991 97 233 237
-0.0678 -0.4351 -0.0996 77 227 237
-0.0537 -0.4338 -0.0990 117 230 236
-0.0546 -0.4332 -0.1121 117 230 237
-0.0614 -0.4321 -0.1124 97 232 238
-0.0608 -0.4313 -0.1196 97 232 240
-0.0664 -0.4332 -0.1205 76 226 239
-0.0546 -0.4325 -0.1193 119 229 241
-0.0600 -0.4301 -0.1229 98 229 245
-0.0726 -0.4408 -0.1001 65 217 236
-0.0752 -0.4483 -0.1007 60 207 235
-0.0713 -0.4395 -0.1136 65 216 235
-0.0733 -0.4463 -0.1142 60 207 234
-0.0701 -0.4382 -0.1220 64 216 235
-0.0720 -0.4451 -0.1232 61 207 235
-0.0674 -0.4344 -0.1130 77 226 237
-0.0658 -0.4314 -0.1255 72 222 241
-0.0697 -0.4384 -0.1276 64 215 235
-0.0416 -0.4567 -0.1005 138 200 233
-0.0422 -0.4478 -0.1000 138 211 235
-0.0408 -0.4501 -0.0875 138 210 236
-0.0432 -0.4643 -0.1010 136 194 232
-0.0458 -0.4610 -0.1148 135 192 232
-0.0437 -0.4532 -0.1133 138 200 233
-0.0453 -0.4520 -0.1212 138 200 232
-0.0456 -0.4441 -0.1204 138 211 234
-0.0441 -0.4454 -0.1127 138 211 234
-0.0472 -0.4596 -0.1221 136 192 233
-0.0463 -0.4520 -0.1259 139 200 233
-0.0465 -0.4437 -0.1251 139 208 235
-0.0468 -0.4395 -0.0994 131 222 236
-0.0537 -0.4338 -0.0990 117 230 236
-0.0483 -0.4382 -0.1122 131 222 236
-0.0491 -0.4372 -0.1196 132 221 237
-0.0546 -0.4325 -0.1193 119 229 241
-0.0546 -0.4332 -0.1121 117 230 237
-0.0492 -0.4368 -0.1242 135 217 239
-0.0751 -0.4566 -0.1013 60 199 234
-0.0736 -0.4637 -0.1016 61 192 233
-0.0732 -0.4539 -0.1147 60 199 233
-0.0713 -0.4613 -0.1161 62 191 233
-0.0720 -0.4526 -0.1232 60 199 234
-0.0704 -0.4598 -0.1229 61 192 235
-0.0717 -0.4523 -0.1283 60 200 238
-0.0703 -0.4595 -0.1270 61 193 240
-0.0582 -0.4814 -0.0768 85 175 230
-0.0518 -0.4818 -0.0790 102 174 230
-0.0648 -0.4790 -0.0752 79 176 231
-0.0649 -0.4785 -0.0791 79 175 237
-0.0583 -0.4812 -0.0801 88 172 237
-0.0708 -0.4690 -0.1011 63 188 233
-0.0715 -0.4721 -0.0914 64 187 233
-0.0692 -0.4672 -0.1110 64 188 232
-0.0588 -0.4741 -0.1164 95 174 229
-0.0637 -0.4727 -0.1161 77 179 229
-0.0586 -0.4715 -0.1211 97 175 228
-0.0539 -0.4733 -0.1158 115 178 229
-0.0587 -0.4704 -0.1240 96 173 232
-0.0542 -0.4693 -0.1238 118 176 234
-0.0631 -0.4700 -0.1208 78 178 230
-0.0632 -0.4691 -0.1238 79 175 236
-0.0585 -0.4701 -0.1266 100 173 243
-0.0458 -0.4703 -0.1019 133 190 231
-0.0477 -0.4680 -0.1105 132 189 231
-0.0451 -0.4742 -0.0935 132 188 232
-0.0731 -0.5676 -0.2073 124 201 228
-0.0742 -0.5720 -0.2094 119 196 226
-0.0750 -0.5699 -0.2104 121 195 227
-0.0743 -0.5663 -0.2086 128 201 232
-0.0724 -0.5625 -0.2053 122 201 227
-0.0711 -0.5634 -0.2032 129 198 234
-0.0719 -0.5690 -0.2052 128 197 234
-0.0720 -0.5703 -0.2018 128 192 241
-0.0729 -0.5739 -0.2035 109 173 240
-0.0719 -0.5690 -0.2052 128 197 234
-0.0713 -0.5650 -0.2002 129 196 242
-0.0725 -0.5663 -0.1968 123 193 249
-0.0732 -0.5713 -0.1985 120 187 249
-0.0740 -0.5740 -0.2002 102 171 242
-0.0825 -0.5692 -0.2021 51 198 242
-0.0823 -0.5726 -0.2038 66 175 240
-0.0815 -0.5731 -0.2006 69 174 240
-0.0815 -0.5704 -0.1990 55 194 248
-0.0808 -0.5655 -0.1972 55 200 249
-0.0821 -0.5642 -0.2006 52 200 244
-0.0826 -0.5679 -0.2053 51 201 235
-0.0814 -0.5669 -0.2074 57 205 229
-0.0809 -0.5711 -0.2093 59 199 226
-0.0826 -0.5679 -0.2053 51 201 235
-0.0825 -0.5627 -0.2035 51 203 236
-0.0812 -0.5619 -0.2055 59 206 227
-0.0801 -0.5659 -0.2086 52 204 233
-0.0800 -0.5695 -0.2104 58 198 227
-0.0578 -0.5748 -0.2074 123 203 229
-0.0584 -0.5791 -0.2092 119 196 226
-0.0593 -0.5774 -0.2104 121 195 227
-0.0590 -0.5739 -0.2087 128 202 234
-0.0578 -0.5698 -0.2057 121 204 227
-0.0565 -0.5705 -0.2035 129 201 235
-0.0565 -0.5759 -0.2052 128 200 235
-0.0566 -0.5774 -0.2014 129 197 242
-0.0569 -0.5809 -0.2029 113 175 240
-0.0565 -0.5759 -0.2052 128 200 235
-0.0567 -0.5720 -0.2002 129 199 243
-0.0580 -0.5735 -0.1964 124 198 249
-0.0578 -0.5786 -0.1978 123 192 249
-0.0579 -0.5814 -0.1993 107 173 242
-0.0677 -0.5771 -0.2017 50 195 242
-0.0672 -0.5804 -0.2032 66 175 240
-0.0662 -0.5810 -0.1996 71 172 240
-0.0665 -0.5784 -0.1982 55 191 248
-0.0666 -0.5734 -0.1967 55 196 249
-0.0679 -0.5720 -0.2004 50 198 243
-0.0678 -0.5756 -0.2053 50 198 235
-0.0668 -0.5746 -0.2075 54 202 230
-0.0660 -0.5787 -0.2093 58 194 227
-0.0678 -0.5756 -0.2053 50 198 235
-0.0680 -0.5704 -0.2035 50 200 235
-0.0670 -0.5697 -0.2057 56 203 228
-0.0658 -0.5736 -0.2088 51 201 234
-0.0653 -0.5771 -0.2104 58 194 227
-0.0419 -0.5704 -0.2081 126 205 231
-0.0421 -0.5746 -0.2101 122 199 227
-0.0427 -0.5731 -0.2109 123 198 228
-0.0427 -0.5695 -0.2092 129 204 235
-0.0424 -0.5655 -0.2062 124 206 229
-0.0415 -0.5661 -0.2043 129 204 236
-0.0410 -0.5714 -0.2062 129 203 235
-0.0408 -0.5728 -0.2029 129 201 241
-0.0407 -0.5760 -0.2046 109 173 238
-0.0410 -0.5714 -0.2062 129 203 235
-0.0414 -0.5676 -0.2015 129 202 242
-0.0423 -0.5690 -0.1981 126 201 247
-0.0414 -0.5741 -0.1997 126 196 247
-0.0412 -0.5766 -0.2013 111 174 238
-0.0502 -0.5736 -0.2026 52 190 243
-0.0491 -0.5770 -0.2044 76 171 240
-0.0482 -0.5773 -0.2010 77 170 240
-0.0487 -0.5746 -0.1994 58 188 249
-0.0493 -0.5694 -0.1976 57 192 249
-0.0513 -0.5683 -0.2010 53 192 245
-0.0508 -0.5723 -0.2059 51 193 236
-0.0501 -0.5711 -0.2080 54 197 230
-0.0486 -0.5753 -0.2100 58 191 228
-0.0508 -0.5723 -0.2059 51 193 236
-0.0521 -0.5669 -0.2039 51 194 237
-0.0513 -0.5660 -0.2060 57 198 228
-0.0493 -0.5700 -0.2092 52 198 232
-0.0483 -0.5735 -0.2110 59 193 227
-0.0695 -0.5468 -0.2052 128 191 232
-0.0703 -0.5496 -0.2046 126 193 229
-0.0719 -0.5495 -0.2068 122 191 227
-0.0704 -0.5467 -0.2074 127 187 235
-0.0690 -0.5440 -0.2059 131 195 235
-0.0685 -0.5439 -0.2028 132 199 237
-0.0688 -0.5466 -0.2024 131 195 237
-0.0691 -0.5459 -0.1989 130 197 243
-0.0696 -0.5490 -0.1987 129 194 244
-0.0688 -0.5466 -0.2024 131 195 237
-0.0685 -0.5439 -0.2028 132 199 237
-0.0688 -0.5429 -0.1993 131 198 242
-0.0704 -0.5450 -0.1957 127 197 248
-0.0710 -0.5487 -0.1951 125 195 249
-0.0799 -0.5447 -0.1999 54 204 244
-0.0802 -0.5483 -0.1994 54 203 245
-0.0782 -0.5441 -0.1966 58 204 249
-0.0796 -0.5412 -0.2005 54 203 244
-0.0800 -0.5419 -0.2037 53 201 234
-0.0804 -0.5454 -0.2031 53 202 235
-0.0790 -0.5457 -0.2056 59 199 227
-0.0795 -0.5490 -0.2050 60 202 226
-0.0804 -0.5454 -0.2031 53 202 235
-0.0800 -0.5419 -0.2037 53 201 234
-0.0786 -0.5424 -0.2064 58 199 228
-0.0775 -0.5459 -0.2076 54 197 232
-0.0774 -0.5492 -0.2069 64 201 224
-0.0583 -0.5489 -0.2052 128 198 230
-0.0581 -0.5536 -0.2047 125 200 228
-0.0599 -0.5538 -0.2066 117 201 223
-0.0594 -0.5489 -0.2072 130 195 233
-0.0583 -0.5446 -0.2060 130 197 233
-0.0575 -0.5448 -0.2028 132 200 236
-0.0573 -0.5488 -0.2023 131 201 236
-0.0575 -0.5484 -0.1986 131 200 242
-0.0574 -0.5530 -0.1985 130 200 244
-0.0573 -0.5488 -0.2023 131 201 236
-0.0575 -0.5448 -0.2028 132 200 236
-0.0576 -0.5442 -0.1988 132 199 241
-0.0587 -0.5479 -0.1949 128 199 247
-0.0590 -0.5530 -0.1946 126 198 249
-0.0682 -0.5482 -0.1984 53 199 244
-0.0681 -0.5529 -0.1984 53 198 244
-0.0664 -0.5529 -0.1945 57 197 249
-0.0667 -0.5477 -0.1948 57 199 249
-0.0684 -0.5441 -0.1987 53 199 243
-0.0688 -0.5446 -0.2025 52 198 237
-0.0688 -0.5487 -0.2021 52 199 237
-0.0678 -0.5488 -0.2051 56 197 230
-0.0677 -0.5535 -0.2045 57 198 229
-0.0688 -0.5487 -0.2021 52 199 237
-0.0688 -0.5446 -0.2025 52 198 237
-0.0679 -0.5445 -0.2058 55 195 232
-0.0666 -0.5488 -0.2071 54 195 232
-0.0660 -0.5538 -0.2065 64 200 224
-0.0457 -0.5444 -0.2062 129 202 231
-0.0450 -0.5494 -0.2056 127 204 229
-0.0463 -0.5496 -0.2075 119 203 224
-0.0466 -0.5443 -0.2080 131 202 234
-0.0464 -0.5398 -0.2069 130 202 232
-0.0456 -0.5401 -0.2041 132 203 236
-0.0449 -0.5444 -0.2036 131 204 236
-0.0451 -0.5442 -0.2004 131 205 241
-0.0443 -0.5490 -0.2003 131 205 241
-0.0449 -0.5444 -0.2036 131 204 236
-0.0458 -0.5398 -0.2008 132 204 241
-0.0460 -0.5440 -0.1971 129 205 245
-0.0548 -0.5465 -0.1992 55 195 245
-0.0542 -0.5505 -0.1992 55 194 245
-0.0523 -0.5502 -0.1956 60 194 250
-0.0533 -0.5456 -0.1959 59 195 250
-0.0556 -0.5430 -0.1993 55 193 244
-0.0561 -0.5438 -0.2030 53 193 238
-0.0555 -0.5472 -0.2027 52 194 238
-0.0548 -0.5467 -0.2056 56 193 231
-0.0541 -0.5509 -0.2051 56 195 230
-0.0555 -0.5472 -0.2027 52 194 238
-0.0561 -0.5438 -0.2030 53 193 238
-0.0556 -0.5429 -0.2063 56 190 232
-0.0539 -0.5459 -0.2078 55 191 233
-0.0526 -0.5508 -0.2072 63 196 225
-0.0467 -0.5364 -0.2074 131 199 232
-0.0471 -0.5395 -0.2089 132 202 236
-0.0475 -0.5357 -0.2096 130 202 232
-0.0464 -0.5339 -0.2078 127 192 230
-0.0458 -0.5349 -0.2048 131 192 236
-0.0459 -0.5371 -0.2045 132 200 236
-0.0461 -0.5366 -0.2011 132 200 241
-0.0456 -0.5401 -0.2041 132 203 236
-0.0459 -0.5371 -0.2045 132 200 236
-0.0458 -0.5349 -0.2048 131 192 236
-0.0458 -0.5343 -0.2013 130 192 242
-0.0470 -0.5361 -0.1976 129 200 246
-0.0467 -0.5395 -0.1973 129 204 245
-0.0563 -0.5406 -0.1992 60 185 245
-0.0543 -0.5416 -0.1959 60 192 249
-0.0553 -0.5387 -0.1957 66 186 250
-0.0569 -0.5399 -0.1989 104 176 249
-0.0572 -0.5411 -0.2031 102 171 236
-0.0567 -0.5417 -0.2031 56 186 238
-0.0565 -0.5404 -0.2068 63 182 231
-0.0567 -0.5417 -0.2031 56 186 238
-0.0572 -0.5411 -0.2031 102 171 236
-0.0575 -0.5397 -0.2070 104 176 228
-0.0563 -0.5386 -0.2096 59 186 232
-0.0549 -0.5417 -0.2088 55 189 235
-0.0580 -0.5413 -0.2067 130 192 233
-0.0591 -0.5443 -0.2084 132 197 237
-0.0586 -0.5402 -0.2094 131 195 235
-0.0575 -0.5422 -0.2030 132 196 236
-0.0574 -0.5412 -0.1989 131 194 241
-0.0575 -0.5422 -0.2030 132 196 236
-0.0580 -0.5398 -0.1951 128 193 246
-0.0584 -0.5434 -0.1951 129 198 246
-0.0686 -0.5412 -0.1988 54 198 243
-0.0669 -0.5434 -0.1950 58 199 249
-0.0672 -0.5400 -0.1951 59 195 249
-0.0688 -0.5400 -0.1989 95 184 255
-0.0690 -0.5412 -0.2030 83 228 232
-0.0690 -0.5421 -0.2028 52 198 237
-0.0684 -0.5415 -0.2064 55 191 233
-0.0690 -0.5421 -0.2028 52 198 237
-0.0690 -0.5412 -0.2030 83 228 232
-0.0688 -0.5402 -0.2068 102 176 227
-0.0676 -0.5406 -0.2092 55 193 233
-0.0669 -0.5443 -0.2082 53 195 235
-0.0689 -0.5415 -0.2065 132 198 237
-0.0695 -0.5439 -0.2084 131 193 238
-0.0689 -0.5407 -0.2093 132 196 239
-0.0687 -0.5419 -0.2030 131 206 238
-0.0688 -0.5408 -0.1992 132 199 240
-0.0687 -0.5419 -0.2030 131 206 238
-0.0694 -0.5392 -0.1958 125 188 247
-0.0699 -0.5417 -0.1960 128 196 247
-0.0794 -0.5382 -0.2008 54 204 244
-0.0780 -0.5405 -0.1972 58 204 248
-0.0777 -0.5376 -0.1975 59 205 249
-0.0788 -0.5351 -0.2008 55 207 244
-0.0794 -0.5354 -0.2040 54 206 236
-0.0798 -0.5388 -0.2040 53 202 235
-0.0785 -0.5390 -0.2069 57 200 229
-0.0798 -0.5388 -0.2040 53 202 235
-0.0794 -0.5354 -0.2040 54 206 236
-0.0782 -0.5352 -0.2070 57 204 230
-0.0770 -0.5391 -0.2092 55 203 231
-0.0772 -0.5426 -0.2085 53 201 235
-0.0442 -0.4597 -0.1465 139 203 237
-0.0448 -0.4543 -0.1497 138 209 233
-0.0446 -0.4550 -0.1409 139 203 238
-0.0451 -0.4616 -0.1375 138 199 241
-0.0445 -0.4659 -0.1427 138 199 240
-0.0437 -0.4660 -0.1525 138 204 237
-0.0445 -0.4623 -0.1578 135 211 231
-0.0737 -0.5129 -0.1989 57 204 245
-0.0717 -0.5130 -0.1949 58 201 246
-0.0730 -0.5078 -0.1971 57 195 244
-0.0744 -0.5088 -0.2032 56 208 235
-0.0753 -0.5147 -0.2025 55 206 240
-0.0747 -0.5181 -0.1993 58 204 247
-0.0727 -0.5181 -0.1958 59 204 247
-0.0429 -0.5613 -0.2055 126 204 230
-0.0420 -0.5616 -0.2037 130 204 235
-0.0436 -0.5649 -0.2075 120 209 227
-0.0438 -0.5612 -0.2071 129 202 234
-0.0435 -0.5576 -0.2055 127 204 230
-0.0426 -0.5575 -0.2036 130 205 235
-0.0442 -0.5536 -0.2055 127 204 230
-0.0434 -0.5535 -0.2034 130 205 235
-0.0443 -0.5575 -0.2071 130 205 236
-0.0451 -0.5537 -0.2071 129 207 234
-0.0441 -0.5493 -0.2033 131 205 235
-0.0421 -0.5624 -0.2013 130 203 242
-0.0428 -0.5627 -0.1987 128 203 246
-0.0415 -0.5661 -0.2043 129 204 236
-0.0420 -0.5616 -0.2037 130 204 235
-0.0428 -0.5574 -0.2013 130 204 242
-0.0435 -0.5573 -0.1988 128 203 245
-0.0435 -0.5532 -0.2008 130 204 242
-0.0442 -0.5532 -0.1982 129 203 245
-0.0434 -0.5535 -0.2034 130 205 235
-0.0441 -0.5493 -0.2033 131 205 235
-0.0522 -0.5629 -0.2007 54 194 246
-0.0531 -0.5622 -0.2032 51 195 237
-0.0521 -0.5669 -0.2039 51 194 237
-0.0508 -0.5631 -0.1980 56 194 248
-0.0516 -0.5578 -0.1980 56 194 248
-0.0530 -0.5579 -0.2006 54 194 246
-0.0536 -0.5540 -0.1999 55 194 246
-0.0543 -0.5545 -0.2027 52 195 238
-0.0522 -0.5539 -0.1972 57 193 248
-0.0548 -0.5510 -0.2025 52 195 238
-0.0522 -0.5618 -0.2053 56 196 229
-0.0510 -0.5615 -0.2069 55 192 231
-0.0531 -0.5622 -0.2032 51 195 237
-0.0537 -0.5581 -0.2031 51 195 237
-0.0528 -0.5581 -0.2052 56 195 230
-0.0518 -0.5580 -0.2069 52 194 235
-0.0534 -0.5546 -0.2050 55 195 230
-0.0524 -0.5546 -0.2068 53 197 233
-0.0543 -0.5545 -0.2027 52 195 238
-0.0578 -0.5657 -0.2050 123 201 227
-0.0565 -0.5660 -0.2029 130 200 235
-0.0591 -0.5657 -0.2066 127 198 231
-0.0591 -0.5621 -0.2065 129 200 234
-0.0578 -0.5620 -0.2048 124 201 228
-0.0579 -0.5580 -0.2046 124 201 228
-0.0567 -0.5577 -0.2023 130 201 236
-0.0565 -0.5619 -0.2026 130 200 235
-0.0593 -0.5582 -0.2064 128 203 232
-0.0568 -0.5668 -0.2000 129 200 244
-0.0581 -0.5671 -0.1970 126 200 248
-0.0565 -0.5705 -0.2035 129 201 235
-0.0565 -0.5660 -0.2029 130 200 235
-0.0570 -0.5618 -0.1999 129 200 245
-0.0584 -0.5618 -0.1970 127 200 247
-0.0572 -0.5573 -0.1992 129 199 244
-0.0586 -0.5574 -0.1962 127 198 248
-0.0567 -0.5577 -0.2023 130 201 236
-0.0569 -0.5534 -0.2021 131 201 236
-0.0678 -0.5668 -0.2001 51 199 244
-0.0681 -0.5660 -0.2028 51 199 236
-0.0680 -0.5704 -0.2035 50 200 235
-0.0667 -0.5671 -0.1972 54 199 247
-0.0665 -0.5617 -0.1970 54 198 247
-0.0677 -0.5618 -0.1999 52 198 244
-0.0679 -0.5573 -0.1991 53 197 245
-0.0685 -0.5578 -0.2021 51 198 237
-0.0665 -0.5573 -0.1961 55 196 248
-0.0687 -0.5533 -0.2019 51 199 237
-0.0671 -0.5657 -0.2050 55 200 229
-0.0661 -0.5657 -0.2066 52 197 232
-0.0681 -0.5660 -0.2028 51 199 236
-0.0673 -0.5621 -0.2047 55 199 229
-0.0662 -0.5621 -0.2065 51 199 236
-0.0675 -0.5580 -0.2045 56 199 229
-0.0663 -0.5581 -0.2063 53 201 233
-0.0682 -0.5620 -0.2025 51 199 236
-0.0685 -0.5578 -0.2021 51 198 237
-0.0719 -0.5586 -0.2047 124 198 227
-0.0706 -0.5590 -0.2025 130 197 234
-0.0732 -0.5583 -0.2064 127 194 231
-0.0714 -0.5553 -0.2046 125 196 228
-0.0702 -0.5555 -0.2024 130 196 235
-0.0709 -0.5524 -0.2045 126 195 229
-0.0698 -0.5524 -0.2021 131 195 236
-0.0721 -0.5523 -0.2064 129 196 232
-0.0709 -0.5598 -0.1999 130 197 243
-0.0720 -0.5601 -0.1973 127 198 247
-0.0711 -0.5634 -0.2032 129 198 234
-0.0706 -0.5590 -0.2025 130 197 234
-0.0706 -0.5553 -0.2000 129 196 244
-0.0718 -0.5551 -0.1973 127 196 247
-0.0701 -0.5519 -0.1993 129 194 244
-0.0713 -0.5517 -0.1966 126 192 247
-0.0698 -0.5524 -0.2021 131 195 236
-0.0693 -0.5496 -0.2020 131 194 237
-0.0816 -0.5594 -0.2002 53 202 245
-0.0821 -0.5584 -0.2029 51 203 236
-0.0825 -0.5627 -0.2035 51 203 236
-0.0803 -0.5598 -0.1974 56 202 248
-0.0796 -0.5552 -0.1972 56 202 248
-0.0810 -0.5551 -0.2001 54 203 245
-0.0806 -0.5516 -0.1997 54 202 245
-0.0812 -0.5518 -0.2026 52 204 236
-0.0791 -0.5516 -0.1968 57 202 248
-0.0808 -0.5488 -0.2026 52 203 236
-0.0809 -0.5580 -0.2049 58 203 227
-0.0796 -0.5578 -0.2065 54 201 231
-0.0795 -0.5612 -0.2069 62 207 226
-0.0821 -0.5584 -0.2029 51 203 236
-0.0817 -0.5549 -0.2028 52 204 236
-0.0805 -0.5548 -0.2049 58 203 228
-0.0800 -0.5519 -0.2049 59 204 227
-0.0785 -0.5519 -0.2066 57 208 230
-0.0792 -0.5547 -0.2065 53 205 233
-0.0812 -0.5518 -0.2026 52 204 236
-0.0808 -0.5488 -0.2026 52 203 236
-0.0754 -0.5228 -0.1997 58 204 247
-0.0735 -0.5227 -0.1964 59 204 247
-0.0756 -0.5183 -0.2015 56 205 243
-0.0765 -0.5221 -0.2024 54 205 241
-0.0763 -0.5272 -0.2001 57 206 246
-0.0745 -0.5270 -0.1968 59 206 248
-0.0776 -0.5314 -0.2005 57 208 245
-0.0758 -0.5311 -0.1972 60 207 248
-0.0772 -0.5270 -0.2031 54 206 239
-0.0784 -0.5315 -0.2037 54 208 237
-0.0771 -0.5347 -0.1975 59 206 248
-0.0760 -0.5195 -0.2045 55 205 234
-0.0765 -0.5221 -0.2024 54 205 241
-0.0756 -0.5183 -0.2015 56 205 243
-0.0753 -0.5147 -0.2025 55 206 240
-0.0750 -0.5171 -0.2061 56 205 233
-0.0752 -0.5238 -0.2077 57 205 231
-0.0765 -0.5255 -0.2056 56 206 232
-0.0774 -0.5307 -0.2065 57 207 231
-0.0784 -0.5315 -0.2037 54 208 237
-0.0772 -0.5270 -0.2031 54 206 239
-0.0759 -0.5296 -0.2088 58 206 229
-0.0763 -0.5350 -0.2101 62 204 226
-0.0426 -0.5683 -0.2099 130 202 241
-0.0425 -0.5710 -0.2114 125 199 230
-0.0428 -0.5693 -0.2113 120 206 226
-0.0427 -0.5672 -0.2104 123 212 231
-0.0436 -0.5656 -0.2086 123 216 236
-0.0495 -0.5688 -0.2100 50 197 238
-0.0493 -0.5659 -0.2086 57 213 233
-0.0494 -0.5677 -0.2105 57 206 229
-0.0488 -0.5698 -0.2114 62 202 225
-0.0488 -0.5716 -0.2115 57 194 228
-0.0587 -0.5728 -0.2096 128 199 244
-0.0588 -0.5756 -0.2110 125 194 230
-0.0588 -0.5739 -0.2109 122 203 228
-0.0586 -0.5718 -0.2101 126 210 234
-0.0595 -0.5701 -0.2091 120 217 233
-0.0597 -0.5699 -0.2083 124 215 237
-0.0660 -0.5725 -0.2096 50 199 241
-0.0653 -0.5698 -0.2083 57 215 235
-0.0660 -0.5716 -0.2101 56 209 230
-0.0657 -0.5736 -0.2110 60 204 226
-0.0658 -0.5752 -0.2110 55 195 229
-0.0802 -0.5647 -0.2094 51 201 242
-0.0795 -0.5619 -0.2080 57 215 235
-0.0795 -0.5621 -0.2088 60 216 232
-0.0803 -0.5638 -0.2099 55 210 232
-0.0802 -0.5659 -0.2108 58 205 228
-0.0802 -0.5676 -0.2109 54 197 230
-0.0742 -0.5651 -0.2094 130 198 239
-0.0746 -0.5679 -0.2109 124 195 229
-0.0745 -0.5662 -0.2108 121 203 226
-0.0741 -0.5641 -0.2099 125 207 230
-0.0746 -0.5622 -0.2080 125 212 234
-0.0786 -0.5521 -0.2078 56 213 237
-0.0773 -0.5503 -0.2078 67 217 228
-0.0774 -0.5509 -0.2085 69 216 226
-0.0786 -0.5523 -0.2087 62 212 228
-0.0794 -0.5547 -0.2078 53 206 242
-0.0796 -0.5576 -0.2077 51 197 239
-0.0796 -0.5575 -0.2086 57 196 229
-0.0791 -0.5592 -0.2084 61 190 227
-0.0792 -0.5599 -0.2077 59 189 229
-0.0720 -0.5525 -0.2077 131 200 239
-0.0726 -0.5552 -0.2064 129 194 234
-0.0724 -0.5553 -0.2077 130 194 242
-0.0720 -0.5528 -0.2086 126 202 229
-0.0724 -0.5512 -0.2084 122 208 227
-0.0723 -0.5505 -0.2078 124 209 229
-0.0732 -0.5581 -0.2077 128 188 239
-0.0743 -0.5602 -0.2077 118 183 229
-0.0742 -0.5596 -0.2084 117 184 227
-0.0731 -0.5580 -0.2086 122 188 229
-0.0592 -0.5585 -0.2076 130 206 239
-0.0588 -0.5622 -0.2077 129 200 243
-0.0591 -0.5587 -0.2085 124 206 228
-0.0600 -0.5565 -0.2082 119 210 226
-0.0601 -0.5556 -0.2076 121 210 227
-0.0591 -0.5655 -0.2078 129 193 239
-0.0599 -0.5679 -0.2079 119 187 228
-0.0598 -0.5671 -0.2085 118 188 226
-0.0590 -0.5654 -0.2087 124 193 229
-0.0664 -0.5584 -0.2076 51 204 238
-0.0657 -0.5555 -0.2075 61 209 227
-0.0656 -0.5565 -0.2082 64 209 225
-0.0664 -0.5587 -0.2084 58 205 228
-0.0666 -0.5621 -0.2077 51 198 243
-0.0662 -0.5655 -0.2078 51 192 239
-0.0662 -0.5653 -0.2086 58 192 228
-0.0653 -0.5671 -0.2085 63 188 226
-0.0653 -0.5679 -0.2079 61 187 228
-0.0449 -0.5539 -0.2084 128 211 238
-0.0440 -0.5574 -0.2084 130 205 242
-0.0450 -0.5541 -0.2093 120 210 227
-0.0462 -0.5523 -0.2091 114 213 225
-0.0463 -0.5514 -0.2084 118 213 227
-0.0437 -0.5609 -0.2083 131 198 238
-0.0441 -0.5635 -0.2083 121 191 227
-0.0443 -0.5626 -0.2090 118 192 225
-0.0438 -0.5607 -0.2092 123 197 227
-0.0524 -0.5548 -0.2081 51 200 237
-0.0521 -0.5522 -0.2082 59 207 228
-0.0519 -0.5530 -0.2089 63 206 225
-0.0523 -0.5550 -0.2090 58 201 227
-0.0521 -0.5581 -0.2080 52 194 242
-0.0511 -0.5614 -0.2081 54 188 238
-0.0511 -0.5612 -0.2090 60 189 228
-0.0499 -0.5630 -0.2089 65 186 226
-0.0497 -0.5638 -0.2082 63 185 228
-0.0476 -0.5361 -0.2108 128 207 230
-0.0470 -0.5397 -0.2100 132 203 236
-0.0480 -0.5368 -0.2116 118 202 223
-0.0490 -0.5351 -0.2119 112 205 221
-0.0488 -0.5338 -0.2115 115 205 222
-0.0563 -0.5383 -0.2110 55 192 233
-0.0566 -0.5362 -0.2117 69 195 222
-0.0559 -0.5369 -0.2120 72 195 221
-0.0559 -0.5386 -0.2117 66 191 224
-0.0552 -0.5415 -0.2101 54 190 238
-0.0466 -0.5441 -0.2091 131 199 235
-0.0468 -0.5479 -0.2084 113 192 223
-0.0471 -0.5468 -0.2090 115 192 223
-0.0468 -0.5441 -0.2097 122 194 225
-0.0471 -0.5401 -0.2108 123 199 226
-0.0539 -0.5455 -0.2090 55 189 235
-0.0538 -0.5453 -0.2097 65 187 227
-0.0527 -0.5477 -0.2089 71 186 224
-0.0526 -0.5489 -0.2082 68 187 225
-0.0585 -0.5404 -0.2107 131 200 234
-0.0589 -0.5445 -0.2095 132 197 239
-0.0588 -0.5411 -0.2113 121 195 225
-0.0592 -0.5388 -0.2119 114 197 222
-0.0588 -0.5375 -0.2117 118 199 223
-0.0675 -0.5408 -0.2105 54 197 232
-0.0673 -0.5382 -0.2114 69 199 222
-0.0667 -0.5393 -0.2117 71 196 221
-0.0671 -0.5414 -0.2111 65 194 224
-0.0670 -0.5445 -0.2094 52 196 238
-0.0594 -0.5487 -0.2083 131 194 236
-0.0601 -0.5520 -0.2074 116 190 224
-0.0602 -0.5510 -0.2080 113 188 224
-0.0595 -0.5487 -0.2088 121 189 227
-0.0590 -0.5449 -0.2101 124 193 228
-0.0665 -0.5487 -0.2082 53 193 235
-0.0668 -0.5449 -0.2100 60 192 227
-0.0663 -0.5486 -0.2087 63 189 226
-0.0657 -0.5520 -0.2073 68 190 224
-0.0771 -0.5396 -0.2107 54 208 235
-0.0759 -0.5373 -0.2114 65 209 225
-0.0758 -0.5385 -0.2120 69 207 223
-0.0770 -0.5403 -0.2117 62 205 226
-0.0776 -0.5428 -0.2099 54 205 243
-0.0686 -0.5409 -0.2110 132 198 238
-0.0694 -0.5441 -0.2099 130 191 239
-0.0688 -0.5414 -0.2119 124 193 227
-0.0690 -0.5394 -0.2122 121 199 225
-0.0687 -0.5383 -0.2118 127 204 228
-0.0775 -0.5459 -0.2089 52 196 240
-0.0777 -0.5459 -0.2098 58 190 231
-0.0769 -0.5476 -0.2090 64 184 229
-0.0769 -0.5482 -0.2082 62 185 230
-0.0704 -0.5468 -0.2089 127 185 238
-0.0717 -0.5486 -0.2081 117 178 232
-0.0716 -0.5481 -0.2090 113 178 229
-0.0706 -0.5468 -0.2098 117 182 229
-0.0573 -0.5267 -0.2112 72 203 221
-0.0579 -0.5274 -0.2108 99 203 218
-0.0582 -0.5204 -0.2097 98 206 218
-0.0576 -0.5202 -0.2101 71 204 222
-0.0562 -0.5257 -0.2117 78 204 220
-0.0557 -0.5290 -0.2122 78 201 220
-0.0565 -0.5314 -0.2119 78 199 220
-0.0579 -0.5352 -0.2112 95 194 219
-0.0579 -0.5139 -0.2087 69 207 223
-0.0585 -0.5135 -0.2081 99 211 219
-0.0589 -0.5061 -0.2050 107 219 223
-0.0577 -0.5093 -0.2075 75 213 222
-0.0569 -0.5111 -0.2086 80 210 220
-0.0570 -0.5144 -0.2096 79 207 220
-0.0583 -0.5273 -0.2112 122 203 224
-0.0588 -0.5327 -0.2119 114 199 221
-0.0593 -0.5310 -0.2122 111 202 220
-0.0590 -0.5271 -0.2118 113 203 221
-0.0585 -0.5205 -0.2101 123 205 225
-0.0589 -0.5138 -0.2088 125 207 226
-0.0597 -0.5142 -0.2098 116 208 222
-0.0603 -0.5105 -0.2088 116 210 222
-0.0598 -0.5088 -0.2076 120 212 224
-0.0752 -0.5289 -0.2102 59 205 228
-0.0747 -0.5233 -0.2090 57 204 230
-0.0745 -0.5285 -0.2111 68 205 223
-0.0744 -0.5317 -0.2116 71 204 222
-0.0752 -0.5330 -0.2112 66 202 224
-0.0746 -0.5171 -0.2076 57 204 231
-0.0742 -0.5118 -0.2065 59 208 230
-0.0739 -0.5137 -0.2078 63 206 226
-0.0741 -0.5176 -0.2087 63 205 226
-0.0513 -0.4651 -0.1696 138 203 233
-0.0521 -0.4633 -0.1715 128 214 226
-0.0507 -0.4554 -0.1609 138 206 233
-0.0506 -0.4568 -0.1595 136 209 231
-0.0508 -0.4462 -0.1517 139 206 234
-0.0507 -0.4477 -0.1504 135 212 230
-0.0515 -0.4538 -0.1622 127 217 226
-0.0515 -0.4444 -0.1531 131 215 227
-0.0512 -0.4382 -0.1438 140 206 233
-0.0509 -0.4400 -0.1424 134 213 228
-0.0679 -0.4674 -0.1693 58 201 237
-0.0675 -0.4695 -0.1669 59 207 233
-0.0676 -0.4602 -0.1584 60 208 233
-0.0678 -0.4582 -0.1603 59 203 237
-0.0677 -0.4650 -0.1715 64 213 229
-0.0675 -0.4485 -0.1520 60 202 237
-0.0670 -0.4506 -0.1503 61 207 233
-0.0673 -0.4452 -0.1462 60 204 233
-0.0675 -0.4419 -0.1457 61 202 233
-0.0672 -0.4463 -0.1536 67 213 228
-0.0675 -0.4560 -0.1620 65 214 229
-0.0451 -0.4529 -0.1371 139 203 240
-0.0452 -0.4466 -0.1396 139 207 236
-0.0456 -0.4456 -0.1368 139 206 239
-0.0457 -0.4523 -0.1346 138 203 242
-0.0458 -0.4598 -0.1341 137 200 242
-0.0449 -0.4490 -0.1437 139 208 234
-0.0461 -0.4428 -0.1403 136 213 232
-0.0462 -0.4454 -0.1443 132 216 229
-0.0480 -0.4419 -0.1426 121 221 224
-0.0472 -0.4400 -0.1392 134 215 229
-0.0461 -0.4415 -0.1375 139 210 235
-0.0474 -0.4649 -0.1321 134 195 244
-0.0468 -0.4668 -0.1351 135 195 244
-0.0465 -0.4593 -0.1321 136 200 244
-0.0480 -0.4643 -0.1305 133 195 246
-0.0499 -0.4677 -0.1296 128 191 248
-0.0495 -0.4687 -0.1308 130 191 247
-0.0429 -0.5747 -0.1979 113 188 253
-0.0425 -0.5770 -0.1998 104 172 242
-0.0437 -0.5707 -0.1961 117 195 253
-0.0448 -0.5750 -0.1972 93 183 255
-0.0444 -0.5772 -0.1994 94 169 241
-0.0468 -0.5750 -0.1977 74 183 254
-0.0464 -0.5774 -0.1996 85 170 242
-0.0472 -0.5710 -0.1958 69 188 254
-0.0474 -0.5441 -0.1942 123 204 251
-0.0468 -0.5485 -0.1941 122 203 251
-0.0482 -0.5396 -0.1943 123 205 251
-0.0493 -0.5444 -0.1927 99 201 255
-0.0514 -0.5449 -0.1935 70 196 255
-0.0504 -0.5491 -0.1934 70 197 255
-0.0523 -0.5406 -0.1935 71 195 255
-0.0488 -0.5362 -0.1945 123 203 251
-0.0491 -0.5330 -0.1943 121 197 252
-0.0516 -0.5339 -0.1924 102 196 255
-0.0510 -0.5368 -0.1927 101 200 255
-0.0533 -0.5376 -0.1933 77 193 255
-0.0502 -0.5400 -0.1927 100 201 255
-0.0541 -0.5347 -0.1929 82 194 255
-0.0568 -0.5363 -0.1946 101 187 255
-0.0552 -0.5140 -0.1895 82 192 255
-0.0550 -0.5177 -0.1899 76 196 255
-0.0529 -0.5170 -0.1888 98 198 255
-0.0534 -0.5136 -0.1887 102 195 255
-0.0553 -0.5109 -0.1881 92 182 253
-0.0572 -0.5112 -0.1885 104 182 253
-0.0571 -0.5145 -0.1903 100 191 255
-0.0469 -0.5767 -0.2109 76 183 224
-0.0470 -0.5777 -0.2099 83 170 238
-0.0469 -0.5747 -0.2118 76 190 221
-0.0451 -0.5766 -0.2110 92 182 223
-0.0449 -0.5775 -0.2101 95 169 240
-0.0433 -0.5763 -0.2109 107 186 223
-0.0429 -0.5771 -0.2100 108 173 239
-0.0438 -0.5744 -0.2117 106 192 221
-0.0496 -0.4487 -0.1501 119 221 224
-0.0497 -0.4575 -0.1587 122 218 224
-0.0506 -0.4568 -0.1595 136 209 231
-0.0507 -0.4477 -0.1504 135 212 230
-0.0498 -0.4412 -0.1426 116 221 223
-0.0480 -0.4496 -0.1503 115 222 224
-0.0462 -0.4512 -0.1506 128 217 227
-0.0463 -0.4592 -0.1582 124 218 225
-0.0481 -0.4581 -0.1583 115 220 223
-0.0504 -0.4675 -0.1666 120 217 224
-0.0513 -0.4667 -0.1676 136 206 231
-0.0469 -0.4682 -0.1662 112 221 223
-0.0488 -0.4678 -0.1663 108 220 222
-0.0461 -0.4710 -0.1401 134 194 243
-0.0452 -0.4757 -0.1464 134 194 243
-0.0439 -0.4711 -0.1487 137 200 240
-0.0490 -0.4709 -0.1335 130 190 246
-0.0484 -0.4750 -0.1384 128 188 246
-0.0512 -0.4774 -0.1373 121 182 246
-0.0511 -0.4820 -0.1443 114 179 247
-0.0516 -0.4738 -0.1324 124 185 247
-0.0543 -0.4756 -0.1317 115 181 249
-0.0543 -0.4789 -0.1365 115 179 247
-0.0543 -0.4830 -0.1435 114 178 246
-0.0515 -0.4873 -0.1530 110 177 247
-0.0485 -0.4869 -0.1545 119 180 246
-0.0475 -0.4808 -0.1461 125 184 246
-0.0547 -0.4881 -0.1524 113 178 246
-0.0548 -0.5224 -0.1906 77 195 255
-0.0546 -0.5272 -0.1914 80 195 255
-0.0522 -0.5262 -0.1904 99 194 255
-0.0525 -0.5215 -0.1894 97 196 255
-0.0569 -0.5182 -0.1910 97 196 255
-0.0568 -0.5230 -0.1918 98 196 255
-0.0490 -0.5291 -0.1933 118 194 253
-0.0465 -0.5325 -0.1975 124 191 249
-0.0460 -0.5280 -0.1957 114 191 254
-0.0490 -0.5247 -0.1922 118 196 254
-0.0520 -0.5304 -0.1915 101 193 255
-0.0545 -0.5313 -0.1922 84 194 255
-0.0568 -0.5278 -0.1925 99 196 255
-0.0568 -0.5319 -0.1930 99 194 255
-0.0450 -0.5646 -0.2083 98 229 238
-0.0451 -0.5647 -0.2078 118 213 227
-0.0447 -0.5650 -0.2094 102 224 229
-0.0465 -0.5649 -0.2094 89 224 227
-0.0466 -0.5646 -0.2083 88 229 240
-0.0482 -0.5647 -0.2083 74 227 239
-0.0481 -0.5649 -0.2078 61 197 225
-0.0466 -0.5648 -0.2079 90 188 255
-0.0482 -0.5651 -0.2094 76 222 228
-0.0473 -0.5724 -0.2122 77 195 220
-0.0479 -0.5699 -0.2119 79 205 220
-0.0458 -0.5696 -0.2120 90 207 220
-0.0455 -0.5722 -0.2123 91 198 219
-0.0437 -0.5721 -0.2121 105 197 220
-0.0437 -0.5694 -0.2118 101 207 220
-0.0481 -0.5671 -0.2108 80 213 222
-0.0491 -0.5660 -0.2094 62 215 229
-0.0462 -0.5669 -0.2109 89 214 221
-0.0441 -0.5668 -0.2107 98 215 222
-0.0436 -0.5657 -0.2094 115 220 231
-0.0478 -0.5506 -0.2086 96 219 223
-0.0479 -0.5500 -0.2080 97 208 219
-0.0474 -0.5518 -0.2094 100 213 221
-0.0492 -0.5519 -0.2096 88 211 220
-0.0493 -0.5508 -0.2087 86 220 224
-0.0494 -0.5503 -0.2081 88 207 219
-0.0509 -0.5511 -0.2085 74 218 225
-0.0510 -0.5506 -0.2079 77 205 220
-0.0509 -0.5522 -0.2093 76 210 221
-0.0482 -0.5646 -0.2084 85 177 226
-0.0497 -0.5652 -0.2074 63 200 224
-0.0487 -0.5635 -0.2093 79 185 222
-0.0470 -0.5635 -0.2095 91 186 221
-0.0467 -0.5646 -0.2085 92 175 227
-0.0452 -0.5645 -0.2084 103 177 227
-0.0453 -0.5633 -0.2093 103 187 222
-0.0496 -0.5611 -0.2097 79 194 220
-0.0505 -0.5580 -0.2097 78 198 220
-0.0480 -0.5578 -0.2102 89 199 219
-0.0474 -0.5610 -0.2100 90 195 219
-0.0453 -0.5608 -0.2099 101 196 219
-0.0455 -0.5575 -0.2100 100 201 219
-0.0508 -0.5548 -0.2097 78 201 220
-0.0487 -0.5545 -0.2101 89 203 219
-0.0465 -0.5543 -0.2099 99 205 219
-0.0511 -0.5499 -0.2082 84 187 221
-0.0515 -0.5483 -0.2090 84 186 221
-0.0498 -0.5482 -0.2092 93 187 220
-0.0495 -0.5497 -0.2084 93 187 220
-0.0480 -0.5494 -0.2083 102 189 221
-0.0481 -0.5478 -0.2091 104 189 221
-0.0507 -0.5335 -0.2120 99 208 219
-0.0505 -0.5320 -0.2116 103 200 219
-0.0505 -0.5350 -0.2125 102 205 219
-0.0530 -0.5341 -0.2123 90 209 219
-0.0529 -0.5328 -0.2119 95 201 218
-0.0552 -0.5349 -0.2122 80 207 220
-0.0552 -0.5338 -0.2118 85 201 219
-0.0527 -0.5356 -0.2128 92 204 218
-0.0548 -0.5362 -0.2126 83 201 219
-0.0543 -0.5385 -0.2123 84 193 219
-0.0535 -0.5417 -0.2115 83 190 220
-0.0550 -0.5417 -0.2108 62 189 228
-0.0520 -0.5381 -0.2126 94 195 219
-0.0497 -0.5375 -0.2122 104 198 219
-0.0488 -0.5408 -0.2114 105 194 220
-0.0511 -0.5414 -0.2118 94 192 219
-0.0524 -0.5453 -0.2103 84 188 220
-0.0504 -0.5451 -0.2105 94 190 220
-0.0483 -0.5446 -0.2103 104 192 220
-0.0547 -0.5320 -0.2123 90 195 218
-0.0543 -0.5290 -0.2126 88 200 218
-0.0524 -0.5307 -0.2123 98 195 219
-0.0502 -0.5297 -0.2121 103 194 219
-0.0521 -0.5277 -0.2127 95 201 218
-0.0499 -0.5267 -0.2124 99 202 218
-0.0481 -0.5285 -0.2118 102 194 219
-0.0478 -0.5317 -0.2106 114 193 222
-0.0519 -0.5091 -0.2057 114 220 226
-0.0522 -0.5063 -0.2023 113 221 226
-0.0500 -0.5098 -0.2044 119 220 228
-0.0513 -0.5113 -0.2073 113 216 223
-0.0537 -0.5106 -0.2081 107 215 221
-0.0541 -0.5084 -0.2064 108 221 225
-0.0562 -0.5080 -0.2069 98 221 223
-0.0564 -0.5053 -0.2032 105 223 225
-0.0543 -0.5057 -0.2028 107 223 225
-0.0558 -0.5104 -0.2085 95 214 220
-0.0545 -0.5246 -0.2120 87 205 219
-0.0566 -0.5199 -0.2107 79 205 220
-0.0550 -0.5195 -0.2109 91 207 218
-0.0524 -0.5237 -0.2120 94 207 218
-0.0499 -0.5230 -0.2116 97 209 219
-0.0529 -0.5192 -0.2107 98 209 219
-0.0501 -0.5189 -0.2101 101 212 220
-0.0475 -0.5223 -0.2112 93 211 219
-0.0479 -0.5256 -0.2121 98 202 218
-0.0554 -0.5145 -0.2098 95 209 219
-0.0533 -0.5145 -0.2095 103 210 219
-0.0507 -0.5148 -0.2088 108 212 221
-0.0490 -0.5120 -0.2061 116 218 225
-0.0480 -0.5150 -0.2077 109 216 222
-0.0723 -0.4461 -0.1401 67 217 231
-0.0725 -0.4487 -0.1431 71 219 227
-0.0737 -0.4489 -0.1388 62 212 237
-0.0730 -0.4474 -0.1364 61 210 239
-0.0720 -0.4446 -0.1375 64 215 234
-0.0705 -0.4444 -0.1410 69 215 227
-0.0702 -0.4469 -0.1434 76 219 224
-0.0707 -0.4413 -0.1330 63 214 236
-0.0721 -0.4458 -0.1333 61 208 239
-0.0716 -0.4448 -0.1290 61 207 237
-0.0690 -0.4377 -0.1333 64 214 236
-0.0706 -0.4426 -0.1386 64 214 232
-0.0724 -0.4524 -0.1317 61 204 242
-0.0714 -0.4591 -0.1297 64 199 247
-0.0734 -0.4531 -0.1341 62 207 243
-0.0730 -0.4592 -0.1316 65 203 248
-0.0744 -0.4544 -0.1362 61 207 241
-0.0740 -0.4604 -0.1333 63 203 245
-0.0746 -0.4518 -0.1420 62 213 234
-0.0750 -0.4569 -0.1381 60 205 240
-0.0724 -0.4643 -0.1313 68 198 250
-0.0747 -0.4625 -0.1352 61 201 243
-0.0732 -0.4661 -0.1330 65 196 247
-0.0701 -0.4672 -0.1301 74 194 252
-0.0697 -0.4659 -0.1296 76 196 253
-0.0714 -0.4633 -0.1302 71 198 251
-0.0674 -0.4699 -0.1294 78 190 252
-0.0678 -0.4729 -0.1317 77 186 251
-0.0645 -0.4721 -0.1292 85 186 253
-0.0638 -0.4694 -0.1272 81 180 248
-0.0677 -0.4672 -0.1287 76 191 252
-0.0709 -0.4697 -0.1320 72 190 250
-0.0695 -0.4638 -0.1287 69 193 249
-0.0677 -0.4648 -0.1266 66 186 242
-0.0755 -0.5715 -0.1969 102 183 255
-0.0759 -0.5739 -0.1989 91 170 244
-0.0751 -0.5675 -0.1950 107 188 255
-0.0780 -0.5713 -0.1966 84 183 255
-0.0782 -0.5736 -0.1988 84 170 242
-0.0800 -0.5710 -0.1972 67 187 253
-0.0801 -0.5734 -0.1992 76 172 243
-0.0793 -0.5670 -0.1953 64 194 254
-0.0721 -0.5445 -0.1933 117 199 254
-0.0727 -0.5478 -0.1929 115 198 255
-0.0714 -0.5410 -0.1935 117 196 254
-0.0734 -0.5406 -0.1927 88 201 255
-0.0741 -0.5442 -0.1925 88 203 255
-0.0762 -0.5440 -0.1939 65 204 253
-0.0764 -0.5475 -0.1934 65 203 253
-0.0758 -0.5404 -0.1943 65 204 253
-0.0708 -0.5383 -0.1934 112 192 255
-0.0681 -0.5369 -0.1947 89 187 255
-0.0701 -0.5356 -0.1930 106 192 255
-0.0729 -0.5379 -0.1927 85 200 255
-0.0754 -0.5376 -0.1944 65 204 253
-0.0747 -0.5348 -0.1943 64 204 252
-0.0664 -0.5147 -0.1898 103 191 255
-0.0671 -0.5191 -0.1905 108 196 255
-0.0651 -0.5191 -0.1914 88 196 255
-0.0646 -0.5148 -0.1904 86 191 255
-0.0642 -0.5109 -0.1883 84 182 252
-0.0660 -0.5108 -0.1880 96 181 253
-0.0683 -0.5145 -0.1894 80 195 255
-0.0700 -0.5137 -0.1914 61 200 249
-0.0709 -0.5185 -0.1921 61 203 249
-0.0695 -0.5094 -0.1895 62 190 246
-0.0712 -0.5082 -0.1927 59 192 244
-0.0796 -0.5729 -0.2102 72 188 222
-0.0802 -0.5739 -0.2092 70 173 236
-0.0790 -0.5709 -0.2111 74 192 221
-0.0778 -0.5732 -0.2103 87 185 222
-0.0780 -0.5745 -0.2094 83 170 236
-0.0759 -0.5734 -0.2102 102 186 222
-0.0756 -0.5747 -0.2093 97 171 234
-0.0762 -0.5711 -0.2111 103 191 221
-0.0736 -0.4552 -0.1487 78 221 225
-0.0745 -0.4635 -0.1561 84 222 224
-0.0760 -0.4576 -0.1484 66 216 231
-0.0709 -0.4538 -0.1489 82 220 223
-0.0717 -0.4628 -0.1564 85 221 223
-0.0684 -0.4523 -0.1494 73 217 225
-0.0691 -0.4617 -0.1571 73 218 225
-0.0680 -0.4448 -0.1439 67 209 226
-0.0745 -0.4718 -0.1647 88 223 224
-0.0775 -0.4723 -0.1635 73 218 226
-0.0773 -0.4650 -0.1554 70 219 228
-0.0716 -0.4715 -0.1648 89 223 223
-0.0690 -0.4708 -0.1655 74 218 225
-0.0684 -0.4772 -0.1364 79 182 249
-0.0687 -0.4824 -0.1433 82 179 248
-0.0654 -0.4792 -0.1364 82 180 249
-0.0650 -0.4753 -0.1318 82 183 251
-0.0714 -0.4753 -0.1369 75 185 249
-0.0719 -0.4808 -0.1434 81 180 248
-0.0683 -0.4881 -0.1524 84 177 247
-0.0654 -0.4892 -0.1522 81 177 247
-0.0656 -0.4838 -0.1432 82 178 247
-0.0714 -0.4867 -0.1519 83 177 247
-0.0676 -0.5236 -0.1910 109 196 255
-0.0682 -0.5281 -0.1916 107 194 255
-0.0655 -0.5238 -0.1920 88 197 255
-0.0697 -0.5234 -0.1902 83 198 255
-0.0704 -0.5277 -0.1908 84 197 255
-0.0716 -0.5230 -0.1926 60 203 249
-0.0725 -0.5273 -0.1931 61 203 250
-0.0691 -0.5321 -0.1923 104 193 255
-0.0669 -0.5325 -0.1931 88 195 255
-0.0713 -0.5317 -0.1916 83 197 255
-0.0736 -0.5313 -0.1938 63 204 251
-0.0723 -0.5352 -0.1924 83 197 255
-0.0756 -0.5610 -0.2077 103 228 237
-0.0756 -0.5612 -0.2072 123 207 228
-0.0743 -0.5616 -0.2068 119 202 225
-0.0755 -0.5615 -0.2088 106 222 228
-0.0770 -0.5613 -0.2089 92 223 226
-0.0769 -0.5608 -0.2077 94 229 239
-0.0769 -0.5610 -0.2073 95 189 255
-0.0783 -0.5609 -0.2077 82 229 237
-0.0782 -0.5610 -0.2072 59 210 229
-0.0786 -0.5613 -0.2088 78 223 228
-0.0791 -0.5686 -0.2116 75 196 221
-0.0794 -0.5661 -0.2113 78 206 220
-0.0774 -0.5661 -0.2115 90 207 219
-0.0775 -0.5687 -0.2117 90 198 219
-0.0758 -0.5687 -0.2116 104 195 220
-0.0754 -0.5662 -0.2114 102 205 220
-0.0791 -0.5634 -0.2102 81 214 222
-0.0772 -0.5633 -0.2103 91 214 221
-0.0753 -0.5635 -0.2102 101 214 222
-0.0746 -0.5624 -0.2088 120 216 231
-0.0732 -0.5497 -0.2080 106 222 227
-0.0732 -0.5494 -0.2075 108 194 221
-0.0732 -0.5506 -0.2088 105 213 222
-0.0745 -0.5496 -0.2081 93 224 227
-0.0745 -0.5494 -0.2076 91 198 219
-0.0759 -0.5496 -0.2080 83 224 227
-0.0759 -0.5493 -0.2075 75 200 220
-0.0747 -0.5505 -0.2090 93 214 221
-0.0763 -0.5505 -0.2088 82 216 222
-0.0781 -0.5608 -0.2078 76 176 229
-0.0782 -0.5598 -0.2087 77 185 222
-0.0769 -0.5609 -0.2079 88 174 229
-0.0756 -0.5609 -0.2078 100 174 229
-0.0767 -0.5600 -0.2089 89 184 221
-0.0752 -0.5600 -0.2087 101 183 223
-0.0783 -0.5577 -0.2092 79 196 220
-0.0781 -0.5550 -0.2094 80 201 219
-0.0764 -0.5579 -0.2095 90 195 219
-0.0744 -0.5580 -0.2092 102 192 220
-0.0758 -0.5552 -0.2097 91 199 219
-0.0736 -0.5554 -0.2094 103 197 220
-0.0772 -0.5525 -0.2093 81 207 220
-0.0752 -0.5526 -0.2095 92 204 219
-0.0733 -0.5527 -0.2093 103 203 220
-0.0722 -0.5554 -0.2087 127 194 230
-0.0758 -0.5491 -0.2080 79 175 230
-0.0759 -0.5483 -0.2091 79 179 225
-0.0744 -0.5493 -0.2081 90 173 230
-0.0731 -0.5493 -0.2080 98 173 230
-0.0743 -0.5485 -0.2092 90 178 225
-0.0727 -0.5486 -0.2091 100 177 226
-0.0701 -0.5371 -0.2122 107 213 222
-0.0702 -0.5361 -0.2117 100 199 219
-0.0684 -0.5371 -0.2108 100 193 219
-0.0700 -0.5387 -0.2128 106 203 220
-0.0721 -0.5384 -0.2130 92 204 218
-0.0721 -0.5368 -0.2123 93 213 220
-0.0741 -0.5366 -0.2120 82 213 221
-0.0742 -0.5354 -0.2114 77 204 220
-0.0722 -0.5357 -0.2117 89 202 218
-0.0743 -0.5382 -0.2127 82 206 219
-0.0753 -0.5406 -0.2124 81 198 219
-0.0762 -0.5434 -0.2116 80 192 220
-0.0727 -0.5410 -0.2128 91 195 219
-0.0736 -0.5438 -0.2119 90 190 220
-0.0704 -0.5413 -0.2125 101 193 219
-0.0711 -0.5442 -0.2116 100 188 221
-0.0695 -0.5444 -0.2109 121 187 228
-0.0762 -0.5462 -0.2104 80 186 222
-0.0740 -0.5466 -0.2106 90 185 221
-0.0720 -0.5467 -0.2104 99 183 222
-0.0739 -0.5346 -0.2118 78 194 220
-0.0734 -0.5327 -0.2122 81 200 219
-0.0719 -0.5349 -0.2121 88 191 219
-0.0698 -0.5353 -0.2121 93 190 219
-0.0714 -0.5329 -0.2125 90 199 218
-0.0693 -0.5330 -0.2125 94 199 218
-0.0676 -0.5355 -0.2120 92 188 220
-0.0698 -0.5065 -0.2064 82 221 225
-0.0694 -0.5041 -0.2028 81 224 227
-0.0678 -0.5058 -0.2064 86 222 224
-0.0677 -0.5086 -0.2084 89 214 220
-0.0697 -0.5094 -0.2084 86 213 220
-0.0716 -0.5076 -0.2064 76 219 225
-0.0712 -0.5049 -0.2028 80 223 227
-0.0732 -0.5090 -0.2062 67 215 227
-0.0729 -0.5059 -0.2028 70 219 228
-0.0716 -0.5106 -0.2084 80 212 221
-0.0731 -0.5122 -0.2081 71 209 223
-0.0744 -0.5088 -0.2032 56 208 235
-0.0730 -0.5282 -0.2117 81 205 219
-0.0742 -0.5231 -0.2100 65 205 224
-0.0729 -0.5225 -0.2106 78 206 220
-0.0712 -0.5280 -0.2120 89 204 218
-0.0691 -0.5278 -0.2120 93 204 218
-0.0712 -0.5218 -0.2110 87 206 218
-0.0692 -0.5212 -0.2110 92 205 218
-0.0669 -0.5277 -0.2120 92 204 218
-0.0671 -0.5331 -0.2124 92 198 218
-0.0730 -0.5169 -0.2095 75 207 221
-0.0714 -0.5156 -0.2098 84 207 219
-0.0695 -0.5146 -0.2099 90 207 218
-0.0674 -0.5140 -0.2098 91 207 218
-0.0671 -0.5208 -0.2110 92 205 218
-0.0565 -0.4739 -0.1291 102 185 253
-0.0568 -0.4764 -0.1313 104 180 250
-0.0542 -0.4732 -0.1293 113 185 252
-0.0566 -0.4721 -0.1282 100 190 255
-0.0587 -0.4724 -0.1284 96 189 255
-0.0590 -0.4739 -0.1292 96 186 254
-0.0575 -0.4707 -0.1277 102 184 253
-0.0543 -0.4703 -0.1278 107 188 254
-0.0538 -0.4691 -0.1271 118 179 246
-0.0604 -0.4715 -0.1281 94 186 254
-0.0617 -0.4734 -0.1291 91 186 254
-0.0622 -0.4763 -0.1315 89 182 251
-0.0595 -0.4766 -0.1313 96 181 251
-0.0597 -0.5792 -0.1960 107 186 255
-0.0597 -0.5815 -0.1978 97 171 244
-0.0600 -0.5751 -0.1943 112 192 255
-0.0620 -0.5792 -0.1955 87 183 255
-0.0620 -0.5815 -0.1976 87 169 243
-0.0645 -0.5791 -0.1962 70 185 254
-0.0643 -0.5814 -0.1980 79 171 243
-0.0644 -0.5750 -0.1946 67 191 255
-0.0604 -0.5476 -0.1922 119 198 253
-0.0609 -0.5520 -0.1921 117 198 254
-0.0600 -0.5431 -0.1922 120 198 253
-0.0621 -0.5430 -0.1910 94 200 255
-0.0624 -0.5475 -0.1911 93 199 255
-0.0646 -0.5475 -0.1921 67 200 254
-0.0645 -0.5520 -0.1921 66 199 254
-0.0627 -0.5520 -0.1911 91 199 255
-0.0646 -0.5430 -0.1922 68 200 254
-0.0597 -0.5394 -0.1922 118 197 254
-0.0594 -0.5360 -0.1921 114 196 255
-0.0621 -0.5362 -0.1909 92 197 255
-0.0621 -0.5394 -0.1911 93 199 255
-0.0648 -0.5395 -0.1923 70 198 255
-0.0649 -0.5363 -0.1922 72 198 255
-0.0590 -0.5150 -0.1890 117 193 253
-0.0590 -0.5188 -0.1894 118 198 254
-0.0590 -0.5118 -0.1874 115 184 250
-0.0609 -0.5153 -0.1878 94 193 255
-0.0627 -0.5151 -0.1890 70 195 253
-0.0631 -0.5192 -0.1896 69 198 253
-0.0611 -0.5192 -0.1880 93 198 255
-0.0625 -0.5115 -0.1872 73 184 250
-0.0643 -0.5804 -0.2100 73 184 224
-0.0646 -0.5815 -0.2089 75 172 235
-0.0640 -0.5784 -0.2111 75 189 222
-0.0623 -0.5786 -0.2113 88 188 220
-0.0621 -0.5807 -0.2101 88 181 223
-0.0600 -0.5806 -0.2100 103 184 223
-0.0594 -0.5818 -0.2089 101 171 234
-0.0620 -0.5819 -0.2090 87 169 237
-0.0605 -0.5786 -0.2111 102 189 221
-0.0570 -0.4798 -0.1359 109 178 248
-0.0572 -0.4842 -0.1426 113 178 247
-0.0597 -0.4803 -0.1356 99 178 249
-0.0625 -0.4801 -0.1359 88 179 249
-0.0627 -0.4848 -0.1425 86 177 248
-0.0599 -0.4850 -0.1420 101 177 248
-0.0575 -0.4894 -0.1513 115 178 246
-0.0627 -0.4901 -0.1513 83 177 247
-0.0601 -0.4904 -0.1507 101 176 248
-0.0590 -0.5235 -0.1901 118 197 254
-0.0590 -0.5282 -0.1908 116 196 254
-0.0612 -0.5238 -0.1885 93 197 255
-0.0634 -0.5238 -0.1902 69 198 254
-0.0637 -0.5285 -0.1908 70 198 254
-0.0614 -0.5285 -0.1893 93 195 255
-0.0592 -0.5323 -0.1915 114 195 255
-0.0617 -0.5326 -0.1902 92 195 255
-0.0644 -0.5326 -0.1916 73 198 255
-0.0660 -0.5283 -0.1926 88 197 255
-0.0610 -0.5688 -0.2079 99 228 238
-0.0611 -0.5690 -0.2075 123 209 230
-0.0597 -0.5693 -0.2071 118 206 225
-0.0606 -0.5693 -0.2090 104 223 229
-0.0624 -0.5691 -0.2091 90 223 227
-0.0625 -0.5687 -0.2080 90 229 240
-0.0641 -0.5688 -0.2079 81 229 238
-0.0640 -0.5690 -0.2075 58 210 229
-0.0626 -0.5690 -0.2076 86 189 255
-0.0642 -0.5692 -0.2090 78 223 228
-0.0655 -0.5692 -0.2071 61 204 225
-0.0643 -0.5762 -0.2117 76 195 220
-0.0647 -0.5737 -0.2115 80 205 220
-0.0623 -0.5738 -0.2116 90 206 220
-0.0623 -0.5763 -0.2118 89 197 219
-0.0602 -0.5764 -0.2117 103 194 220
-0.0597 -0.5740 -0.2115 101 205 220
-0.0646 -0.5712 -0.2104 82 214 222
-0.0653 -0.5700 -0.2091 64 219 231
-0.0623 -0.5711 -0.2105 90 214 221
-0.0601 -0.5713 -0.2104 99 214 222
-0.0614 -0.5545 -0.2077 100 218 223
-0.0614 -0.5539 -0.2071 98 209 220
-0.0611 -0.5559 -0.2086 103 212 221
-0.0628 -0.5558 -0.2087 91 211 220
-0.0629 -0.5545 -0.2079 91 219 223
-0.0644 -0.5545 -0.2077 82 217 223
-0.0644 -0.5539 -0.2071 83 209 220
-0.0629 -0.5539 -0.2072 90 209 220
-0.0645 -0.5558 -0.2086 79 211 221
-0.0640 -0.5688 -0.2081 78 175 228
-0.0642 -0.5677 -0.2089 78 186 222
-0.0625 -0.5678 -0.2091 90 186 221
-0.0626 -0.5688 -0.2082 90 174 228
-0.0611 -0.5688 -0.2081 102 175 229
-0.0609 -0.5677 -0.2089 102 186 222
-0.0647 -0.5653 -0.2093 79 196 220
-0.0651 -0.5621 -0.2093 79 200 220
-0.0626 -0.5621 -0.2096 90 200 219
-0.0626 -0.5654 -0.2095 90 196 219
-0.0604 -0.5653 -0.2093 101 196 220
-0.0602 -0.5622 -0.2093 101 200 220
-0.0649 -0.5587 -0.2091 80 204 220
-0.0627 -0.5586 -0.2093 91 204 219
-0.0605 -0.5587 -0.2091 101 204 220
-0.0644 -0.5532 -0.2072 82 189 220
-0.0645 -0.5517 -0.2080 82 186 221
-0.0629 -0.5518 -0.2082 91 186 221
-0.0629 -0.5532 -0.2073 91 189 220
-0.0614 -0.5532 -0.2072 99 189 220
-0.0612 -0.5517 -0.2080 100 186 221
-0.0606 -0.5366 -0.2121 99 209 219
-0.0605 -0.5356 -0.2117 98 197 219
-0.0606 -0.5384 -0.2124 101 201 219
-0.0630 -0.5369 -0.2121 91 210 219
-0.0630 -0.5359 -0.2117 92 198 218
-0.0655 -0.5371 -0.2119 82 209 220
-0.0656 -0.5362 -0.2115 87 196 219
-0.0654 -0.5387 -0.2123 83 201 219
-0.0653 -0.5416 -0.2118 82 193 220
-0.0652 -0.5451 -0.2107 80 190 220
-0.0629 -0.5416 -0.2122 92 193 219
-0.0629 -0.5452 -0.2110 91 190 220
-0.0605 -0.5415 -0.2119 102 193 219
-0.0606 -0.5451 -0.2107 102 190 220
-0.0630 -0.5386 -0.2126 92 202 218
-0.0649 -0.5488 -0.2093 81 188 221
-0.0656 -0.5510 -0.2079 74 187 223
-0.0629 -0.5489 -0.2096 91 188 220
-0.0608 -0.5488 -0.2093 101 188 221
-0.0652 -0.5353 -0.2121 92 189 220
-0.0648 -0.5330 -0.2126 91 198 218
-0.0628 -0.5350 -0.2122 94 189 220
-0.0604 -0.5347 -0.2122 100 190 220
-0.0625 -0.5327 -0.2127 93 198 218
-0.0604 -0.5324 -0.2126 101 198 219
-0.0615 -0.5067 -0.2073 107 219 223
-0.0613 -0.5051 -0.2056 106 219 223
-0.0615 -0.5092 -0.2089 105 213 220
-0.0635 -0.5088 -0.2089 95 213 219
-0.0636 -0.5061 -0.2072 97 220 222
-0.0657 -0.5058 -0.2068 91 221 223
-0.0656 -0.5042 -0.2050 89 222 224
-0.0635 -0.5046 -0.2055 97 221 223
-0.0656 -0.5085 -0.2087 91 213 220
-0.0647 -0.5275 -0.2121 90 204 218
-0.0648 -0.5206 -0.2111 90 205 218
-0.0625 -0.5274 -0.2123 92 204 218
-0.0605 -0.5271 -0.2122 98 204 218
-0.0627 -0.5206 -0.2113 93 205 218
-0.0607 -0.5205 -0.2112 99 205 218
-0.0652 -0.5139 -0.2100 91 207 218
-0.0631 -0.5140 -0.2102 94 207 218
-0.0612 -0.5142 -0.2102 101 207 219
-0.0654 -0.5024 -0.2037 84 217 221
-0.0656 -0.5042 -0.2050 89 222 224
-0.0676 -0.5035 -0.2032 78 221 225
-0.0669 -0.5010 -0.2019 67 213 226
-0.0651 -0.4995 -0.2022 86 216 221
-0.0628 -0.4997 -0.2026 96 216 220
-0.0632 -0.5028 -0.2042 95 217 221
-0.0610 -0.5032 -0.2042 106 216 221
-0.0613 -0.5051 -0.2056 106 219 223
-0.0635 -0.5046 -0.2055 97 221 223
-0.0605 -0.4999 -0.2024 107 215 221
-0.0591 -0.5019 -0.2024 123 211 225
-0.0589 -0.5061 -0.2050 107 219 223
-0.0512 -0.4323 -0.1391 139 209 232
-0.0506 -0.4340 -0.1374 135 213 228
-0.0519 -0.4363 -0.1456 134 213 228
-0.0523 -0.4307 -0.1414 133 215 227
-0.0527 -0.4272 -0.1390 130 219 227
-0.0513 -0.4285 -0.1365 138 212 231
-0.0646 -0.4631 -0.1723 84 222 224
-0.0640 -0.4538 -0.1627 85 222 223
-0.0600 -0.4619 -0.1724 96 223 222
-0.0554 -0.4621 -0.1723 107 222 222
-0.0592 -0.4524 -0.1627 96 223 222
-0.0547 -0.4526 -0.1627 108 222 222
-0.0635 -0.4440 -0.1542 86 221 222
-0.0675 -0.4377 -0.1459 68 214 227
-0.0630 -0.4354 -0.1473 86 221 222
-0.0585 -0.4426 -0.1542 99 222 221
-0.0543 -0.4430 -0.1539 113 221 222
-0.0543 -0.4347 -0.1469 118 220 222
-0.0580 -0.4827 -0.1904 110 218 222
-0.0615 -0.4826 -0.1908 97 220 221
-0.0649 -0.4832 -0.1908 84 219 223
-0.0548 -0.4294 -0.1428 117 220 222
-0.0582 -0.4342 -0.1475 101 222 221
-0.0583 -0.4289 -0.1432 100 222 221
-0.0553 -0.4264 -0.1405 114 224 223
-0.0624 -0.4294 -0.1423 84 221 223
-0.0659 -0.4310 -0.1401 70 218 229
-0.0617 -0.4258 -0.1389 83 225 226
-0.0584 -0.4260 -0.1406 98 225 223
-0.0467 -0.4518 -0.1291 139 200 236
-0.0468 -0.4434 -0.1291 140 206 237
-0.0479 -0.4596 -0.1288 137 195 239
-0.0475 -0.4594 -0.1300 136 198 244
-0.0467 -0.4516 -0.1313 139 201 239
-0.0463 -0.4518 -0.1329 138 203 242
-0.0461 -0.4445 -0.1346 139 205 240
-0.0470 -0.4592 -0.1309 135 200 245
-0.0500 -0.4309 -0.1306 135 217 240
-0.0516 -0.4296 -0.1287 131 219 244
-0.0501 -0.4327 -0.1285 135 215 243
-0.0484 -0.4343 -0.1321 138 212 240
-0.0486 -0.4330 -0.1335 134 219 234
-0.0487 -0.4336 -0.1352 129 220 228
-0.0494 -0.4319 -0.1340 135 217 231
-0.0504 -0.4297 -0.1332 138 215 236
-0.0478 -0.4364 -0.1367 136 214 231
-0.0473 -0.4370 -0.1352 139 212 235
-0.0469 -0.4395 -0.1373 138 212 233
-0.0484 -0.4363 -0.1379 124 219 224
-0.0495 -0.4355 -0.1376 119 221 223
-0.0509 -0.4400 -0.1424 134 213 228
-0.0506 -0.4340 -0.1374 135 213 228
-0.0484 -0.4369 -0.1284 138 212 240
-0.0474 -0.4379 -0.1321 139 209 239
-0.0466 -0.4396 -0.1349 139 209 238
-0.0466 -0.4436 -0.1323 140 205 239
-0.0498 -0.4648 -0.1284 132 191 245
-0.0479 -0.4598 -0.1264 137 193 235
-0.0504 -0.4653 -0.1267 132 186 239
-0.0515 -0.4678 -0.1282 123 190 250
-0.0503 -0.4666 -0.1288 122 195 252
-0.0490 -0.4643 -0.1292 128 195 250
-0.0484 -0.4641 -0.1297 130 196 249
-0.0502 -0.4672 -0.1290 124 194 251
-0.0520 -0.4692 -0.1283 119 191 252
-0.0519 -0.4701 -0.1288 120 190 251
-0.0518 -0.4715 -0.1298 123 187 249
-0.0542 -0.4715 -0.1283 109 190 254
-0.0488 -0.5100 -0.2024 123 220 232
-0.0506 -0.5068 -0.2013 123 217 228
-0.0497 -0.5070 -0.1992 131 212 232
-0.0480 -0.5101 -0.2001 125 219 234
-0.0463 -0.5123 -0.2024 122 222 234
-0.0474 -0.5122 -0.2044 119 221 230
-0.0474 -0.5103 -0.1980 128 217 237
-0.0487 -0.5075 -0.1949 134 207 235
-0.0474 -0.5108 -0.1961 131 210 243
-0.0456 -0.5133 -0.1981 129 212 244
-0.0456 -0.5127 -0.2002 126 219 238
-0.0492 -0.5072 -0.1968 132 210 234
-0.0482 -0.5115 -0.1944 128 202 249
-0.0466 -0.5142 -0.1959 127 207 249
-0.0486 -0.5079 -0.1933 134 198 241
-0.0493 -0.5086 -0.1920 128 191 247
-0.0496 -0.5122 -0.1925 126 201 250
-0.0483 -0.5153 -0.1935 125 205 250
-0.0425 -0.4815 -0.1663 137 201 235
-0.0430 -0.4792 -0.1682 135 206 232
-0.0429 -0.4764 -0.1644 137 206 235
-0.0425 -0.4783 -0.1622 137 204 237
-0.0425 -0.4829 -0.1640 136 194 239
-0.0438 -0.4745 -0.1678 133 210 230
-0.0451 -0.4700 -0.1666 125 216 226
-0.0434 -0.4716 -0.1625 137 207 235
-0.0431 -0.4727 -0.1577 138 204 237
-0.0432 -0.4758 -0.1543 137 200 240
-0.0426 -0.4798 -0.1594 136 197 240
-0.0435 -0.4846 -0.1633 131 187 242
-0.0435 -0.4821 -0.1590 132 190 242
-0.0446 -0.4838 -0.1586 130 186 243
-0.0442 -0.4793 -0.1530 133 192 243
-0.0455 -0.4829 -0.1543 129 186 244
-0.0465 -0.4867 -0.1584 127 184 243
-0.0449 -0.4861 -0.1622 128 185 243
-0.0664 -0.5802 -0.2041 112 175 239
-0.0671 -0.5803 -0.2075 57 182 234
-0.0662 -0.5806 -0.2071 93 171 246
-0.0653 -0.5793 -0.2069 83 170 244
-0.0654 -0.5783 -0.2047 82 172 247
-0.0648 -0.5773 -0.2025 72 186 223
-0.0655 -0.5801 -0.2011 113 178 231
-0.0801 -0.5734 -0.2087 95 182 255
-0.0802 -0.5739 -0.2092 70 173 236
-0.0781 -0.5740 -0.2089 86 184 255
-0.0782 -0.5727 -0.2087 83 170 242
-0.0797 -0.5721 -0.2084 75 173 244
-0.0814 -0.5727 -0.2075 101 173 247
-0.0822 -0.5727 -0.2077 58 182 234
-0.0759 -0.5742 -0.2088 78 181 254
-0.0756 -0.5747 -0.2093 97 171 234
-0.0742 -0.5740 -0.2075 76 174 247
-0.0751 -0.5723 -0.2074 93 170 243
-0.0765 -0.5728 -0.2085 94 170 242
-0.0780 -0.5745 -0.2094 83 170 236
-0.0640 -0.5801 -0.1997 100 179 226
-0.0637 -0.5770 -0.2014 84 225 229
-0.0623 -0.5769 -0.2012 91 226 230
-0.0621 -0.5802 -0.1994 89 179 224
-0.0602 -0.5802 -0.1996 78 177 227
-0.0609 -0.5771 -0.2014 94 225 229
-0.0597 -0.5776 -0.2025 111 189 224
-0.0587 -0.5804 -0.2008 66 177 232
-0.0469 -0.5561 -0.1925 120 205 252
-0.0477 -0.5561 -0.1919 94 203 255
-0.0467 -0.5582 -0.1923 116 201 254
-0.0458 -0.5580 -0.1935 125 203 249
-0.0461 -0.5556 -0.1939 125 205 249
-0.0470 -0.5539 -0.1931 122 204 251
-0.0479 -0.5540 -0.1921 94 205 255
-0.0451 -0.5543 -0.1958 126 204 248
-0.0446 -0.5576 -0.1959 127 203 247
-0.0458 -0.5523 -0.1952 126 203 248
-0.0463 -0.5539 -0.1941 124 204 249
-0.0468 -0.5516 -0.1936 122 203 251
-0.0485 -0.5487 -0.1927 98 201 255
-0.0481 -0.5518 -0.1924 97 203 255
-0.0484 -0.5562 -0.1923 66 201 254
-0.0483 -0.5584 -0.1921 70 196 255
-0.0487 -0.5542 -0.1928 65 200 254
-0.0494 -0.5559 -0.1934 59 199 251
-0.0492 -0.5583 -0.1931 58 196 250
-0.0495 -0.5520 -0.1932 68 197 255
-0.0505 -0.5528 -0.1944 61 195 251
-0.0496 -0.5543 -0.1936 62 198 252
-0.0507 -0.5549 -0.1950 58 196 250
-0.0503 -0.5580 -0.1953 56 195 248
-0.0463 -0.5608 -0.1927 119 199 253
-0.0471 -0.5609 -0.1921 94 195 255
-0.0466 -0.5639 -0.1927 94 193 255
-0.0457 -0.5637 -0.1936 120 198 252
-0.0454 -0.5609 -0.1941 125 200 249
-0.0447 -0.5670 -0.1947 119 198 253
-0.0460 -0.5673 -0.1937 94 191 255
-0.0454 -0.5710 -0.1951 94 188 255
-0.0439 -0.5655 -0.1960 124 201 249
-0.0441 -0.5619 -0.1962 126 202 248
-0.0450 -0.5634 -0.1945 123 200 250
-0.0479 -0.5609 -0.1925 67 192 254
-0.0475 -0.5583 -0.1919 95 198 255
-0.0488 -0.5611 -0.1937 58 193 250
-0.0476 -0.5638 -0.1934 64 192 253
-0.0497 -0.5622 -0.1956 56 194 248
-0.0487 -0.5658 -0.1955 58 193 250
-0.0483 -0.5636 -0.1942 60 192 251
-0.0474 -0.5672 -0.1944 66 191 254
-0.0746 -0.5536 -0.1916 118 201 254
-0.0754 -0.5535 -0.1912 89 204 255
-0.0749 -0.5554 -0.1913 113 197 255
-0.0741 -0.5553 -0.1924 125 197 249
-0.0738 -0.5533 -0.1927 124 198 250
-0.0743 -0.5519 -0.1922 118 200 253
-0.0751 -0.5519 -0.1915 90 206 255
-0.0726 -0.5524 -0.1944 126 195 248
-0.0730 -0.5551 -0.1946 127 196 247
-0.0726 -0.5508 -0.1939 123 194 250
-0.0735 -0.5520 -0.1929 122 197 251
-0.0735 -0.5502 -0.1926 116 198 254
-0.0746 -0.5477 -0.1922 88 203 255
-0.0749 -0.5501 -0.1918 89 204 255
-0.0761 -0.5535 -0.1918 64 207 252
-0.0764 -0.5553 -0.1915 66 202 254
-0.0760 -0.5518 -0.1924 63 206 252
-0.0769 -0.5531 -0.1930 59 206 250
-0.0772 -0.5551 -0.1926 58 203 249
-0.0762 -0.5500 -0.1929 63 203 253
-0.0773 -0.5505 -0.1943 59 202 250
-0.0767 -0.5518 -0.1933 60 204 251
-0.0779 -0.5523 -0.1946 58 204 250
-0.0783 -0.5552 -0.1946 56 203 248
-0.0752 -0.5577 -0.1917 114 193 254
-0.0756 -0.5554 -0.1911 87 198 255
-0.0760 -0.5578 -0.1914 87 195 255
-0.0753 -0.5606 -0.1926 114 192 254
-0.0743 -0.5580 -0.1929 123 195 250
-0.0752 -0.5639 -0.1936 111 191 255
-0.0769 -0.5638 -0.1929 85 191 255
-0.0774 -0.5673 -0.1944 85 188 255
-0.0737 -0.5626 -0.1947 121 196 251
-0.0732 -0.5592 -0.1949 125 197 249
-0.0744 -0.5605 -0.1934 120 195 252
-0.0767 -0.5576 -0.1919 63 199 253
-0.0776 -0.5578 -0.1932 57 200 250
-0.0773 -0.5604 -0.1927 61 198 252
-0.0764 -0.5606 -0.1919 86 192 255
-0.0789 -0.5589 -0.1950 57 201 249
-0.0790 -0.5621 -0.1950 57 201 250
-0.0780 -0.5601 -0.1937 58 200 250
-0.0783 -0.5635 -0.1938 62 197 253
-0.0618 -0.5601 -0.1911 118 203 253
-0.0625 -0.5601 -0.1906 91 202 255
-0.0617 -0.5624 -0.1909 115 199 255
-0.0609 -0.5621 -0.1920 124 200 250
-0.0610 -0.5597 -0.1923 123 202 250
-0.0618 -0.5579 -0.1916 119 202 253
-0.0626 -0.5578 -0.1908 91 203 255
-0.0599 -0.5585 -0.1939 125 200 249
-0.0597 -0.5619 -0.1942 126 200 248
-0.0603 -0.5561 -0.1933 123 198 250
-0.0610 -0.5579 -0.1924 122 200 251
-0.0614 -0.5553 -0.1919 118 199 253
-0.0627 -0.5552 -0.1910 91 201 255
-0.0632 -0.5601 -0.1911 63 201 253
-0.0632 -0.5624 -0.1908 66 198 255
-0.0635 -0.5579 -0.1916 62 200 253
-0.0641 -0.5597 -0.1923 58 200 250
-0.0640 -0.5621 -0.1920 57 198 250
-0.0640 -0.5553 -0.1919 64 198 253
-0.0650 -0.5561 -0.1933 58 197 250
-0.0642 -0.5579 -0.1924 59 198 251
-0.0652 -0.5584 -0.1939 57 198 249
-0.0652 -0.5619 -0.1942 55 198 248
-0.0617 -0.5649 -0.1912 118 197 253
-0.0624 -0.5625 -0.1906 91 198 255
-0.0623 -0.5651 -0.1907 90 195 255
-0.0614 -0.5678 -0.1920 119 196 253
-0.0608 -0.5649 -0.1925 124 198 250
-0.0607 -0.5712 -0.1930 115 195 254
-0.0622 -0.5715 -0.1922 89 191 255
-0.0621 -0.5752 -0.1936 88 188 255
-0.0597 -0.5697 -0.1942 122 199 251
-0.0595 -0.5661 -0.1944 124 199 249
-0.0607 -0.5675 -0.1929 122 198 251
-0.0630 -0.5649 -0.1912 63 195 253
-0.0639 -0.5649 -0.1925 57 196 250
-0.0631 -0.5678 -0.1920 62 195 253
-0.0653 -0.5661 -0.1946 56 198 249
-0.0649 -0.5697 -0.1944 58 198 251
-0.0640 -0.5675 -0.1930 59 197 251
-0.0637 -0.5712 -0.1931 64 194 254
-0.0465 -0.4786 -0.0808 126 181 234
-0.0517 -0.4816 -0.0821 107 172 237
-0.0463 -0.4782 -0.0839 127 181 237
-0.0469 -0.4786 -0.0904 126 181 234
-0.0700 -0.4756 -0.0874 68 181 235
-0.0703 -0.4750 -0.0807 70 180 236
-0.0703 -0.4761 -0.0751 71 180 233
-0.0673 -0.4654 -0.1233 66 184 236
-0.0673 -0.4662 -0.1199 67 184 232
-0.0670 -0.4694 -0.1149 67 185 231
-0.0503 -0.4702 -0.1143 128 185 230
-0.0541 -0.4704 -0.1206 118 179 229
-0.0500 -0.4663 -0.1192 130 186 231
-0.0503 -0.4655 -0.1231 131 185 234
-0.0132 -0.4797 0.0119 105 182 252
-0.0199 -0.4904 0.0025 81 186 253
-0.0372 -0.5205 -0.0256 57 195 245
-0.0333 -0.5135 -0.0150 59 199 247
-0.0403 -0.5048 -0.0214 69 185 249
-0.0454 -0.5099 -0.0361 66 182 244
-0.0387 -0.5267 -0.0348 57 190 242
-0.0246 -0.4921 -0.0007 78 185 252
-0.0270 -0.5061 -0.0063 62 204 249
-0.0333 -0.4991 -0.0105 72 190 252
-0.0276 -0.5379 -0.0454 64 180 235
-0.0300 -0.5359 -0.0453 72 175 233
-0.0453 -0.2512 0.0263 95 212 249
-0.0468 -0.2696 0.0257 90 204 249
-0.0380 -0.2721 0.0323 92 206 250
-0.0357 -0.2499 0.0309 99 213 250
-0.0435 -0.2324 0.0215 96 219 247
-0.0540 -0.2372 0.0161 91 219 245
-0.0549 -0.2536 0.0204 91 211 248
-0.0418 -0.2966 0.0247 77 205 244
-0.0359 -0.2886 0.0336 87 205 249
-0.0436 -0.2886 0.0230 82 201 246
-0.0466 -0.3001 0.0133 77 200 243
-0.0482 -0.2857 0.0195 88 197 248
-0.0550 -0.2706 0.0198 91 203 249
-0.0544 -0.2861 0.0151 93 196 249
-0.0492 -0.2982 0.0111 87 193 246
-0.0495 -0.3056 0.0037 82 190 242
-0.0533 -0.2983 0.0085 97 189 248
-0.0515 -0.3056 0.0020 102 183 246
-0.0489 -0.3093 -0.0033 73 197 233
-0.0473 -0.3107 -0.0108 74 215 228
-0.0446 -0.3092 -0.0189 76 219 230
-0.0492 -0.3089 -0.0047 105 179 242
-0.0463 -0.3093 -0.0122 108 234 240
-0.0411 -0.2149 0.0112 93 224 243
-0.0336 -0.2292 0.0253 99 219 248
-0.0312 -0.2086 0.0151 94 221 245
-0.0390 -0.2013 -0.0017 88 224 238
-0.0497 -0.2135 -0.0068 88 226 236
-0.0522 -0.2234 0.0059 89 224 241
-0.0381 -0.1942 -0.0144 85 222 234
-0.0464 -0.2086 -0.0189 86 225 231
-0.0287 -0.1864 0.0012 88 220 240
-0.0320 -0.1793 -0.0133 84 217 235
-0.0366 -0.1920 -0.0253 85 220 226
-0.0635 -0.2334 -0.0029 84 223 238
-0.0522 -0.2234 0.0059 89 224 241
-0.0608 -0.2252 -0.0156 86 227 233
-0.0728 -0.2457 -0.0157 79 218 235
-0.0732 -0.2562 -0.0040 78 213 239
-0.0644 -0.2451 0.0078 84 217 243
-0.0540 -0.2372 0.0161 91 219 245
-0.0223 -0.2612 -0.0567 147 202 222
-0.0252 -0.2524 -0.0629 146 216 221
-0.0316 -0.2433 -0.0620 127 222 216
-0.0453 -0.3104 -0.0131 143 211 245
-0.0463 -0.3093 -0.0122 108 234 240
-0.0495 -0.3108 -0.0060 138 193 246
-0.0497 -0.3147 -0.0080 133 193 248
-0.0439 -0.3132 -0.0145 140 205 247
-0.0409 -0.3064 -0.0209 127 224 247
-0.0426 -0.3064 -0.0203 94 232 239
-0.0539 -0.3073 0.0003 115 185 248
-0.0515 -0.3056 0.0020 102 183 246
-0.0579 -0.2998 0.0059 100 190 249
-0.0622 -0.3037 0.0019 96 191 249
-0.0562 -0.3112 -0.0024 113 187 249
-0.0492 -0.3089 -0.0047 105 179 242
-0.0642 -0.2591 0.0129 85 210 246
-0.0549 -0.2536 0.0204 91 211 248
-0.0722 -0.2681 0.0025 79 208 242
-0.0629 -0.2740 0.0134 87 203 248
-0.0550 -0.2706 0.0198 91 203 249
-0.0609 -0.2881 0.0107 92 197 249
-0.0544 -0.2861 0.0151 93 196 249
-0.0699 -0.2807 0.0049 81 203 245
-0.0667 -0.2930 0.0045 86 197 247
-0.0533 -0.2983 0.0085 97 189 248
-0.0256 -0.2757 -0.0489 152 201 237
-0.0312 -0.2887 -0.0386 102 228 246
-0.0247 -0.2777 -0.0504 148 211 243
-0.0222 -0.2642 -0.0597 154 210 233
-0.0363 -0.2990 -0.0293 116 227 248
-0.0378 -0.2998 -0.0291 86 227 239
-0.0386 -0.3081 -0.0217 135 216 248
-0.0341 -0.3006 -0.0297 133 219 248
-0.0297 -0.2906 -0.0391 139 217 247
-0.0406 -0.3043 -0.0274 76 219 230
-0.0378 -0.2998 -0.0291 86 227 239
-0.0326 -0.2913 -0.0381 84 210 219
-0.0561 -0.2220 -0.0262 89 228 227
-0.0464 -0.2086 -0.0189 86 225 231
-0.0427 -0.2076 -0.0292 88 223 224
-0.0507 -0.2216 -0.0350 91 226 223
-0.0647 -0.2361 -0.0365 90 226 224
-0.0702 -0.2383 -0.0281 83 223 230
-0.0497 -0.2135 -0.0068 88 226 236
-0.0783 -0.2613 -0.0329 75 213 233
-0.0787 -0.2709 -0.0205 74 210 236
-0.0248 -0.2615 -0.0680 145 216 221
-0.0222 -0.2642 -0.0597 154 210 233
-0.0324 -0.2552 -0.0694 126 221 216
-0.0417 -0.3169 -0.0170 139 196 246
-0.0497 -0.3200 -0.0114 127 188 248
-0.0347 -0.3106 -0.0239 142 205 246
-0.0577 -0.3179 -0.0075 108 186 249
-0.0650 -0.3116 -0.0054 91 189 247
-0.0778 -0.2812 -0.0122 74 206 238
-0.0753 -0.2918 -0.0074 76 201 241
-0.0710 -0.3024 -0.0052 81 196 244
-0.0220 -0.2819 -0.0528 151 209 239
-0.0209 -0.2703 -0.0627 154 210 231
-0.0296 -0.3030 -0.0320 145 209 244
-0.0257 -0.2937 -0.0416 147 210 242
-0.0699 -0.2529 -0.0497 94 224 220
-0.0583 -0.2360 -0.0428 93 225 221
-0.0756 -0.2545 -0.0444 81 220 227
-0.0426 -0.3064 -0.0203 94 232 239
-0.0388 -0.3127 -0.0385 78 213 223
-0.0385 -0.3138 -0.0393 95 217 217
-0.0376 -0.4678 -0.0771 64 203 227
-0.0376 -0.4812 -0.0777 67 201 224
-0.0399 -0.4797 -0.0753 81 203 219
-0.0393 -0.4674 -0.0745 75 204 221
-0.0381 -0.4550 -0.0755 64 202 227
0.0347 -0.4812 -0.0777 127 201 224
0.0382 -0.4926 -0.0750 108 198 218
0.0401 -0.5033 -0.0727 113 191 221
-0.0343 -0.5180 -0.0712 73 185 224
-0.0379 -0.4962 -0.0763 74 197 221
-0.0344 -0.5007 -0.0783 71 195 222
-0.0389 -0.5091 -0.0729 75 190 222
-0.0347 -0.4837 -0.0813 66 199 224
-0.0488 -0.4191 -0.0483 67 212 229
-0.0499 -0.4109 -0.0411 65 208 229
-0.0466 -0.4080 -0.0483 66 207 228
-0.0437 -0.4137 -0.0574 66 208 228
-0.0362 -0.3229 -0.0993 135 221 223
-0.0331 -0.3290 -0.1006 145 213 226
-0.0386 -0.3218 -0.1040 146 218 237
-0.0414 -0.3182 -0.0984 130 225 222
-0.0729 -0.3168 -0.1017 95 230 225
-0.0669 -0.3146 -0.0996 101 233 227
-0.0666 -0.3138 -0.1029 88 222 246
-0.0729 -0.3175 -0.1070 79 222 240
-0.0776 -0.3211 -0.1040 77 221 229
-0.0491 -0.3641 -0.0873 122 178 239
-0.0492 -0.3621 -0.0799 120 177 240
-0.0553 -0.3660 -0.0866 113 176 240
-0.0549 -0.3682 -0.0947 114 176 239
-0.0485 -0.3656 -0.0946 125 178 238
-0.0427 -0.3615 -0.0933 133 182 236
-0.0437 -0.3610 -0.0867 128 180 238
-0.0451 -0.3605 -0.0814 125 178 239
-0.0624 -0.3661 -0.0865 101 176 240
-0.0627 -0.3636 -0.0782 102 176 241
-0.0691 -0.3641 -0.0866 87 179 239
-0.0688 -0.3662 -0.0946 86 179 238
-0.0620 -0.3684 -0.0948 100 175 240
-0.0556 -0.3635 -0.0785 112 176 241
-0.0745 -0.3594 -0.0865 77 185 237
-0.0747 -0.3575 -0.0792 78 185 238
-0.0783 -0.3536 -0.0852 72 191 236
-0.0783 -0.3542 -0.0923 71 192 235
-0.0743 -0.3610 -0.0940 76 186 237
-0.0694 -0.3618 -0.0785 88 179 240
-0.0480 -0.3664 -0.1011 128 180 236
-0.0545 -0.3697 -0.1020 116 176 237
-0.0476 -0.3660 -0.1068 131 181 233
-0.0418 -0.3600 -0.1042 138 186 233
-0.0421 -0.3611 -0.0991 136 184 234
-0.0617 -0.3703 -0.1025 101 175 238
-0.0685 -0.3678 -0.1024 85 179 237
-0.0682 -0.3683 -0.1094 85 179 233
-0.0614 -0.3708 -0.1094 102 175 233
-0.0542 -0.3700 -0.1086 119 176 233
-0.0740 -0.3622 -0.1015 75 186 235
-0.0781 -0.3546 -0.0995 70 194 234
-0.0777 -0.3546 -0.1063 70 195 233
-0.0738 -0.3625 -0.1084 74 187 233
-0.0446 -0.3060 -0.1423 136 199 218
-0.0400 -0.3031 -0.1378 147 203 224
-0.0404 -0.3391 -0.1256 141 198 224
-0.0457 -0.3438 -0.1294 132 195 220
-0.0513 -0.3063 -0.1460 124 199 215
-0.0582 -0.3094 -0.1463 110 198 214
-0.0525 -0.3470 -0.1318 121 193 217
-0.0597 -0.3479 -0.1330 109 192 216
-0.0665 -0.3461 -0.1326 93 194 217
-0.0705 -0.3034 -0.1410 80 202 221
-0.0648 -0.3056 -0.1457 93 200 216
-0.0721 -0.3412 -0.1304 81 198 221
-0.0759 -0.3348 -0.1267 73 202 225
-0.0386 -0.2994 -0.1322 151 206 231
-0.0385 -0.2945 -0.1262 152 207 231
-0.0353 -0.3288 -0.1114 149 208 232
-0.0373 -0.3338 -0.1201 147 202 228
-0.0737 -0.2946 -0.1318 72 209 233
-0.0777 -0.3285 -0.1220 70 206 229
-0.0783 -0.3231 -0.1145 70 211 234
-0.0738 -0.2988 -0.1360 73 206 228
-0.0722 -0.2609 -0.1375 75 208 236
-0.0711 -0.2590 -0.1333 75 208 234
-0.0403 -0.2653 -0.1402 154 209 232
-0.0408 -0.2674 -0.1456 150 206 225
-0.0411 -0.2626 -0.1337 154 209 233
-0.0449 -0.3509 -0.0568 126 182 244
-0.0537 -0.3519 -0.0522 116 180 245
-0.0549 -0.3575 -0.0624 113 178 243
-0.0469 -0.3566 -0.0659 122 179 242
-0.0372 -0.3488 -0.0633 135 186 242
-0.0484 -0.3600 -0.0732 120 178 241
-0.0427 -0.3585 -0.0773 127 180 239
-0.0400 -0.3549 -0.0712 131 182 240
-0.0555 -0.3610 -0.0708 112 177 241
-0.0622 -0.3519 -0.0510 103 180 245
-0.0697 -0.3504 -0.0529 88 183 244
-0.0628 -0.3575 -0.0615 102 178 243
-0.0629 -0.3610 -0.0702 102 177 242
-0.0699 -0.3557 -0.0627 88 181 242
-0.0698 -0.3593 -0.0709 88 180 241
-0.0756 -0.3468 -0.0572 76 190 242
-0.0796 -0.3419 -0.0633 71 196 239
-0.0754 -0.3517 -0.0656 77 188 240
-0.0751 -0.3551 -0.0726 77 186 239
-0.0793 -0.3469 -0.0702 71 194 238
-0.0787 -0.3507 -0.0759 72 192 238
-0.0774 -0.3538 -0.0800 73 189 237
-0.0472 -0.3643 -0.1120 133 183 229
-0.0415 -0.3584 -0.1092 139 188 231
-0.0538 -0.3684 -0.1140 121 179 227
-0.0534 -0.3648 -0.1191 121 182 224
-0.0468 -0.3609 -0.1171 132 186 226
-0.0463 -0.3558 -0.1226 132 189 223
-0.0408 -0.3506 -0.1193 140 193 225
-0.0412 -0.3555 -0.1142 139 190 228
-0.0530 -0.3595 -0.1247 121 187 220
-0.0611 -0.3692 -0.1151 103 177 227
-0.0680 -0.3668 -0.1151 86 181 227
-0.0608 -0.3657 -0.1203 105 181 222
-0.0604 -0.3604 -0.1259 107 186 219
-0.0678 -0.3634 -0.1204 88 184 224
-0.0673 -0.3583 -0.1259 91 188 220
-0.0736 -0.3610 -0.1142 75 188 229
-0.0775 -0.3536 -0.1121 70 195 231
-0.0734 -0.3579 -0.1194 76 190 226
-0.0729 -0.3530 -0.1245 79 193 223
-0.0773 -0.3510 -0.1172 71 196 229
-0.0768 -0.3463 -0.1217 72 199 226
-0.0818 -0.3364 -0.0703 69 201 236
-0.0822 -0.3312 -0.0783 69 205 233
-0.0812 -0.3427 -0.0766 69 199 236
-0.0803 -0.3482 -0.0817 69 196 235
-0.0817 -0.3394 -0.0841 68 203 234
-0.0806 -0.3470 -0.0889 69 199 234
-0.0393 -0.3574 -0.0832 133 182 237
-0.0377 -0.3562 -0.0897 138 186 234
-0.0334 -0.3497 -0.0843 143 191 234
-0.0356 -0.3525 -0.0775 138 186 237
-0.0321 -0.3457 -0.0705 142 190 239
-0.0296 -0.3420 -0.0781 146 195 234
-0.0372 -0.3546 -0.0955 141 190 233
-0.0372 -0.3530 -0.1008 143 191 232
-0.0336 -0.3450 -0.0971 146 197 231
-0.0330 -0.3469 -0.0909 145 195 231
-0.0296 -0.3381 -0.0858 147 199 231
-0.0311 -0.3358 -0.0936 147 201 230
-0.0372 -0.3520 -0.1058 143 192 232
-0.0372 -0.3499 -0.1104 144 194 230
-0.0353 -0.3452 -0.1072 146 198 230
-0.0343 -0.3450 -0.1028 146 197 231
-0.0371 -0.3451 -0.1146 145 198 228
-0.0346 -0.3403 -0.1086 147 202 230
-0.0327 -0.3368 -0.1014 147 203 230
-0.0795 -0.3460 -0.1089 68 201 233
-0.0798 -0.3460 -0.1030 68 201 233
-0.0800 -0.3379 -0.1060 69 205 233
-0.0797 -0.3390 -0.1106 69 204 233
-0.0792 -0.3445 -0.1137 69 201 231
-0.0797 -0.3289 -0.1049 70 209 233
-0.0797 -0.3340 -0.1119 69 206 232
-0.0804 -0.3366 -0.0996 69 205 233
-0.0789 -0.3399 -0.1175 69 204 230
-0.0812 -0.3273 -0.0874 70 207 232
-0.0799 -0.3261 -0.0967 70 208 232
-0.0812 -0.3372 -0.0920 69 205 233
-0.0803 -0.3463 -0.0962 68 200 233
-0.0449 -0.2692 -0.1500 139 204 217
-0.0501 -0.2687 -0.1528 122 203 214
-0.0703 -0.2660 -0.1467 81 205 222
-0.0728 -0.2629 -0.1417 75 207 229
-0.0583 -0.2777 -0.1526 113 203 213
-0.0618 -0.2706 -0.1524 103 205 214
-0.0599 -0.2552 -0.1523 109 207 213
-0.0539 -0.2639 -0.1533 112 205 213
-0.0509 -0.2539 -0.1535 123 206 213
-0.0557 -0.2708 -0.1528 118 204 213
-0.0643 -0.2631 -0.1520 104 206 213
-0.0668 -0.2670 -0.1507 92 204 216
-0.0512 -0.2214 -0.1143 136 203 249
-0.0509 -0.2269 -0.1154 137 206 249
-0.0462 -0.2238 -0.1184 146 204 246
-0.0466 -0.2174 -0.1168 147 205 246
-0.0515 -0.2155 -0.1129 136 204 249
-0.0573 -0.2195 -0.1119 120 201 251
-0.0571 -0.2245 -0.1131 119 204 252
-0.0636 -0.2200 -0.1134 103 200 250
-0.0635 -0.2255 -0.1151 99 202 249
-0.0637 -0.2142 -0.1117 104 203 250
-0.0692 -0.2148 -0.1153 91 203 246
-0.0691 -0.2209 -0.1173 91 200 246
-0.0520 -0.2099 -0.1121 138 208 249
-0.0471 -0.2116 -0.1158 148 211 245
-0.0469 -0.2069 -0.1178 153 217 240
-0.0524 -0.2051 -0.1117 142 208 248
-0.0579 -0.2091 -0.1103 121 207 252
-0.0575 -0.2142 -0.1107 121 204 252
-0.0642 -0.2090 -0.1114 104 207 250
-0.0584 -0.2045 -0.1102 120 205 251
-0.0647 -0.2045 -0.1116 99 208 249
-0.0697 -0.2097 -0.1151 90 209 246
-0.0411 -0.3886 -0.0567 70 208 225
-0.0396 -0.4187 -0.0681 95 210 217
-0.0406 -0.4203 -0.0679 69 206 225
-0.0255 -0.1996 -0.0427 94 217 217
-0.0298 -0.2161 -0.0473 104 220 215
-0.0346 -0.2120 -0.0424 98 222 217
-0.0288 -0.1960 -0.0379 94 218 218
-0.0223 -0.1819 -0.0398 88 214 221
-0.0330 -0.1930 -0.0326 91 219 220
-0.0290 -0.1772 -0.0306 90 214 219
-0.0245 -0.1794 -0.0353 90 215 219
-0.0388 -0.2089 -0.0367 93 223 220
-0.0427 -0.2076 -0.0292 88 223 224
-0.0350 -0.2275 -0.0524 110 223 215
-0.0396 -0.2379 -0.0590 112 225 216
-0.0473 -0.2355 -0.0544 99 225 219
-0.0411 -0.2240 -0.0476 101 225 218
-0.0298 -0.2161 -0.0473 104 220 215
-0.0460 -0.2221 -0.0419 94 225 221
-0.0388 -0.2089 -0.0367 93 223 220
-0.0346 -0.2120 -0.0424 98 222 217
-0.0530 -0.2353 -0.0489 92 225 221
-0.0423 -0.2512 -0.0676 111 223 216
-0.0518 -0.2498 -0.0635 97 223 218
-0.0580 -0.2511 -0.0581 89 222 221
-0.0633 -0.2530 -0.0529 95 224 219
-0.0479 -0.3147 -0.0987 128 230 227
-0.0437 -0.3165 -0.1008 135 221 245
-0.0494 -0.3131 -0.0999 116 215 253
-0.0548 -0.3128 -0.0993 115 235 231
-0.0610 -0.3130 -0.0992 102 234 230
-0.0553 -0.3115 -0.1004 108 213 253
-0.0609 -0.3118 -0.1011 100 218 251
-0.0515 -0.2508 -0.1055 131 215 250
-0.0463 -0.2529 -0.1085 143 215 246
-0.0476 -0.2454 -0.1105 143 217 246
-0.0511 -0.2417 -0.1090 135 218 248
-0.0574 -0.2492 -0.1046 112 216 252
-0.0632 -0.2495 -0.1070 94 215 249
-0.0620 -0.2397 -0.1099 96 218 248
-0.0658 -0.2428 -0.1123 87 217 245
-0.0734 -0.1989 -0.1399 84 222 232
-0.0745 -0.2015 -0.1368 82 218 234
-0.0703 -0.1937 -0.1228 82 218 234
-0.0691 -0.1902 -0.1259 83 220 232
-0.0721 -0.1964 -0.1426 83 221 232
-0.0762 -0.2036 -0.1578 88 227 231
-0.0774 -0.2053 -0.1547 83 221 232
-0.0776 -0.2054 -0.1687 91 230 231
-0.0791 -0.2075 -0.1665 82 220 232
-0.0745 -0.2024 -0.1617 89 228 229
-0.0752 -0.2041 -0.1700 100 235 230
-0.0466 -0.2027 -0.1427 157 218 231
-0.0456 -0.2055 -0.1406 157 218 231
-0.0462 -0.2078 -0.1621 153 224 229
-0.0477 -0.1999 -0.1439 158 217 230
-0.0488 -0.1936 -0.1259 159 216 231
-0.0479 -0.1969 -0.1235 159 215 232
-0.0468 -0.2093 -0.1717 144 231 231
-0.0493 -0.2077 -0.1723 140 233 229
-0.0479 -0.2057 -0.1639 151 225 227
-0.0442 -0.2113 -0.1626 154 222 231
-0.0443 -0.2116 -0.1716 148 228 234
-0.0795 -0.2105 -0.1630 79 212 233
-0.0794 -0.2136 -0.1587 79 211 233
-0.0778 -0.2077 -0.1516 80 215 234
-0.0598 -0.2033 -0.1741 130 236 225
-0.0630 -0.2025 -0.1739 124 237 225
-0.0594 -0.2010 -0.1693 128 232 220
-0.0564 -0.2044 -0.1738 133 235 226
-0.0660 -0.2022 -0.1731 117 237 225
-0.0690 -0.2023 -0.1721 111 237 226
-0.0658 -0.1999 -0.1686 115 233 220
-0.0627 -0.2002 -0.1692 122 233 220
-0.0671 -0.2029 -0.1764 119 238 230
-0.0693 -0.2028 -0.1747 115 238 229
-0.0527 -0.2060 -0.1731 137 234 227
-0.0558 -0.2022 -0.1691 135 231 221
-0.0518 -0.2043 -0.1685 142 229 223
-0.0722 -0.2030 -0.1711 106 236 228
-0.0716 -0.2032 -0.1751 112 238 231
-0.0721 -0.2016 -0.1667 97 231 225
-0.0689 -0.2002 -0.1677 106 232 221
-0.0590 -0.1961 -0.1642 126 231 219
-0.0627 -0.1955 -0.1639 121 232 219
-0.0584 -0.1902 -0.1565 127 234 221
-0.0548 -0.1918 -0.1570 139 231 222
-0.0553 -0.1976 -0.1643 135 229 219
-0.0661 -0.1952 -0.1634 115 232 219
-0.0692 -0.1958 -0.1629 104 230 220
-0.0689 -0.1903 -0.1556 100 232 224
-0.0658 -0.1895 -0.1557 116 235 222
-0.0622 -0.1897 -0.1561 122 235 221
-0.0721 -0.1981 -0.1628 91 225 223
-0.0732 -0.1985 -0.1582 82 219 230
-0.0713 -0.1932 -0.1563 87 225 227
-0.0515 -0.2006 -0.1645 145 226 221
-0.0515 -0.1955 -0.1578 149 226 224
-0.0488 -0.2016 -0.1597 155 220 227
-0.0485 -0.1970 -0.1447 158 217 230
-0.0498 -0.1974 -0.1552 155 221 228
-0.0497 -0.1938 -0.1452 157 220 229
-0.0495 -0.1907 -0.1284 158 218 230
-0.0711 -0.1936 -0.1439 82 219 232
-0.0680 -0.1873 -0.1284 84 222 232
-0.0701 -0.1907 -0.1442 83 220 232
-0.0719 -0.1945 -0.1538 82 218 232
-0.0516 -0.1899 -0.1451 153 225 227
-0.0526 -0.1850 -0.1329 152 227 230
-0.0542 -0.1865 -0.1447 144 232 225
-0.0541 -0.1840 -0.1361 146 231 227
-0.0689 -0.1876 -0.1440 86 224 231
-0.0655 -0.1830 -0.1324 93 230 232
-0.0649 -0.1827 -0.1355 100 234 229
-0.0669 -0.1852 -0.1437 99 233 228
-0.0641 -0.1843 -0.1437 115 237 225
-0.0624 -0.1811 -0.1327 112 238 229
-0.0607 -0.1845 -0.1439 123 237 224
-0.0573 -0.1849 -0.1443 130 236 224
-0.0561 -0.1818 -0.1330 137 236 229
-0.0622 -0.1811 -0.1278 109 237 234
-0.0623 -0.1818 -0.1253 112 238 230
-0.0588 -0.1812 -0.1273 127 238 234
-0.0593 -0.1811 -0.1326 125 239 229
-0.0662 -0.1842 -0.1291 90 228 232
-0.0553 -0.1823 -0.1280 142 234 233
-0.0548 -0.1834 -0.1254 142 234 230
-0.0510 -0.1872 -0.1294 155 224 230
-0.0587 -0.1820 -0.1246 129 238 230
-0.0595 -0.2264 -0.2082 124 207 212
-0.0639 -0.2274 -0.2080 117 204 212
-0.0681 -0.2308 -0.2072 118 202 212
-0.0694 -0.2030 -0.1781 117 238 231
-0.0448 -0.2079 -0.1367 157 218 232
-0.0439 -0.2105 -0.1336 155 220 232
-0.0421 -0.2155 -0.1477 156 218 231
-0.0431 -0.2135 -0.1537 156 218 231
-0.0479 -0.1998 -0.1186 158 209 237
-0.0477 -0.2035 -0.1195 157 213 238
-0.0415 -0.2189 -0.1610 157 215 233
-0.0416 -0.2167 -0.1673 154 220 235
-0.0442 -0.2113 -0.1626 154 222 231
-0.0431 -0.2135 -0.1537 156 218 231
-0.0411 -0.2208 -0.1551 157 212 231
-0.0403 -0.2253 -0.1321 157 211 236
-0.0394 -0.2271 -0.1377 157 211 233
-0.0397 -0.2237 -0.1390 157 211 233
-0.0406 -0.2218 -0.1327 157 211 235
-0.0417 -0.2242 -0.1267 156 209 238
-0.0414 -0.2274 -0.1275 155 208 239
-0.0402 -0.2288 -0.1312 156 209 237
-0.0392 -0.2305 -0.1362 157 208 234
-0.0434 -0.2242 -0.1223 153 206 241
-0.0438 -0.2188 -0.1211 154 208 241
-0.0450 -0.2307 -0.1210 149 206 244
-0.0425 -0.2288 -0.1249 153 206 241
-0.0421 -0.2201 -0.1262 156 210 237
-0.0408 -0.2314 -0.1293 155 205 238
-0.0417 -0.2339 -0.1276 154 204 240
-0.0402 -0.2356 -0.1342 155 200 235
-0.0394 -0.2330 -0.1349 156 204 235
-0.0392 -0.2290 -0.1425 157 209 230
-0.0396 -0.2261 -0.1439 157 210 230
-0.0397 -0.2237 -0.1390 157 211 233
-0.0394 -0.2271 -0.1377 157 211 233
-0.0391 -0.2321 -0.1413 157 205 231
-0.0397 -0.2331 -0.1449 156 203 229
-0.0398 -0.2313 -0.1466 156 206 228
-0.0403 -0.2288 -0.1482 156 207 228
-0.0396 -0.2347 -0.1411 156 200 232
-0.0394 -0.2330 -0.1349 156 204 235
-0.0402 -0.2356 -0.1342 155 200 235
-0.0405 -0.2355 -0.1465 154 199 228
-0.0392 -0.2305 -0.1362 157 208 234
-0.0412 -0.2343 -0.1502 154 201 226
-0.0415 -0.2319 -0.1524 155 201 228
-0.0770 -0.2195 -0.1337 80 204 237
-0.0775 -0.2171 -0.1347 79 206 236
-0.0779 -0.2213 -0.1393 79 202 235
-0.0769 -0.2238 -0.1373 80 200 236
-0.0760 -0.2224 -0.1323 80 201 237
-0.0753 -0.2188 -0.1279 81 203 239
-0.0742 -0.2259 -0.1297 80 201 238
-0.0754 -0.2272 -0.1352 80 199 236
-0.0738 -0.2313 -0.1336 79 201 236
-0.0725 -0.2299 -0.1273 81 201 239
-0.0731 -0.2241 -0.1252 82 201 240
-0.0748 -0.2217 -0.1285 81 202 238
-0.0728 -0.2199 -0.1223 83 202 241
-0.0697 -0.2278 -0.1207 86 201 244
-0.0730 -0.2150 -0.1209 83 205 241
-0.0757 -0.2155 -0.1276 80 206 238
-0.0780 -0.2236 -0.1442 79 201 234
-0.0785 -0.2193 -0.1412 79 204 235
-0.0787 -0.2216 -0.1465 79 202 234
-0.0775 -0.2269 -0.1480 79 199 234
-0.0767 -0.2282 -0.1456 80 198 234
-0.0771 -0.2261 -0.1421 80 199 235
-0.0763 -0.2317 -0.1505 80 198 235
-0.0773 -0.2294 -0.1539 79 200 234
-0.0756 -0.2318 -0.1464 80 197 235
-0.0756 -0.2298 -0.1410 80 198 235
-0.0778 -0.2149 -0.1359 79 210 235
-0.0790 -0.2171 -0.1431 78 207 234
-0.0758 -0.2129 -0.1281 80 211 237
-0.0758 -0.2114 -0.1294 80 215 236
-0.0775 -0.2127 -0.1364 80 215 235
-0.0733 -0.2111 -0.1209 82 209 240
-0.0711 -0.2054 -0.1180 85 214 241
-0.0743 -0.2091 -0.1247 82 217 236
-0.0408 -0.2190 -0.1336 157 212 234
-0.0400 -0.2212 -0.1402 157 212 232
-0.0412 -0.2164 -0.1342 156 217 233
-0.0424 -0.2148 -0.1279 157 216 234
-0.0422 -0.2168 -0.1267 157 212 236
-0.0425 -0.2134 -0.1334 155 220 232
-0.0411 -0.2174 -0.1440 156 218 230
-0.0438 -0.2117 -0.1239 156 218 235
-0.0441 -0.2141 -0.1207 155 211 239
-0.0793 -0.2195 -0.1484 78 204 234
-0.0791 -0.2149 -0.1449 79 213 233
-0.0797 -0.2175 -0.1508 78 208 233
-0.0790 -0.2221 -0.1528 79 202 233
-0.0782 -0.2248 -0.1506 79 201 233
-0.0796 -0.2157 -0.1544 78 211 232
-0.0786 -0.2126 -0.1467 80 216 233
-0.0780 -0.2103 -0.1488 80 215 233
-0.0795 -0.2196 -0.1580 78 206 232
-0.0795 -0.2197 -0.1540 78 205 232
-0.0786 -0.2248 -0.1571 78 202 233
-0.0399 -0.2240 -0.1451 157 210 230
-0.0400 -0.2212 -0.1402 157 212 232
-0.0404 -0.2268 -0.1493 157 207 230
-0.0402 -0.2226 -0.1469 157 212 230
-0.0404 -0.2192 -0.1417 157 215 231
-0.0412 -0.2292 -0.1537 156 203 230
-0.0408 -0.2259 -0.1532 157 207 230
-0.0406 -0.2218 -0.1503 157 212 230
-0.0421 -0.2155 -0.1477 156 218 231
-0.0411 -0.2174 -0.1440 156 218 230
-0.0404 -0.2251 -0.1498 157 208 230
-0.0412 -0.5158 -0.0673 68 186 226
-0.0374 -0.5228 -0.0648 79 178 227
-0.0426 -0.5205 -0.0594 62 184 233
-0.0458 -0.5092 -0.0670 69 186 226
-0.0375 -0.5313 -0.0393 59 185 239
-0.0325 -0.5353 -0.0438 76 174 234
-0.0563 -0.4313 -0.0129 69 216 244
-0.0540 -0.4344 -0.0058 71 213 248
-0.0396 -0.4292 0.0055 68 210 246
-0.0488 -0.4360 0.0004 74 210 250
-0.0451 -0.4274 0.0003 73 209 250
-0.0446 -0.4735 0.0012 60 208 232
-0.0425 -0.2373 -0.1271 155 206 238
-0.0425 -0.2448 -0.1269 155 210 235
-0.0412 -0.2394 -0.1346 156 203 235
-0.0455 -0.2347 -0.1203 150 212 243
-0.0447 -0.2407 -0.1185 152 215 239
-0.0715 -0.2340 -0.1265 79 205 239
-0.0712 -0.2416 -0.1269 77 208 237
-0.0687 -0.2378 -0.1196 81 213 241
-0.0684 -0.2320 -0.1203 85 207 244
-0.0396 -0.3124 -0.1041 140 207 247
-0.0452 -0.3074 -0.0998 126 204 252
-0.0360 -0.3119 -0.1102 150 207 238
-0.0371 -0.3006 -0.1084 149 208 240
-0.0400 -0.2984 -0.1034 142 208 246
-0.0374 -0.2880 -0.1201 152 207 231
-0.0385 -0.2945 -0.1262 152 207 231
-0.0745 -0.2853 -0.1249 75 206 227
-0.0730 -0.2903 -0.1281 73 207 231
-0.0770 -0.3093 -0.1149 71 207 237
-0.0735 -0.3107 -0.1082 79 206 246
-0.0677 -0.3067 -0.1029 89 203 250
-0.0741 -0.2988 -0.1087 77 207 244
-0.0409 -0.2593 -0.1260 155 210 232
-0.0411 -0.2626 -0.1337 154 209 233
-0.0418 -0.2474 -0.1349 156 208 234
-0.0410 -0.2562 -0.1184 154 212 235
-0.0428 -0.2544 -0.1127 151 214 241
-0.0459 -0.2431 -0.1137 148 218 242
-0.0710 -0.2521 -0.1167 78 213 238
-0.0680 -0.2508 -0.1114 84 214 244
-0.0671 -0.2400 -0.1154 85 217 243
-0.0716 -0.2565 -0.1282 75 208 230
-0.0722 -0.2540 -0.1225 75 211 233
-0.0632 -0.2296 -0.1153 95 209 249
-0.0569 -0.2287 -0.1130 118 212 252
-0.0627 -0.2327 -0.1143 94 217 247
-0.0621 -0.2351 -0.1124 96 220 247
-0.0565 -0.2349 -0.1103 119 223 250
-0.0566 -0.2322 -0.1120 119 220 250
-0.0507 -0.2311 -0.1151 140 213 248
-0.0505 -0.2344 -0.1138 141 219 246
-0.0507 -0.2371 -0.1118 139 221 246
-0.0566 -0.2397 -0.1079 117 219 251
-0.0509 -0.3047 -0.0984 113 202 253
-0.0566 -0.3039 -0.0989 106 201 253
-0.0459 -0.2941 -0.0988 131 208 251
-0.0519 -0.2921 -0.0970 117 207 253
-0.0622 -0.3045 -0.1001 99 202 252
-0.0637 -0.2927 -0.0990 95 206 251
-0.0693 -0.2949 -0.1027 85 207 248
-0.0749 -0.2043 -0.1346 81 215 235
-0.0753 -0.2072 -0.1338 81 215 235
-0.0706 -0.2015 -0.1189 83 211 240
-0.0764 -0.2100 -0.1350 81 218 235
-0.0198 -0.2509 -0.2038 132 187 245
-0.0191 -0.2518 -0.2053 146 188 232
-0.0165 -0.2491 -0.2040 150 200 223
-0.0176 -0.2495 -0.2026 121 178 237
-0.0210 -0.2497 -0.2022 147 191 227
-0.0229 -0.2514 -0.2021 130 183 223
-0.0223 -0.2528 -0.2035 134 188 245
-0.0221 -0.2537 -0.2049 135 182 237
-0.0363 -0.2274 -0.2040 115 207 212
-0.0343 -0.2305 -0.2042 116 210 212
-0.0374 -0.2297 -0.2036 110 207 212
-0.0387 -0.2286 -0.2035 119 202 212
-0.0385 -0.2257 -0.2040 125 204 213
-0.0353 -0.2256 -0.2038 133 214 214
-0.0338 -0.2289 -0.2040 127 214 213
-0.0389 -0.2324 -0.2033 106 206 213
-0.0375 -0.2336 -0.2039 103 208 213
-0.0396 -0.2354 -0.2027 99 201 215
-0.0401 -0.2308 -0.2031 123 201 213
-0.0359 -0.2319 -0.2041 109 211 213
-0.0328 -0.2327 -0.2045 118 215 213
-0.0317 -0.2345 -0.2051 117 221 214
-0.0347 -0.2339 -0.2046 109 212 213
-0.0321 -0.2302 -0.2038 133 219 215
-0.0290 -0.2334 -0.2039 135 223 218
-0.0363 -0.2357 -0.2042 101 207 214
-0.0354 -0.2378 -0.2046 91 209 217
-0.0376 -0.2375 -0.2031 93 199 217
-0.0383 -0.2355 -0.2033 99 203 214
-0.0338 -0.2358 -0.2052 103 216 214
-0.0319 -0.2441 -0.2077 101 205 214
-0.0339 -0.2406 -0.2070 94 210 216
-0.0321 -0.2396 -0.2074 106 214 213
-0.0299 -0.2432 -0.2082 109 209 213
-0.0294 -0.2481 -0.2079 103 200 214
-0.0308 -0.2482 -0.2072 93 196 218
-0.0331 -0.2452 -0.2068 88 198 220
-0.0343 -0.2423 -0.2064 87 203 219
-0.0278 -0.2423 -0.2084 116 213 213
-0.0300 -0.2387 -0.2075 116 218 214
-0.0282 -0.2389 -0.2073 126 221 215
-0.0260 -0.2417 -0.2081 129 219 215
-0.0243 -0.2449 -0.2084 128 215 214
-0.0251 -0.2461 -0.2088 119 208 212
-0.0273 -0.2471 -0.2085 110 204 213
-0.0348 -0.2389 -0.2058 87 213 219
-0.0331 -0.2374 -0.2063 101 218 215
-0.0351 -0.2417 -0.2053 80 202 224
-0.0358 -0.2413 -0.2034 83 198 224
-0.0311 -0.2363 -0.2063 115 222 215
-0.0284 -0.2372 -0.2063 130 223 217
-0.0230 -0.2489 -0.2084 125 204 213
-0.0212 -0.2508 -0.2076 131 201 215
-0.0232 -0.2525 -0.2073 120 192 215
-0.0250 -0.2503 -0.2082 114 199 213
-0.0225 -0.2463 -0.2081 137 215 216
-0.0209 -0.2475 -0.2071 139 214 217
-0.0272 -0.2513 -0.2075 104 194 216
-0.0256 -0.2535 -0.2066 107 188 218
-0.0285 -0.2524 -0.2056 91 188 223
-0.0298 -0.2505 -0.2066 90 190 222
-0.0225 -0.2445 -0.1819 138 205 249
-0.0171 -0.2500 -0.1862 143 205 247
-0.0164 -0.2463 -0.1881 150 216 241
-0.0220 -0.2402 -0.1832 147 216 244
-0.0291 -0.2397 -0.1775 136 201 249
-0.0314 -0.2429 -0.1786 123 188 247
-0.0244 -0.2475 -0.1820 123 195 250
-0.0146 -0.2542 -0.1901 148 197 241
-0.0195 -0.2525 -0.1857 131 196 249
-0.0170 -0.2563 -0.1894 137 188 243
-0.0148 -0.2554 -0.1929 139 186 224
-0.0136 -0.2512 -0.1921 155 210 236
-0.0197 -0.2581 -0.1895 123 182 243
-0.0219 -0.2548 -0.1862 116 189 248
-0.0230 -0.2583 -0.1910 100 181 239
-0.0194 -0.2586 -0.1923 129 182 224
-0.0171 -0.2571 -0.1924 133 185 223
-0.0198 -0.2518 -0.2065 141 194 220
-0.0191 -0.2518 -0.2053 146 188 232
-0.0221 -0.2537 -0.2049 135 182 237
-0.0223 -0.2536 -0.2062 129 183 223
-0.0189 -0.2481 -0.2059 141 214 218
-0.0250 -0.2546 -0.2054 112 179 225
-0.0249 -0.2548 -0.2041 122 178 236
-0.0282 -0.2536 -0.2041 91 186 226
-0.0342 -0.2247 -0.2024 146 221 221
-0.0328 -0.2245 -0.1994 148 224 224
-0.0386 -0.2214 -0.2044 140 215 216
-0.0390 -0.2422 -0.1966 92 187 224
-0.0367 -0.2456 -0.1936 92 184 228
-0.0414 -0.2359 -0.2016 115 192 215
-0.0390 -0.2405 -0.1991 89 190 223
-0.0354 -0.2458 -0.1966 87 188 229
-0.0249 -0.2415 -0.2072 139 222 219
-0.0237 -0.2414 -0.2057 140 223 220
-0.0329 -0.2464 -0.2057 83 192 228
-0.0323 -0.2477 -0.2042 83 191 228
-0.0326 -0.2493 -0.1899 90 184 234
-0.0285 -0.2515 -0.1863 94 186 242
-0.0301 -0.2518 -0.1918 87 186 235
-0.0244 -0.2334 -0.1858 149 223 238
-0.0280 -0.2271 -0.1896 150 225 233
-0.0287 -0.2351 -0.1779 145 214 246
-0.0186 -0.2404 -0.1916 151 223 234
-0.0221 -0.2352 -0.1959 148 226 229
-0.0308 -0.2247 -0.1946 149 225 228
-0.0280 -0.2271 -0.1896 150 225 233
-0.0255 -0.2333 -0.1999 144 226 224
-0.0321 -0.2491 -0.2021 83 191 228
-0.0359 -0.2435 -0.2007 84 192 226
-0.0310 -0.2513 -0.1990 85 188 232
-0.0354 -0.2458 -0.1966 87 188 229
-0.0273 -0.2552 -0.1947 88 186 235
-0.0310 -0.2513 -0.1990 85 188 232
-0.0275 -0.2550 -0.2020 104 179 229
-0.0254 -0.2571 -0.1972 119 180 224
-0.0221 -0.2589 -0.1936 119 181 223
-0.0253 -0.2552 -0.1881 95 185 242
-0.0152 -0.2468 -0.1962 152 219 231
-0.0136 -0.2534 -0.1948 142 191 223
-0.0145 -0.2506 -0.1989 142 190 223
-0.0182 -0.2429 -0.2006 148 222 226
-0.0212 -0.2415 -0.2037 142 223 221
-0.0221 -0.2352 -0.1959 148 226 229
-0.0182 -0.2429 -0.2006 148 222 226
-0.0393 -0.2441 -0.1766 138 187 242
-0.0368 -0.2410 -0.1746 133 189 245
-0.0353 -0.2375 -0.1732 138 199 248
-0.0411 -0.2150 -0.1728 150 225 237
-0.0410 -0.2127 -0.1776 148 226 239
-0.0447 -0.2100 -0.1759 142 231 238
-0.0443 -0.2116 -0.1716 148 228 234
-0.0431 -0.2197 -0.2067 129 212 213
-0.0414 -0.2239 -0.2058 133 205 214
-0.0407 -0.2278 -0.2043 133 200 214
-0.0547 -0.1820 -0.1214 138 235 225
-0.0581 -0.1809 -0.1212 128 237 224
-0.0549 -0.1804 -0.1176 136 237 231
-0.0529 -0.1817 -0.1167 149 230 233
-0.0520 -0.1838 -0.1211 151 228 228
-0.0615 -0.1807 -0.1215 118 238 225
-0.0643 -0.1814 -0.1215 100 234 228
-0.0630 -0.1800 -0.1173 104 236 233
-0.0605 -0.1795 -0.1179 120 239 231
-0.0661 -0.1834 -0.1200 87 225 232
-0.0672 -0.1865 -0.1175 84 220 233
-0.0648 -0.1818 -0.1160 92 228 236
-0.0507 -0.1863 -0.1194 158 219 232
-0.0520 -0.1840 -0.1152 155 221 237
-0.0502 -0.1894 -0.1168 159 216 234
-0.0682 -0.1905 -0.1145 83 216 237
-0.0703 -0.1973 -0.1177 82 210 239
-0.0675 -0.1940 -0.1115 87 206 243
-0.0665 -0.1887 -0.1116 90 219 242
-0.0659 -0.1848 -0.1141 88 223 239
-0.0498 -0.1929 -0.1140 158 214 237
-0.0517 -0.1905 -0.1108 152 218 242
-0.0506 -0.1956 -0.1113 152 201 242
-0.0533 -0.1892 -0.1101 129 225 247
-0.0518 -0.1870 -0.1133 154 218 240
-0.0531 -0.1863 -0.1121 130 224 248
-0.0544 -0.1889 -0.1108 95 225 242
-0.0552 -0.1910 -0.1093 102 230 242
-0.0541 -0.1917 -0.1083 127 223 249
-0.0649 -0.1881 -0.1106 112 223 248
-0.0641 -0.1912 -0.1088 114 222 249
-0.0631 -0.1907 -0.1096 141 229 242
-0.0637 -0.1881 -0.1110 148 221 243
-0.0635 -0.1853 -0.1126 148 216 245
-0.0645 -0.1846 -0.1127 110 225 247
-0.0560 -0.1928 -0.1077 120 222 249
-0.0552 -0.1943 -0.1075 129 205 251
-0.0566 -0.1920 -0.1088 110 235 240
-0.0587 -0.1930 -0.1078 119 226 248
-0.0588 -0.1943 -0.1073 118 210 251
-0.0617 -0.1926 -0.1080 120 223 249
-0.0627 -0.1939 -0.1078 109 206 251
-0.0611 -0.1919 -0.1089 130 236 238
-0.0533 -0.1837 -0.1135 134 224 247
-0.0540 -0.1818 -0.1146 131 230 244
-0.0549 -0.1829 -0.1142 100 214 248
-0.0542 -0.1844 -0.1135 95 216 246
-0.0636 -0.1821 -0.1141 109 227 246
-0.0628 -0.1832 -0.1137 143 213 248
-0.0617 -0.1819 -0.1145 138 211 249
-0.0622 -0.1806 -0.1151 117 232 244
-0.0600 -0.1802 -0.1159 126 232 244
-0.0598 -0.1816 -0.1152 132 207 250
-0.0576 -0.1805 -0.1161 125 232 244
-0.0576 -0.1798 -0.1180 128 239 231
-0.0555 -0.1809 -0.1156 123 233 243
-0.0561 -0.1822 -0.1151 104 210 249
-0.0563 -0.1830 -0.1158 101 189 242
-0.0578 -0.1819 -0.1156 118 205 251
-0.0579 -0.1827 -0.1163 115 185 243
-0.0564 -0.1836 -0.1172 151 194 223
-0.0553 -0.1843 -0.1164 122 212 251
-0.0552 -0.1837 -0.1150 88 198 240
-0.0408 -0.5214 -0.2114 98 211 219
-0.0383 -0.5226 -0.2113 103 208 219
-0.0401 -0.5247 -0.2120 98 202 218
-0.0423 -0.5234 -0.2120 94 205 218
-0.0434 -0.5209 -0.2113 91 214 220
-0.0424 -0.5200 -0.2107 95 220 223
-0.0400 -0.5200 -0.2106 102 222 224
-0.0434 -0.5258 -0.2120 90 199 218
-0.0416 -0.5269 -0.2120 94 197 218
-0.0443 -0.5280 -0.2116 89 193 219
-0.0452 -0.5274 -0.2116 91 195 218
-0.0450 -0.5254 -0.2118 92 199 218
-0.0444 -0.5230 -0.2118 91 206 218
-0.0365 -0.5243 -0.2111 108 204 219
-0.0353 -0.5257 -0.2107 117 196 222
-0.0367 -0.5270 -0.2111 112 191 222
-0.0381 -0.5260 -0.2117 103 199 219
-0.0354 -0.5229 -0.2103 117 211 223
-0.0348 -0.5243 -0.2102 119 203 223
-0.0397 -0.5277 -0.2117 99 193 219
-0.0381 -0.5283 -0.2112 107 187 222
-0.0393 -0.5291 -0.2111 101 184 222
-0.0409 -0.5291 -0.2114 95 184 221
-0.0465 -0.5267 -0.2117 98 197 218
-0.0462 -0.5241 -0.2119 92 204 218
-0.0462 -0.5288 -0.2113 99 191 219
-0.0454 -0.5214 -0.2112 87 213 220
-0.0463 -0.5187 -0.2093 99 217 222
-0.0438 -0.5197 -0.2103 93 223 224
-0.0346 -0.5258 -0.2099 125 187 230
-0.0343 -0.5256 -0.2092 111 207 221
-0.0358 -0.5270 -0.2097 101 200 218
-0.0360 -0.5272 -0.2103 121 182 231
-0.0341 -0.5243 -0.2095 122 205 224
-0.0375 -0.5286 -0.2105 116 180 229
-0.0373 -0.5286 -0.2100 93 189 220
-0.0392 -0.5296 -0.2106 102 182 223
-0.0353 -0.5303 -0.2110 88 203 218
-0.0366 -0.5287 -0.2105 81 208 220
-0.0351 -0.5274 -0.2103 88 212 220
-0.0335 -0.5289 -0.2108 94 207 219
-0.0336 -0.5324 -0.2112 91 199 218
-0.0347 -0.5330 -0.2110 85 195 219
-0.0363 -0.5317 -0.2108 78 196 220
-0.0371 -0.5302 -0.2105 79 203 220
-0.0317 -0.5277 -0.2102 100 211 220
-0.0335 -0.5262 -0.2098 95 216 221
-0.0320 -0.5260 -0.2094 102 217 222
-0.0303 -0.5270 -0.2095 113 220 226
-0.0298 -0.5296 -0.2104 105 207 220
-0.0317 -0.5309 -0.2111 98 203 218
-0.0371 -0.5284 -0.2101 66 217 228
-0.0357 -0.5269 -0.2098 74 220 226
-0.0376 -0.5303 -0.2103 76 202 220
-0.0341 -0.5256 -0.2093 89 220 223
-0.0327 -0.5244 -0.2084 116 218 226
-0.0322 -0.5255 -0.2090 108 220 225
-0.0285 -0.5316 -0.2103 112 202 221
-0.0277 -0.5332 -0.2097 121 193 225
-0.0302 -0.5329 -0.2108 103 197 219
-0.0280 -0.5299 -0.2097 126 212 230
-0.0274 -0.5312 -0.2091 127 207 228
-0.0320 -0.5341 -0.2110 96 192 219
-0.0309 -0.5354 -0.2103 101 182 223
-0.0330 -0.5355 -0.2102 85 179 224
-0.0340 -0.5344 -0.2108 81 185 222
-0.0374 -0.5312 -0.1966 77 186 254
-0.0344 -0.5341 -0.1967 77 184 253
-0.0330 -0.5325 -0.1956 94 197 255
-0.0359 -0.5294 -0.1956 93 202 255
-0.0405 -0.5287 -0.1966 84 187 255
-0.0389 -0.5325 -0.1991 73 179 248
-0.0360 -0.5351 -0.1993 70 179 246
-0.0345 -0.5277 -0.1967 109 215 254
-0.0315 -0.5309 -0.1964 109 211 255
-0.0305 -0.5291 -0.1986 116 218 250
-0.0336 -0.5258 -0.1991 115 219 250
-0.0377 -0.5245 -0.1972 108 216 253
-0.0391 -0.5265 -0.1959 96 205 255
-0.0432 -0.5277 -0.1965 98 188 255
-0.0420 -0.5246 -0.1961 102 205 255
-0.0442 -0.5307 -0.1985 109 179 250
-0.0418 -0.5306 -0.1988 85 177 250
-0.0407 -0.5222 -0.1976 109 216 253
-0.0368 -0.5228 -0.1996 113 220 249
-0.0396 -0.5204 -0.2001 114 221 249
-0.0431 -0.5200 -0.1976 118 212 252
-0.0292 -0.5334 -0.1966 111 203 255
-0.0307 -0.5348 -0.1962 101 190 255
-0.0297 -0.5357 -0.1973 119 178 241
-0.0283 -0.5345 -0.1973 122 182 244
-0.0271 -0.5332 -0.1985 129 188 241
-0.0281 -0.5318 -0.1984 119 215 250
-0.0322 -0.5362 -0.1971 85 180 253
-0.0336 -0.5370 -0.1994 74 176 245
-0.0311 -0.5369 -0.1979 112 174 241
-0.0271 -0.5337 -0.2085 127 187 233
-0.0270 -0.5336 -0.2071 124 183 242
-0.0289 -0.5352 -0.2076 115 176 242
-0.0288 -0.5351 -0.2089 116 178 232
-0.0267 -0.5314 -0.2079 130 206 231
-0.0306 -0.5362 -0.2091 104 173 231
-0.0308 -0.5364 -0.2078 107 172 240
-0.0330 -0.5363 -0.2091 86 174 229
-0.0408 -0.5194 -0.2098 100 229 232
-0.0416 -0.5192 -0.2088 102 228 231
-0.0380 -0.5202 -0.2085 110 228 236
-0.0375 -0.5204 -0.2096 112 227 234
-0.0352 -0.5222 -0.2094 123 218 231
-0.0351 -0.5220 -0.2083 119 222 233
-0.0372 -0.5210 -0.2104 111 218 224
-0.0451 -0.5294 -0.2110 93 183 222
-0.0455 -0.5306 -0.2099 107 180 225
-0.0433 -0.5295 -0.2109 91 178 225
-0.0435 -0.5300 -0.2098 95 175 227
-0.0412 -0.5297 -0.2107 93 176 226
-0.0413 -0.5303 -0.2097 88 177 226
-0.0428 -0.5287 -0.2116 90 187 220
-0.0297 -0.5274 -0.2092 122 221 237
-0.0294 -0.5280 -0.2085 124 219 235
-0.0362 -0.5327 -0.2105 73 187 223
-0.0358 -0.5337 -0.2099 73 182 226
-0.0387 -0.5307 -0.2098 85 189 220
-0.0405 -0.5330 -0.2025 73 175 242
-0.0428 -0.5318 -0.2021 93 171 243
-0.0416 -0.5326 -0.2058 77 173 235
-0.0392 -0.5340 -0.2062 71 176 234
-0.0378 -0.5349 -0.2028 70 176 241
-0.0446 -0.5325 -0.2017 119 178 243
-0.0449 -0.5330 -0.2051 122 180 235
-0.0417 -0.5315 -0.2081 81 176 228
-0.0416 -0.5326 -0.2058 77 173 235
-0.0436 -0.5312 -0.2080 97 174 229
-0.0392 -0.5327 -0.2084 75 180 226
-0.0453 -0.5321 -0.2079 116 180 229
-0.0449 -0.5330 -0.2051 122 180 235
-0.0435 -0.5320 -0.2054 99 171 235
-0.0335 -0.5238 -0.2018 118 221 246
-0.0339 -0.5222 -0.2044 119 223 241
-0.0365 -0.5212 -0.2021 115 223 246
-0.0305 -0.5267 -0.2016 120 219 246
-0.0311 -0.5248 -0.2045 122 221 240
-0.0392 -0.5191 -0.2027 116 224 244
-0.0396 -0.5185 -0.2051 114 226 236
-0.0417 -0.5172 -0.2028 121 223 241
-0.0420 -0.5182 -0.2003 121 218 247
-0.0367 -0.5202 -0.2046 115 226 239
-0.0346 -0.5218 -0.2066 118 224 234
-0.0375 -0.5200 -0.2068 113 226 234
-0.0318 -0.5243 -0.2067 121 221 233
-0.0408 -0.5187 -0.2072 110 226 230
-0.0438 -0.5172 -0.2072 109 222 226
-0.0423 -0.5168 -0.2052 116 224 232
-0.0361 -0.5347 -0.2088 74 179 228
-0.0361 -0.5358 -0.2066 74 175 234
-0.0392 -0.5340 -0.2062 71 176 234
-0.0351 -0.5367 -0.2030 73 174 239
-0.0361 -0.5358 -0.2066 74 175 234
-0.0330 -0.5371 -0.2071 93 171 235
-0.0331 -0.5376 -0.2031 106 172 238
-0.0278 -0.5298 -0.2016 123 218 244
-0.0263 -0.5319 -0.2017 130 190 241
-0.0259 -0.5315 -0.2057 133 199 238
-0.0281 -0.5282 -0.2049 125 218 239
-0.0287 -0.5279 -0.2072 124 218 233
-0.0450 -0.5172 -0.1970 124 209 250
-0.0439 -0.5158 -0.1995 127 214 245
-0.0469 -0.5188 -0.1943 123 205 251
-0.0438 -0.5150 -0.2019 125 219 239
-0.0444 -0.5146 -0.2042 120 222 232
-0.0459 -0.5148 -0.2061 115 220 226
-0.0687 -0.4417 -0.1424 64 205 228
-0.0692 -0.4393 -0.1411 62 209 232
-0.0678 -0.4340 -0.1363 64 213 235
-0.0656 -0.4287 -0.1314 66 217 238
-0.0643 -0.4265 -0.1358 71 221 232
-0.0609 -0.4243 -0.1369 90 231 231
-0.0630 -0.4248 -0.1338 83 229 238
-0.0604 -0.4243 -0.1359 115 228 245
-0.0582 -0.4244 -0.1374 109 230 243
-0.0583 -0.4246 -0.1386 101 230 228
-0.0556 -0.4250 -0.1386 113 229 229
-0.0558 -0.4248 -0.1374 106 230 243
-0.0532 -0.4257 -0.1373 125 226 232
-0.0518 -0.4268 -0.1350 131 223 236
-0.0537 -0.4255 -0.1363 105 229 245
-0.0524 -0.4266 -0.1344 98 229 245
-0.0515 -0.4279 -0.1319 129 223 241
-0.0504 -0.4297 -0.1332 138 215 236
-0.0526 -0.4286 -0.1283 122 224 245
-0.0516 -0.4296 -0.1287 131 219 244
-0.0534 -0.4282 -0.1288 98 233 237
-0.0557 -0.4283 -0.1265 102 233 238
-0.0552 -0.4289 -0.1255 112 227 246
-0.0639 -0.4265 -0.1297 77 224 243
-0.0630 -0.4283 -0.1261 84 224 247
-0.0621 -0.4277 -0.1268 107 231 242
-0.0628 -0.4262 -0.1298 118 228 243
-0.0594 -0.4290 -0.1248 102 228 247
-0.0592 -0.4283 -0.1257 104 232 239
-0.0754 -0.4608 -0.1398 59 202 240
-0.0752 -0.4650 -0.1374 59 199 241
-0.0759 -0.4588 -0.1432 60 206 240
-0.0764 -0.4644 -0.1447 62 198 245
-0.0754 -0.4653 -0.1422 59 198 240
-0.0778 -0.4623 -0.1479 60 209 239
-0.0797 -0.4684 -0.1536 62 214 234
-0.0788 -0.4674 -0.1480 66 198 249
-0.0816 -0.4775 -0.1534 58 195 238
-0.0806 -0.4792 -0.1521 62 188 241
-0.0816 -0.4760 -0.1509 60 201 245
-0.0816 -0.4756 -0.1556 58 204 234
-0.0808 -0.4798 -0.1579 59 193 235
-0.0798 -0.4819 -0.1564 63 186 239
-0.0800 -0.4738 -0.1598 62 211 230
-0.0750 -0.4912 -0.1841 63 211 229
-0.0796 -0.4784 -0.1641 59 204 231
-0.0808 -0.4780 -0.1592 58 201 233
-0.0792 -0.4822 -0.1642 58 194 235
-0.0781 -0.4852 -0.1620 62 187 238
-0.0745 -0.4747 -0.1391 69 191 249
-0.0753 -0.4796 -0.1442 78 182 249
-0.0736 -0.4704 -0.1359 65 193 247
-0.0751 -0.4715 -0.1399 58 205 240
-0.0765 -0.4749 -0.1422 59 205 242
-0.0742 -0.4677 -0.1358 61 197 244
-0.0752 -0.4678 -0.1406 58 198 238
-0.0749 -0.4695 -0.1396 58 200 240
-0.0795 -0.4805 -0.1504 66 184 243
-0.0798 -0.4786 -0.1481 64 196 247
-0.0807 -0.4775 -0.1495 62 199 247
-0.0782 -0.4834 -0.1545 68 182 242
-0.0776 -0.4819 -0.1496 74 180 245
-0.0761 -0.4873 -0.1597 68 182 242
-0.0745 -0.4873 -0.1562 72 180 244
-0.0747 -0.4843 -0.1505 79 178 246
-0.0693 -0.5000 -0.1730 78 178 246
-0.0768 -0.4843 -0.1534 73 179 244
-0.0764 -0.4757 -0.1454 69 221 232
-0.0748 -0.4733 -0.1444 64 215 231
-0.0737 -0.4755 -0.1491 76 208 253
-0.0753 -0.4768 -0.1487 82 215 253
-0.0782 -0.4777 -0.1468 73 225 240
-0.0784 -0.4787 -0.1458 65 196 248
-0.0261 -0.2503 -0.1836 108 190 248
-0.0190 -0.5536 0.1531 55 205 246
-0.0200 -0.5586 0.1517 52 203 242
-0.0185 -0.5569 0.1553 62 202 252
-0.0160 -0.5538 0.1566 72 204 255
-0.0203 -0.5630 0.1517 51 199 243
-0.0201 -0.5679 0.1521 53 199 246
-0.0185 -0.5664 0.1545 69 195 255
-0.0191 -0.5622 0.1545 61 197 252
-0.0194 -0.5593 0.1539 56 201 249
-0.0197 -0.5745 0.1521 52 197 246
-0.0163 -0.5606 0.1564 74 196 255
-0.0128 -0.5587 0.1577 79 199 255
-0.0095 -0.5570 0.1583 87 202 255
-0.0079 -0.5886 0.1573 91 187 255
-0.0073 -0.5904 0.1565 86 189 255
-0.0034 -0.5837 0.1580 79 195 255
-0.0497 -0.5203 -0.1912 120 200 253
-0.0506 -0.5162 -0.1905 122 203 252
-0.0452 -0.5229 -0.1952 116 202 255
-0.0514 -0.5129 -0.1902 123 200 252
-0.0520 -0.5100 -0.1889 124 189 249
-0.0506 -0.5093 -0.1907 126 190 248
-0.0649 -0.2007 -0.1113 96 204 248
-0.0586 -0.2009 -0.1095 120 201 251
-0.0646 -0.1977 -0.1104 98 200 247
-0.0638 -0.1955 -0.1089 102 198 248
-0.0586 -0.1981 -0.1086 119 198 250
-0.0587 -0.1960 -0.1077 118 199 250
-0.0657 -0.1923 -0.1092 95 211 247
-0.0526 -0.2015 -0.1113 144 205 247
-0.0529 -0.1987 -0.1105 145 204 247
-0.0540 -0.1963 -0.1089 137 197 248
-0.0526 -0.1933 -0.1086 145 210 247
-0.0125 0.4707 -0.1629 137 225 226
-0.0114 0.4866 -0.1614 151 224 234
-0.0135 0.5308 -0.1598 138 226 217
-0.0129 0.4950 -0.1632 135 226 216
-0.0136 0.4433 -0.1632 133 225 213
-0.0145 0.4473 -0.1616 135 227 210
-0.0118 0.4529 -0.1620 140 237 227
-0.0042 0.3431 -0.1495 144 225 238
-0.0032 0.3130 -0.1454 141 226 238
-0.0032 0.3661 -0.1512 153 225 239
-0.0051 0.4038 -0.1546 179 223 239
-0.0055 0.3274 -0.1487 175 229 239
-0.0041 0.3175 -0.1468 167 226 241
-0.0067 -0.5464 0.1551 106 203 255
-0.0091 -0.5426 0.1552 88 201 255
-0.0052 -0.5489 0.1546 106 204 255
-0.0077 -0.5410 0.1549 109 201 255
-0.0091 -0.5393 0.1555 86 198 255
0.0017 -0.6041 0.1148 101 195 221
-0.0014 -0.6041 0.1141 87 196 220
0.0017 -0.5953 0.1140 100 197 220
0.0046 -0.6040 0.1162 103 195 221
0.0039 -0.6125 0.1171 105 195 222
0.0014 -0.6126 0.1156 102 195 222
0.0012 -0.5871 0.1135 100 199 220
0.0036 -0.5852 0.1146 106 199 221
0.0054 -0.5937 0.1154 104 198 221
-0.0187 -0.1669 -0.0439 83 210 227
-0.0179 -0.1517 -0.0456 84 211 227
-0.0385 -0.2390 -0.2013 90 193 221
-0.0390 -0.2405 -0.1991 89 190 223
-0.0042 -0.6336 0.1395 108 198 224
-0.0051 -0.6381 0.1390 109 196 224
-0.0050 -0.6378 0.1389 121 191 246
-0.0040 -0.6321 0.1397 122 191 246
-0.0030 -0.6271 0.1405 79 169 237
-0.0039 -0.6325 0.1397 92 201 221
-0.0049 -0.6383 0.1390 91 200 221
-0.0038 -0.6358 0.1391 58 197 255
-0.0045 -0.6413 0.1385 50 198 251
-0.0044 -0.6408 0.1386 46 202 236
-0.0036 -0.6340 0.1394 46 199 244
-0.0037 -0.6339 0.1394 59 196 255
-0.0045 -0.6407 0.1385 62 196 255
-0.0040 -0.6346 0.1394 82 202 220
-0.0048 -0.6395 0.1389 77 201 221
-0.0037 -0.6336 0.1395 81 202 221
-0.0046 -0.6400 0.1387 77 201 221
-0.0038 -0.6356 0.1392 82 202 220
-0.0045 -0.6410 0.1386 67 201 222
-0.0040 -0.6353 0.1391 66 196 255
-0.0047 -0.6406 0.1384 63 195 255
-0.0039 -0.6331 0.1394 80 193 255
-0.0048 -0.6394 0.1384 79 193 255
-0.0042 -0.6341 0.1392 103 191 255
-0.0050 -0.6388 0.1386 92 190 255
-0.0030 -0.6412 0.1241 62 173 238
-0.0037 -0.6403 0.1243 46 189 240
-0.0031 -0.6410 0.1232 61 173 238
-0.0024 -0.6412 0.1231 102 173 233
-0.0022 -0.6415 0.1241 100 172 234
-0.0029 -0.6414 0.1251 63 172 238
-0.0036 -0.6407 0.1252 47 187 239
-0.0019 -0.6407 0.1242 124 195 238
-0.0020 -0.6401 0.1232 124 197 238
-0.0021 -0.6396 0.1243 121 207 245
-0.0020 -0.6404 0.1253 120 210 244
-0.0018 -0.6413 0.1252 124 195 238
-0.0026 -0.6389 0.1244 106 216 252
-0.0021 -0.6396 0.1243 121 207 245
-0.0021 -0.6386 0.1233 120 208 247
-0.0026 -0.6377 0.1234 101 216 254
-0.0032 -0.6387 0.1244 72 218 254
-0.0031 -0.6396 0.1254 77 222 252
-0.0025 -0.6398 0.1254 106 218 250
-0.0036 -0.6394 0.1244 48 207 246
-0.0036 -0.6400 0.1253 49 210 245
-0.0037 -0.6387 0.1234 49 207 247
-0.0038 -0.6400 0.1233 45 191 241
-0.0036 -0.6404 0.1262 50 209 247
-0.0031 -0.6402 0.1264 79 223 251
-0.0036 -0.6409 0.1261 48 185 242
-0.0034 -0.6410 0.1267 53 180 246
-0.0034 -0.6408 0.1269 55 201 254
-0.0025 -0.6404 0.1263 103 221 248
-0.0020 -0.6408 0.1263 117 213 244
-0.0020 -0.6404 0.1253 120 210 244
-0.0031 -0.6405 0.1268 80 220 254
-0.0025 -0.6407 0.1271 95 217 254
-0.0021 -0.6410 0.1269 111 215 250
-0.0028 -0.6415 0.1262 66 171 241
-0.0020 -0.6418 0.1251 98 170 237
-0.0020 -0.6418 0.1264 98 170 244
-0.0022 -0.6416 0.1269 88 171 249
-0.0028 -0.6414 0.1270 68 174 250
-0.0027 -0.6411 0.1273 80 196 255
-0.0019 -0.6414 0.1272 110 192 255
-0.0017 -0.6414 0.1263 123 193 243
-0.0020 -0.6408 0.1263 117 213 244
-0.0021 -0.6410 0.1269 111 215 250
-0.0019 -0.6414 0.1272 110 192 255
-0.0016 -0.6453 0.1303 121 190 235
-0.0019 -0.6444 0.1302 117 213 237
-0.0019 -0.6450 0.1296 106 190 225
0.0009 -0.6007 0.1411 69 202 222
0.0013 -0.5955 0.1416 67 204 223
0.0009 -0.6055 0.1404 70 203 222
0.0011 -0.6081 0.1397 69 205 222
0.0013 -0.6097 0.1391 67 203 223
0.0014 -0.6114 0.1389 66 200 223
-0.0014 -0.6131 0.1399 86 199 220
-0.0014 -0.6112 0.1399 87 200 220
0.0010 -0.5862 0.1455 81 209 221
0.0015 -0.5893 0.1437 74 211 223
0.0009 -0.5805 0.1465 88 199 219
0.0007 -0.6425 0.1248 58 217 248
0.0010 -0.6430 0.1260 58 217 248
0.0005 -0.6423 0.1238 69 198 255
-0.0014 -0.6437 0.1246 84 225 249
0.0045 -0.6375 0.1286 46 205 240
0.0045 -0.6379 0.1278 53 204 229
0.0048 -0.6371 0.1297 46 205 243
0.0055 -0.6339 0.1290 46 206 240
0.0055 -0.6342 0.1282 51 205 230
0.0069 -0.6294 0.1297 47 206 238
0.0082 -0.6244 0.1303 47 204 237
0.0086 -0.6245 0.1284 53 205 230
0.0071 -0.6296 0.1283 52 206 230
0.0057 -0.6334 0.1301 46 206 242
0.0090 -0.6193 0.1305 47 201 236
0.0088 -0.6193 0.1327 46 201 238
0.0097 -0.6151 0.1296 53 200 229
0.0094 -0.6194 0.1290 52 202 229
0.0081 -0.6243 0.1331 46 204 239
0.0097 -0.6064 0.1318 49 203 235
0.0101 -0.6033 0.1319 50 204 233
0.0102 -0.6065 0.1304 58 205 227
0.0114 -0.5987 0.1312 51 199 232
0.0113 -0.5958 0.1315 48 198 236
0.0116 -0.6002 0.1308 71 177 251
0.0111 -0.5993 0.1315 54 201 229
0.0014 -0.5701 0.1450 86 192 220
0.0016 -0.5578 0.1401 84 185 222
0.0010 -0.5460 0.1312 89 179 224
0.0041 -0.5579 0.1392 67 187 225
0.0016 -0.5578 0.1401 84 185 222
0.0003 -0.5365 0.1196 96 174 228
0.0022 -0.5550 0.1234 89 211 255
-0.0014 -0.5558 0.1240 91 210 255
0.0030 -0.5637 0.1253 89 204 255
0.0016 -0.5455 0.1178 86 219 254
-0.0014 -0.5457 0.1178 92 219 254
0.0001 -0.5314 0.1067 93 171 232
-0.0014 -0.5366 0.1193 93 174 228
-0.0014 -0.5314 0.1065 93 171 232
0.0002 -0.5285 0.0931 87 171 234
0.0016 -0.5288 0.0932 90 171 234
0.0011 -0.5374 0.1076 89 225 249
0.0004 -0.5301 0.0948 95 226 248
0.0107 -0.6009 0.1317 52 204 231
0.0115 -0.6004 0.1310 51 207 233
0.0112 -0.6011 0.1308 54 206 230
0.0110 -0.6028 0.1305 62 203 224
-0.0007 -0.6375 0.1234 65 218 251
-0.0008 -0.6361 0.1225 66 204 255
-0.0014 -0.6369 0.1224 85 212 255
-0.0014 -0.6378 0.1234 84 223 250
0.0005 -0.6422 0.1239 106 174 247
0.0005 -0.6421 0.1243 104 177 251
-0.0006 -0.6422 0.1337 59 221 238
-0.0014 -0.6425 0.1337 84 227 239
-0.0014 -0.6422 0.1349 84 221 228
-0.0006 -0.6417 0.1349 59 213 229
-0.0007 -0.6420 0.1328 68 221 231
0.0004 -0.6268 0.1374 65 203 223
-0.0001 -0.6302 0.1370 62 203 224
-0.0014 -0.6266 0.1380 85 202 220
0.0003 -0.6419 0.1245 87 193 255
-0.0014 -0.6424 0.1245 84 207 255
-0.0006 -0.6425 0.1324 83 205 221
-0.0005 -0.6430 0.1326 89 185 222
-0.0010 -0.6453 0.1331 112 199 226
-0.0009 -0.6443 0.1331 111 190 226
-0.0006 -0.6452 0.1336 117 199 229
-0.0005 -0.6458 0.1336 94 220 228
-0.0004 -0.6435 0.1331 98 178 227
-0.0002 -0.6439 0.1336 103 177 229
0.0024 -0.5913 0.1422 65 210 225
0.0043 -0.5898 0.1409 60 218 233
-0.0004 -0.6334 0.1367 60 201 225
-0.0005 -0.6364 0.1363 60 201 225
-0.0005 -0.6395 0.1357 62 205 224
-0.0014 -0.6400 0.1359 84 207 221
-0.0014 -0.6369 0.1366 85 203 221
0.0049 -0.5722 0.1577 52 204 245
0.0058 -0.5689 0.1562 59 216 232
0.0041 -0.5724 0.1534 56 215 236
0.0031 -0.5762 0.1546 53 202 247
0.0057 -0.5761 0.1592 57 196 250
0.0147 -0.5799 0.1566 126 187 239
0.0136 -0.5811 0.1578 117 181 246
0.0127 -0.5838 0.1534 125 185 239
0.0128 -0.5819 0.1525 125 194 231
0.0117 -0.5818 0.1592 103 177 251
0.0095 -0.5813 0.1601 83 179 254
0.0079 -0.5849 0.1557 84 176 252
0.0102 -0.5851 0.1552 99 175 250
0.0119 -0.5846 0.1544 114 178 246
0.0010 -0.6222 0.1235 64 195 255
0.0005 -0.6162 0.1242 89 190 255
0.0006 -0.6239 0.1231 65 196 255
0.0000 -0.6257 0.1227 70 196 255
-0.0004 -0.6195 0.1232 87 187 255
-0.0014 -0.6211 0.1225 86 191 255
-0.0006 -0.6283 0.1223 73 197 255
-0.0011 -0.6324 0.1221 67 198 255
-0.0014 -0.6300 0.1220 85 196 255
-0.0014 -0.6349 0.1220 85 203 255
0.0001 -0.6144 0.1251 123 194 247
-0.0001 -0.6165 0.1248 123 191 246
0.0006 -0.6145 0.1247 100 193 255
0.0001 -0.6159 0.1262 124 196 233
0.0003 -0.5752 0.1267 103 203 255
-0.0014 -0.5740 0.1268 90 203 255
-0.0014 -0.5771 0.1274 89 207 255
0.0004 -0.5777 0.1273 105 209 255
0.0008 -0.6196 0.1276 120 197 229
-0.0002 -0.6186 0.1259 122 195 232
0.0023 -0.6188 0.1298 124 196 234
0.0014 -0.6238 0.1288 121 196 231
-0.0011 -0.5807 0.1291 83 214 255
-0.0010 -0.5820 0.1298 61 211 251
-0.0008 -0.5799 0.1285 93 215 255
-0.0002 -0.5791 0.1279 95 211 255
-0.0007 -0.5841 0.1305 55 201 250
-0.0005 -0.5867 0.1311 57 200 252
-0.0003 -0.5829 0.1329 72 215 254
-0.0004 -0.5891 0.1314 66 197 255
-0.0005 -0.5915 0.1314 71 200 255
-0.0004 -0.5991 0.1313 72 196 255
0.0006 -0.5968 0.1319 83 197 255
-0.0005 -0.5968 0.1314 71 197 255
-0.0014 -0.5991 0.1309 88 196 255
-0.0014 -0.6011 0.1307 87 196 255
-0.0003 -0.6011 0.1312 73 196 255
-0.0005 -0.5942 0.1315 71 199 255
-0.0014 -0.5942 0.1310 88 199 255
-0.0014 -0.5968 0.1310 88 198 255
0.0026 -0.6148 0.1312 110 194 255
0.0014 -0.6149 0.1312 81 197 255
0.0021 -0.6204 0.1306 116 193 253
0.0001 -0.6149 0.1308 76 197 255
0.0001 -0.6104 0.1308 74 198 255
-0.0014 -0.6104 0.1304 87 198 255
-0.0014 -0.6149 0.1305 86 198 255
-0.0014 -0.6207 0.1302 86 195 255
-0.0001 -0.6209 0.1304 78 195 255
0.0012 -0.6209 0.1307 86 194 255
0.0013 -0.6268 0.1293 123 193 246
0.0007 -0.6284 0.1294 97 190 255
0.0003 -0.6319 0.1284 103 183 255
0.0005 -0.6318 0.1279 121 185 238
0.0000 -0.6073 0.1309 74 197 255
-0.0000 -0.6051 0.1310 74 197 255
-0.0014 -0.6052 0.1305 87 197 255
-0.0014 -0.6074 0.1304 87 197 255
-0.0001 -0.6031 0.1311 73 196 255
0.0022 -0.6457 0.1278 48 210 239
0.0014 -0.6470 0.1278 58 220 238
0.0014 -0.6468 0.1299 58 220 239
0.0022 -0.6455 0.1296 48 210 240
0.0028 -0.6442 0.1269 63 206 224
0.0023 -0.6458 0.1266 69 207 223
0.0407 -0.5732 -0.2021 74 215 254
0.0422 -0.5721 -0.2028 96 226 231
0.0410 -0.5719 -0.2031 90 226 230
0.0396 -0.5735 -0.2031 56 212 246
0.0610 -0.5783 -0.2004 106 214 254
0.0623 -0.5787 -0.2015 123 210 246
0.0608 -0.5770 -0.2014 95 225 229
0.0595 -0.5769 -0.2012 87 226 230
0.0594 -0.5783 -0.2001 88 215 255
0.0577 -0.5785 -0.2003 72 215 254
0.0580 -0.5771 -0.2014 85 225 229
0.0568 -0.5776 -0.2025 67 189 224
0.0563 -0.5790 -0.2015 55 211 247
0.0433 -0.5769 -0.2084 104 187 222
0.0436 -0.5753 -0.2091 88 171 245
0.0448 -0.5749 -0.2081 84 170 243
0.0446 -0.5767 -0.2073 124 192 230
0.0415 -0.5784 -0.2078 86 190 220
0.0417 -0.5767 -0.2086 86 186 221
0.0402 -0.5763 -0.2083 69 190 223
0.0392 -0.5757 -0.2073 53 198 231
0.0405 -0.5747 -0.2092 81 172 246
0.0420 -0.5752 -0.2094 82 171 244
0.0417 -0.5767 -0.2086 86 186 221
0.0573 -0.5818 -0.2075 75 191 221
0.0559 -0.5814 -0.2065 54 197 230
0.0573 -0.5802 -0.2080 82 170 243
0.0592 -0.5818 -0.2076 89 188 220
0.0591 -0.5835 -0.2070 89 189 220
0.0611 -0.5816 -0.2075 104 190 221
0.0611 -0.5801 -0.2080 98 170 243
0.0625 -0.5811 -0.2065 124 196 229
0.0592 -0.5818 -0.2076 89 188 220
0.0592 -0.5804 -0.2082 90 169 242
0.0769 -0.5737 -0.2081 108 194 221
0.0768 -0.5721 -0.2084 104 173 244
0.0780 -0.5729 -0.2072 125 201 230
0.0753 -0.5741 -0.2083 91 191 220
0.0753 -0.5727 -0.2087 97 170 242
0.0736 -0.5743 -0.2081 76 192 221
0.0722 -0.5740 -0.2072 56 195 229
0.0736 -0.5728 -0.2085 86 170 242
0.0753 -0.5741 -0.2083 91 191 220
0.0754 -0.5757 -0.2077 91 191 220
0.0390 -0.5745 -0.2052 50 205 239
0.0400 -0.5721 -0.2042 76 204 220
0.0394 -0.5729 -0.2062 82 170 242
0.0451 -0.5757 -0.2051 129 199 238
0.0450 -0.5740 -0.2060 90 170 242
0.0557 -0.5802 -0.2040 50 203 239
0.0560 -0.5786 -0.2047 80 171 245
0.0560 -0.5796 -0.2069 83 170 243
0.0628 -0.5799 -0.2040 129 203 239
0.0626 -0.5783 -0.2047 96 172 247
0.0619 -0.5773 -0.2025 107 186 223
0.0624 -0.5793 -0.2069 95 170 244
0.0717 -0.5729 -0.2047 50 200 238
0.0719 -0.5713 -0.2053 84 171 246
0.0722 -0.5723 -0.2074 87 170 243
0.0781 -0.5717 -0.2049 128 207 239
0.0776 -0.5702 -0.2055 100 173 247
0.0768 -0.5694 -0.2036 103 205 220
0.0776 -0.5712 -0.2074 100 171 244
0.0295 -0.5365 -0.2031 124 182 236
0.0305 -0.5351 -0.2035 72 176 244
0.0301 -0.5356 -0.2007 128 189 244
0.0284 -0.5370 -0.2054 118 185 227
0.0297 -0.5356 -0.2052 74 174 240
0.0272 -0.5365 -0.2063 106 198 219
0.0285 -0.5353 -0.2058 83 173 232
0.0259 -0.5355 -0.2063 96 209 219
0.0271 -0.5344 -0.2057 69 183 227
0.0297 -0.5346 -0.1996 122 201 252
0.0304 -0.5334 -0.2006 119 216 228
0.0287 -0.5337 -0.1992 110 210 255
0.0278 -0.5350 -0.1985 103 203 255
0.0275 -0.5326 -0.1992 98 217 255
0.0295 -0.5325 -0.2003 115 221 229
0.0284 -0.5316 -0.2003 107 224 229
0.0272 -0.5311 -0.2009 65 205 224
0.0495 -0.4257 -0.1329 63 205 231
0.0506 -0.4247 -0.1344 73 214 224
0.0503 -0.4284 -0.1348 100 232 241
0.0502 -0.4293 -0.1328 94 232 240
0.0507 -0.4270 -0.1281 71 189 246
0.0495 -0.4266 -0.1308 63 196 239
0.0514 -0.4297 -0.1300 87 230 241
0.0536 -0.4297 -0.1277 88 231 240
0.0590 -0.4247 -0.1290 140 211 239
0.0583 -0.4260 -0.1264 132 199 249
0.0593 -0.4288 -0.1279 81 227 243
0.0600 -0.4274 -0.1307 85 226 246
0.0558 -0.4266 -0.1253 108 189 253
0.0529 -0.4269 -0.1259 87 186 251
0.0536 -0.4297 -0.1277 88 231 240
0.0567 -0.4295 -0.1269 105 232 241
0.0073 -0.5793 0.1600 65 188 253
0.0011 0.4229 -0.1562 153 225 237
0.0159 0.4519 -0.1330 185 215 236
0.0232 0.5133 -0.1128 184 252 227
0.0021 0.2961 -0.1433 144 225 240
0.0158 0.3132 -0.1187 170 212 240
0.0259 0.3738 -0.1003 175 245 233
0.0159 0.0725 -0.0578 151 212 245
0.0081 0.0120 -0.0621 154 210 245
0.0115 0.0309 -0.0724 178 210 228
0.0039 0.0736 -0.0852 125 229 242
0.0023 0.0630 -0.0803 119 224 242
0.0236 0.1328 -0.0534 154 244 233
0.0182 -0.0250 -0.0232 142 209 247
0.0098 -0.0727 -0.0283 145 220 247
0.0140 -0.0630 -0.0352 159 214 243
0.0077 -0.5080 0.1402 63 208 249
0.0115 -0.4965 0.1411 98 206 255
0.0148 -0.4735 0.1370 103 231 237
0.0090 -0.4959 0.1372 57 209 240
0.0039 -0.5194 0.1394 61 210 248
0.0048 -0.5201 0.1413 63 211 249
0.0064 -0.5200 0.1433 65 212 249
0.0120 -0.5065 0.1401 129 200 248
0.0142 -0.4942 0.1367 136 200 238
0.0082 -0.5032 0.1337 59 208 231
0.0121 -0.4906 0.1328 95 209 218
0.0073 -0.5106 0.1303 61 217 237
0.0055 -0.5134 0.1323 60 215 238
0.0042 -0.5159 0.1347 56 210 238
0.0032 -0.5182 0.1374 55 207 240
0.0126 -0.5019 0.1334 131 201 229
0.0121 -0.4906 0.1328 95 209 218
0.0110 -0.5097 0.1301 127 202 226
0.0119 -0.4934 0.1060 134 203 232
0.0104 -0.4834 0.1052 98 209 218
0.0116 -0.4676 0.1089 101 232 236
0.0075 -0.4934 0.1055 62 208 228
0.0074 -0.4864 0.1090 58 208 237
0.0104 -0.4834 0.1052 98 209 218
0.0077 -0.5004 0.1021 68 209 224
0.0077 -0.4952 0.1139 61 208 246
0.0106 -0.4853 0.1144 101 210 255
0.0048 -0.5052 0.1135 59 208 245
0.0064 -0.5049 0.1170 63 214 245
0.0081 -0.5041 0.1189 66 216 247
0.2880 -0.5053 0.1302 95 231 240
0.2910 -0.5058 0.1262 99 230 232
0.2813 -0.5060 0.1248 96 230 232
0.2791 -0.5056 0.1273 89 230 242
0.2857 -0.5066 0.1334 86 223 250
0.0115 -0.4948 0.1142 134 203 243
0.0124 -0.4859 0.1094 137 203 238
0.2951 -0.5081 0.1226 101 225 226
0.2972 -0.5114 0.1200 104 213 220
0.2839 -0.5112 0.1190 97 214 220
0.2829 -0.5082 0.1216 97 224 225
0.2910 -0.5058 0.1262 99 230 232
0.2947 -0.5149 0.1190 101 196 218
0.2837 -0.5136 0.1185 94 196 218
0.2838 -0.5097 0.1344 78 207 255
0.2771 -0.5069 0.1289 80 220 251
0.2757 -0.5092 0.1294 75 205 255
0.2830 -0.5138 0.1335 75 190 254
0.2839 -0.5177 0.1309 75 179 248
0.2763 -0.5144 0.1270 74 179 247
0.2782 -0.5160 0.1245 76 174 239
0.0066 -0.5282 0.1565 71 200 255
0.0099 -0.5155 0.1590 101 196 255
0.0136 -0.4916 0.1625 102 230 243
0.0084 -0.5154 0.1580 59 204 246
0.0033 -0.5409 0.1540 66 203 253
0.0037 -0.5418 0.1544 70 203 255
0.0048 -0.5410 0.1549 76 201 255
0.0099 -0.5264 0.1556 123 194 251
0.0121 -0.5138 0.1570 134 198 239
0.0078 -0.5390 0.1542 119 194 253
0.0092 -0.5384 0.1530 122 194 251
0.0069 -0.5212 0.1535 55 207 238
0.0032 -0.5355 0.1519 56 206 246
0.0032 -0.5391 0.1535 59 205 249
0.0103 -0.5200 0.1528 129 202 228
0.0106 -0.5069 0.1552 91 214 220
0.0099 -0.5331 0.1504 129 202 229
0.0092 -0.5300 0.1494 129 202 229
0.0085 -0.5262 0.1486 128 202 228
0.0366 -0.3038 -0.1972 132 225 245
0.0383 -0.3048 -0.1986 146 216 240
0.0368 -0.3011 -0.2012 122 228 221
0.0351 -0.3006 -0.2010 119 228 221
0.0346 -0.3032 -0.1970 118 228 246
0.0328 -0.3029 -0.1972 100 229 245
0.0334 -0.3003 -0.2013 114 230 221
0.0313 -0.3032 -0.1987 80 223 239
0.0746 -0.3000 -0.1936 127 215 251
0.0764 -0.3001 -0.1952 144 216 243
0.0755 -0.2981 -0.1959 126 220 217
0.0739 -0.2980 -0.1944 112 235 229
0.0722 -0.2985 -0.1940 99 234 231
0.0708 -0.3011 -0.1936 90 210 250
0.0726 -0.3005 -0.1934 110 212 253
0.0708 -0.2990 -0.1943 95 233 230
0.0698 -0.2998 -0.1958 98 221 218
0.0563 -0.3111 -0.1930 129 212 251
0.0578 -0.3116 -0.1947 146 211 242
0.0574 -0.3093 -0.1955 124 215 216
0.0561 -0.3089 -0.1938 122 233 229
0.0545 -0.3090 -0.1936 107 235 230
0.0526 -0.3114 -0.1931 91 212 251
0.0544 -0.3112 -0.1928 110 212 253
0.0529 -0.3091 -0.1938 96 232 228
0.0515 -0.3097 -0.1955 92 188 221
0.0369 -0.3084 -0.2064 124 196 216
0.0371 -0.3061 -0.2072 116 178 241
0.0388 -0.3080 -0.2050 146 199 225
0.0366 -0.3109 -0.2056 124 198 216
0.0341 -0.3104 -0.2058 109 199 214
0.0344 -0.3080 -0.2066 109 195 215
0.0321 -0.3073 -0.2065 92 198 217
0.0306 -0.3062 -0.2052 75 205 225
0.0325 -0.3052 -0.2075 96 182 243
0.0347 -0.3060 -0.2075 103 178 239
0.0344 -0.3080 -0.2066 109 195 215
0.0318 -0.3098 -0.2057 93 201 216
0.0302 -0.3089 -0.2041 74 205 226
0.0563 -0.3152 -0.2045 129 198 217
0.0564 -0.3128 -0.2052 120 178 239
0.0581 -0.3144 -0.2027 147 203 226
0.0540 -0.3156 -0.2047 110 196 215
0.0541 -0.3134 -0.2057 114 176 238
0.0761 -0.3039 -0.2042 134 203 217
0.0758 -0.3016 -0.2046 130 180 238
0.0775 -0.3028 -0.2026 148 209 226
0.0740 -0.3047 -0.2046 114 198 214
0.0740 -0.3026 -0.2052 125 178 236
0.0717 -0.3052 -0.2044 96 200 216
0.0699 -0.3050 -0.2027 76 203 224
0.0718 -0.3029 -0.2048 113 176 236
0.0740 -0.3047 -0.2046 114 198 214
0.0304 -0.3045 -0.2020 72 213 234
0.0321 -0.3007 -0.2024 99 214 215
0.0311 -0.3021 -0.2045 103 178 240
0.0391 -0.3065 -0.2018 151 207 235
0.0390 -0.3038 -0.2042 112 180 243
0.0382 -0.3020 -0.2022 131 207 216
0.0385 -0.3108 -0.2041 146 199 226
0.0502 -0.3136 -0.1987 71 208 235
0.0510 -0.3121 -0.1947 75 211 242
0.0505 -0.3109 -0.1993 103 176 235
0.0504 -0.3121 -0.2033 106 176 236
0.0585 -0.3129 -0.1987 150 208 234
0.0582 -0.3103 -0.1994 117 176 233
0.0580 -0.3116 -0.2033 115 176 236
0.0692 -0.3036 -0.1989 71 206 233
0.0696 -0.3020 -0.1951 74 208 241
0.0695 -0.3012 -0.1994 106 176 233
0.0700 -0.3024 -0.2030 108 176 235
0.0774 -0.3013 -0.1989 150 213 235
0.0766 -0.2989 -0.1992 126 178 234
0.0769 -0.3002 -0.2026 126 178 236
0.0213 -0.2541 -0.1967 150 194 238
0.0231 -0.2508 -0.1972 105 180 226
0.0205 -0.2526 -0.1930 148 201 243
0.0190 -0.2559 -0.1924 143 193 244
0.0196 -0.2574 -0.1967 149 192 237
0.0214 -0.2553 -0.2006 150 194 229
0.0232 -0.2520 -0.1999 98 180 234
0.0203 -0.2551 -0.2026 142 204 218
0.0219 -0.2522 -0.2015 113 177 231
0.0186 -0.2541 -0.2033 127 213 214
0.0200 -0.2514 -0.2021 101 183 223
0.0195 -0.2516 -0.1916 135 211 250
0.0213 -0.2482 -0.1937 144 228 229
0.0162 -0.2537 -0.1907 109 206 252
0.0178 -0.2548 -0.1907 126 199 251
0.0785 -0.3019 -0.1993 90 180 233
0.0784 -0.3023 -0.2035 106 177 239
0.0766 -0.2989 -0.1992 126 178 234
0.0769 -0.3002 -0.2026 126 178 236
0.0683 -0.3047 -0.1992 139 185 235
0.0692 -0.3041 -0.1949 142 191 226
0.0695 -0.3012 -0.1994 106 176 233
0.0491 -0.3143 -0.1991 140 185 233
0.0492 -0.3145 -0.2038 124 178 237
0.0504 -0.3121 -0.2033 106 176 236
0.0505 -0.3109 -0.1993 103 176 235
0.0402 -0.3078 -0.2024 78 189 233
0.0400 -0.3084 -0.2058 88 188 245
0.0415 -0.3091 -0.2060 132 181 230
0.0390 -0.3038 -0.2042 112 180 243
0.0388 -0.3054 -0.2063 108 179 242
0.0293 -0.3060 -0.2027 144 189 235
0.0290 -0.3071 -0.2064 84 184 230
0.0299 -0.3066 -0.2062 132 188 246
0.0311 -0.3038 -0.2066 107 180 243
0.0311 -0.3021 -0.2045 103 178 240
0.0321 -0.3007 -0.2024 99 214 215
0.0379 -0.3087 -0.2072 99 199 252
0.0349 -0.3084 -0.2075 108 201 253
0.0350 -0.3096 -0.2078 104 177 237
0.0383 -0.3099 -0.2076 114 176 233
0.0371 -0.3061 -0.2072 116 178 241
0.0320 -0.3076 -0.2075 118 200 253
0.0319 -0.3088 -0.2079 93 179 235
0.0347 -0.3060 -0.2075 103 178 239
0.0325 -0.3052 -0.2075 96 182 243
0.0711 -0.3035 -0.1933 128 194 217
0.0684 -0.3057 -0.1937 102 177 237
0.0698 -0.2998 -0.1958 98 221 218
0.0708 -0.2990 -0.1943 95 233 230
0.0767 -0.3033 -0.2054 114 184 247
0.0769 -0.3040 -0.2065 132 181 230
0.0758 -0.3016 -0.2046 130 180 238
0.0740 -0.3026 -0.2052 125 178 236
0.0569 -0.3145 -0.2058 110 185 248
0.0540 -0.3152 -0.2061 113 188 250
0.0572 -0.3151 -0.2068 126 178 231
0.0564 -0.3128 -0.2052 120 178 239
0.0541 -0.3134 -0.2057 114 176 238
0.0511 -0.3150 -0.2057 116 185 248
0.0509 -0.3157 -0.2066 97 178 230
0.0519 -0.3131 -0.2052 105 177 239
-0.0014 -0.6499 0.1348 84 170 249
-0.0014 -0.6508 0.1324 83 167 242
0.0052 -0.6379 0.1275 82 198 220
0.0045 -0.6379 0.1278 53 204 229
0.0055 -0.6342 0.1282 51 205 230
0.0045 -0.6407 0.1275 96 197 221
0.0101 -0.6198 0.1283 73 202 221
0.0094 -0.6194 0.1290 52 202 229
0.0105 -0.6156 0.1287 72 202 221
0.0106 -0.6124 0.1289 76 200 220
0.0097 -0.6121 0.1297 54 199 228
0.0108 -0.6097 0.1291 82 202 220
0.0097 -0.6151 0.1296 53 200 229
0.0113 -0.6069 0.1297 81 204 220
0.0102 -0.6065 0.1304 58 205 227
0.0098 -0.6096 0.1296 56 202 227
0.0018 -0.6445 0.1258 108 178 250
0.0048 -0.6389 0.1261 115 187 251
0.0043 -0.6389 0.1266 100 190 255
0.0015 -0.6441 0.1262 96 187 255
-0.0014 -0.6458 0.1261 84 185 255
-0.0014 -0.6464 0.1257 84 171 250
-0.0014 -0.6465 0.1251 84 168 237
0.0076 -0.6298 0.1268 115 190 252
0.0069 -0.6298 0.1273 98 193 255
0.0099 -0.6196 0.1278 115 192 253
0.0092 -0.6195 0.1283 97 194 255
0.0122 -0.5982 0.1306 93 200 255
0.0122 -0.5980 0.1305 126 192 243
0.0129 -0.5951 0.1302 75 201 221
0.0116 -0.6002 0.1308 71 177 251
0.0117 -0.6001 0.1306 91 169 236
0.0072 -0.6041 0.1172 107 194 223
0.0062 -0.6124 0.1181 108 195 223
0.0084 -0.5955 0.1168 108 197 222
0.0053 -0.6201 0.1186 104 195 222
0.0069 -0.6189 0.1195 117 195 227
0.0063 -0.6253 0.1195 114 194 226
0.0047 -0.6266 0.1189 100 194 222
0.0033 -0.6204 0.1178 104 195 222
0.0043 -0.6308 0.1193 102 193 222
0.0038 -0.6340 0.1197 103 191 223
0.0026 -0.6319 0.1188 99 193 222
0.0028 -0.6272 0.1184 101 195 222
0.0006 -0.6334 0.1183 97 191 222
-0.0014 -0.6342 0.1181 85 190 221
-0.0014 -0.6272 0.1165 85 193 220
0.0008 -0.6272 0.1172 101 194 222
0.0140 -0.5971 0.1292 108 197 255
0.0128 -0.6032 0.1290 104 194 255
0.0130 -0.5969 0.1296 110 195 255
0.0116 -0.6018 0.1295 103 194 255
0.0115 -0.6107 0.1284 106 194 255
0.0106 -0.6102 0.1287 99 195 255
0.0124 -0.5974 0.1300 123 192 248
0.0118 -0.6000 0.1302 110 185 253
0.0104 -0.5854 0.1554 93 225 249
0.0081 -0.5852 0.1561 103 226 245
0.0084 -0.5853 0.1566 99 227 235
0.0122 -0.5849 0.1545 90 223 251
0.0129 -0.5841 0.1534 89 218 255
0.0130 -0.5820 0.1524 91 208 255
0.0128 -0.5776 0.1518 92 202 255
0.0114 -0.5733 0.1518 90 198 255
0.0112 -0.5735 0.1520 106 207 255
0.0075 -0.5712 0.1524 97 192 255
0.0039 -0.5709 0.1542 120 184 247
0.0057 -0.5837 0.1563 116 220 241
0.0038 -0.5808 0.1560 126 211 241
0.0056 -0.5835 0.1560 117 218 246
0.0029 -0.5759 0.1549 127 201 245
0.0039 -0.5719 0.1535 118 192 252
-0.0014 -0.4960 0.0863 96 231 238
0.0228 -0.5170 0.0537 134 204 239
0.0101 -0.5868 0.1179 112 200 223
0.0078 -0.5834 0.1169 109 201 222
0.0052 -0.5796 0.1157 108 201 222
0.0126 -0.4119 0.0268 120 201 254
0.0102 -0.4395 0.0254 81 199 254
0.0082 -0.4704 0.0180 78 189 252
0.0217 -0.4921 -0.0007 114 185 252
0.0131 -0.4873 0.0060 102 188 255
0.0028 -0.6466 0.1291 119 184 241
0.0017 -0.6483 0.1288 111 176 241
0.0019 -0.6482 0.1273 110 176 235
0.0029 -0.6465 0.1274 119 185 235
0.0036 -0.6447 0.1275 120 188 234
0.0026 -0.6462 0.1268 109 191 226
0.0017 -0.6477 0.1266 104 183 226
0.0015 -0.6472 0.1264 79 207 222
0.0023 -0.6458 0.1266 69 207 223
0.0032 -0.6445 0.1270 106 195 224
0.0038 -0.6428 0.1272 102 197 222
0.0028 -0.6442 0.1269 63 206 224
0.0034 -0.6426 0.1272 61 207 225
0.0039 -0.6406 0.1275 59 205 226
-0.0014 -0.6467 0.1385 84 182 255
-0.0014 -0.6446 0.1393 84 187 255
0.0367 -0.4292 0.0055 134 210 246
0.0422 -0.4274 0.0003 130 209 250
0.0423 -0.4077 -0.0024 138 201 246
0.0497 -0.4607 -0.0013 123 198 252
0.0490 -0.4750 -0.0048 119 191 253
0.0566 -0.4453 -0.0064 130 208 249
0.0415 -0.4452 0.0070 138 206 241
0.0787 -0.5723 -0.2048 64 176 239
0.0779 -0.5721 -0.2021 67 177 232
0.0768 -0.5694 -0.2036 103 205 220
0.0776 -0.5702 -0.2055 100 173 247
0.0776 -0.5712 -0.2074 100 171 244
0.0710 -0.5736 -0.2046 117 177 240
0.0717 -0.5730 -0.2017 116 179 232
0.0703 -0.5741 -0.2078 63 179 233
0.0719 -0.5713 -0.2053 84 171 246
0.0722 -0.5703 -0.2032 73 198 221
0.0635 -0.5802 -0.2041 66 175 239
0.0633 -0.5806 -0.2071 85 171 246
0.0642 -0.5803 -0.2075 121 182 234
0.0626 -0.5801 -0.2011 65 178 231
0.0619 -0.5773 -0.2025 107 186 223
0.0626 -0.5783 -0.2047 96 172 247
0.0624 -0.5793 -0.2069 95 170 244
0.0549 -0.5807 -0.2039 112 174 239
0.0558 -0.5804 -0.2008 112 177 232
0.0541 -0.5808 -0.2074 58 182 233
0.0550 -0.5810 -0.2070 96 171 246
0.0560 -0.5796 -0.2069 83 170 243
0.0560 -0.5786 -0.2047 80 171 245
0.0568 -0.5776 -0.2025 67 189 224
0.0456 -0.5765 -0.2054 56 182 239
0.0462 -0.5771 -0.2085 113 175 236
0.0449 -0.5761 -0.2025 60 183 231
0.0445 -0.5730 -0.2039 105 209 222
0.0450 -0.5740 -0.2060 90 170 242
0.0448 -0.5749 -0.2081 84 170 243
0.0435 -0.5758 -0.2014 75 181 225
0.0418 -0.5756 -0.2012 88 181 223
0.0435 -0.5724 -0.2030 99 226 231
0.0401 -0.5754 -0.2015 101 180 225
0.0410 -0.5719 -0.2031 90 226 230
0.0422 -0.5721 -0.2028 96 226 231
0.0766 -0.5722 -0.2010 80 177 226
0.0749 -0.5724 -0.2007 91 179 224
0.0756 -0.5692 -0.2026 89 225 229
0.0732 -0.5727 -0.2007 103 178 226
0.0731 -0.5697 -0.2023 80 225 230
0.0611 -0.5801 -0.1997 78 179 226
0.0592 -0.5802 -0.1994 90 179 224
0.0595 -0.5769 -0.2012 87 226 230
0.0608 -0.5770 -0.2014 95 225 229
0.0574 -0.5802 -0.1996 100 177 227
0.0580 -0.5771 -0.2014 85 225 229
0.0616 -0.5811 -0.2083 84 178 253
0.0591 -0.5815 -0.2085 91 181 255
0.0618 -0.5815 -0.2089 103 172 235
0.0611 -0.5801 -0.2080 98 170 243
0.0592 -0.5804 -0.2082 90 169 242
0.0567 -0.5814 -0.2083 97 179 253
0.0565 -0.5818 -0.2089 77 171 234
0.0591 -0.5819 -0.2090 91 169 237
0.0573 -0.5802 -0.2080 82 170 243
0.0131 -0.4962 0.0052 125 207 251
0.0177 -0.4998 0.0005 126 206 250
0.0170 -0.4904 0.0025 111 186 253
0.0471 -0.4858 -0.0094 112 187 253
0.0419 -0.4594 0.0045 138 205 236
0.0400 -0.4812 -0.0037 128 186 244
0.0374 -0.5048 -0.0214 121 185 249
0.0282 -0.4106 0.0156 130 202 250
0.0460 -0.4360 0.0004 127 210 250
0.0488 -0.4464 0.0006 126 204 251
0.0220 -0.2538 -0.2028 94 187 243
0.0195 -0.2528 -0.2035 97 188 245
0.0221 -0.2548 -0.2041 109 178 236
0.0219 -0.2522 -0.2015 113 177 231
0.0200 -0.2514 -0.2021 101 183 223
0.0169 -0.2509 -0.2038 99 187 245
0.0147 -0.2495 -0.2027 110 178 237
0.0163 -0.2518 -0.2053 85 188 232
0.0192 -0.2537 -0.2049 96 182 237
0.0181 -0.2497 -0.2022 84 191 227
0.0184 -0.2545 -0.1934 104 205 213
0.0166 -0.2534 -0.1935 116 201 213
0.0213 -0.2482 -0.1937 144 228 229
0.0223 -0.2492 -0.1947 144 223 223
0.0147 -0.2522 -0.1940 126 195 215
0.0135 -0.2509 -0.1956 137 187 222
0.0176 -0.2462 -0.1956 127 231 222
0.0188 -0.2466 -0.1942 133 234 229
0.0135 -0.2497 -0.1992 135 181 230
0.0169 -0.2478 -0.2011 92 183 232
0.0168 -0.2467 -0.1984 96 187 221
0.0606 -0.1885 -0.1120 81 212 233
0.0603 -0.1858 -0.1135 81 206 234
0.0607 -0.1890 -0.1133 113 204 251
0.0602 -0.1913 -0.1119 102 219 248
0.0597 -0.1839 -0.1145 85 199 237
0.0598 -0.1845 -0.1159 133 191 216
0.0604 -0.1864 -0.1148 128 183 221
0.0282 -0.5360 -0.2068 74 177 247
0.0265 -0.5349 -0.2066 75 179 249
0.0280 -0.5364 -0.2078 78 172 240
0.0285 -0.5353 -0.2058 83 173 232
0.0249 -0.5334 -0.2061 75 179 249
0.0239 -0.5321 -0.2048 78 173 243
0.0242 -0.5336 -0.2071 61 183 242
0.0260 -0.5352 -0.2076 71 176 242
0.0260 -0.5331 -0.2053 58 188 233
0.0264 -0.5336 -0.1986 83 182 223
0.0252 -0.5327 -0.1995 96 175 228
0.0284 -0.5316 -0.2003 107 224 229
0.0242 -0.5320 -0.2021 96 170 237
0.0255 -0.5318 -0.2043 61 183 241
0.0261 -0.5311 -0.2026 64 182 245
0.0272 -0.5311 -0.2009 65 205 224
0.0598 -0.4267 -0.1302 61 204 236
0.0592 -0.4248 -0.1333 83 226 245
0.0591 -0.4254 -0.1335 65 198 243
0.0600 -0.4274 -0.1307 85 226 246
0.0593 -0.4288 -0.1279 81 227 243
0.0500 -0.4273 -0.1344 134 213 245
0.0512 -0.4262 -0.1361 122 212 252
0.0502 -0.4293 -0.1328 94 232 240
0.0503 -0.4284 -0.1348 100 232 241
0.0515 -0.4274 -0.1361 100 231 242
0.0531 -0.4255 -0.1370 107 212 255
0.0554 -0.4251 -0.1370 90 207 255
0.0535 -0.4267 -0.1370 97 230 244
0.0575 -0.4249 -0.1358 74 199 250
0.0557 -0.4262 -0.1371 88 228 245
0.0578 -0.4259 -0.1361 82 226 245
0.0593 -0.4262 -0.1340 77 226 237
0.0715 -0.4720 -0.1443 137 202 234
0.0718 -0.4710 -0.1449 137 194 237
0.0705 -0.4749 -0.1494 86 173 239
0.0722 -0.4694 -0.1461 135 192 241
0.0734 -0.4688 -0.1478 120 186 250
0.0710 -0.4743 -0.1499 104 194 218
0.0717 -0.4733 -0.1508 121 225 241
0.0758 -0.4708 -0.1496 102 186 254
0.0779 -0.4737 -0.1507 104 201 255
0.0787 -0.4728 -0.1515 135 207 243
0.0730 -0.4728 -0.1517 117 216 252
0.0751 -0.4734 -0.1519 119 213 252
0.0764 -0.4779 -0.1479 113 223 248
0.0772 -0.4769 -0.1491 105 221 252
0.0755 -0.4778 -0.1489 111 218 252
0.0780 -0.4756 -0.1503 107 215 254
0.0769 -0.4746 -0.1516 109 212 255
0.0770 -0.4759 -0.1507 113 217 252
0.0098 0.5323 -0.1623 215 228 209
0.0083 0.5705 -0.1611 214 230 205
0.0107 0.5491 -0.1597 211 229 204
0.0100 0.4950 -0.1632 215 226 216
-0.0007 0.5365 -0.1577 155 227 233
-0.0014 0.5287 -0.1581 178 227 237
-0.0014 0.4586 -0.1582 172 225 238
0.0119 0.4037 -0.1609 207 224 217
0.0107 0.4433 -0.1632 209 225 213
0.0129 0.3655 -0.1575 205 223 221
-0.0001 0.4040 -0.1545 171 226 239
-0.0014 0.3945 -0.1537 167 226 240
-0.0014 0.3265 -0.1469 162 225 241
-0.0000 0.4433 -0.1575 185 227 237
0.0096 0.4707 -0.1629 210 225 226
0.0106 0.5308 -0.1598 218 226 217
0.0006 0.4711 -0.1585 191 225 236
-0.0004 0.4965 -0.1580 175 225 238
0.0134 0.2715 -0.1462 191 223 233
0.0138 0.3121 -0.1522 200 221 219
0.0118 0.2956 -0.1480 176 224 240
0.0131 0.2330 -0.1390 189 223 232
0.0003 0.2727 -0.1386 167 225 241
-0.0014 0.2609 -0.1363 156 226 242
-0.0014 0.1900 -0.1225 151 225 243
0.0004 0.3130 -0.1454 181 226 238
0.0133 0.3425 -0.1544 202 223 224
0.0118 0.4036 -0.1576 206 222 225
0.0013 0.3431 -0.1495 182 225 238
0.0003 0.3661 -0.1512 176 225 239
0.0145 0.1382 -0.1151 182 221 234
0.0150 0.1752 -0.1265 188 216 220
0.0137 0.1059 -0.1031 177 222 236
0.0007 0.1397 -0.1077 155 226 243
-0.0014 0.1308 -0.1044 146 227 244
-0.0014 0.0718 -0.0834 141 226 245
0.0010 0.1767 -0.1195 171 225 240
0.0089 0.2324 -0.1334 170 226 241
0.0120 0.2121 -0.1296 176 237 234
0.0118 0.2319 -0.1359 186 224 234
0.0138 0.2089 -0.1331 192 221 226
0.0141 0.2044 -0.1298 191 221 221
0.0023 0.2101 -0.1278 173 224 240
0.0010 0.2342 -0.1319 169 224 241
0.0154 0.0266 -0.0733 172 220 237
0.0153 0.0594 -0.0856 180 215 225
0.0137 0.0455 -0.0783 155 223 244
0.0156 -0.0036 -0.0610 168 221 238
0.0010 0.0279 -0.0668 140 225 246
-0.0014 0.0188 -0.0632 137 225 246
-0.0014 -0.0350 -0.0422 133 224 247
0.0019 -0.0023 -0.0553 141 224 246
0.0034 0.0462 -0.0740 121 223 244
0.0011 0.0606 -0.0794 142 226 245
0.0141 0.0863 -0.0946 182 219 228
0.0024 0.0872 -0.0897 152 225 244
0.0013 0.1071 -0.0964 153 226 244
0.0017 -0.0639 -0.0304 134 223 247
0.0019 -0.0440 -0.0388 135 224 247
0.0167 -0.0229 -0.0522 173 218 231
0.0145 -0.0055 -0.0577 165 223 239
0.0182 -0.0366 -0.0451 172 215 225
0.0036 -0.0218 -0.0482 141 224 246
0.0146 -0.5212 0.1410 120 213 250
0.0177 -0.5173 0.1332 129 211 244
0.0156 -0.5157 0.1353 121 218 247
0.0124 -0.5165 0.1391 118 216 250
0.0131 -0.5266 0.1453 114 213 253
0.0156 -0.5117 0.1284 117 223 245
0.0150 -0.5088 0.1219 115 225 244
0.0131 -0.5132 0.1341 116 223 246
0.0162 -0.5052 0.1051 124 222 239
0.0162 -0.5051 0.1005 125 220 238
0.0129 -0.5022 0.1042 122 223 240
0.0153 -0.5053 0.1106 118 225 241
0.0036 -0.5044 0.1020 77 227 241
0.0023 -0.5039 0.0992 120 224 239
0.0036 -0.5061 0.1091 59 212 241
0.0041 -0.5028 0.0964 65 220 240
0.0023 -0.5031 0.0881 104 230 238
0.0045 -0.5077 0.1169 61 215 242
0.0055 -0.5134 0.1323 60 215 238
0.0064 -0.5049 0.1170 63 214 245
0.0138 -0.5064 0.1174 119 223 243
0.0124 -0.5044 0.1140 118 225 241
0.0122 -0.5073 0.1230 122 221 244
0.0123 -0.5115 0.1319 118 222 245
0.0108 -0.5067 0.1246 120 221 245
0.0107 -0.5037 0.1190 124 220 243
0.0105 -0.4988 0.0748 100 230 234
0.0137 -0.5016 0.0806 125 221 239
0.0141 -0.5031 0.0845 121 223 240
0.0167 -0.5059 0.0908 123 222 237
0.0034 -0.5025 0.0869 59 213 237
0.0032 -0.5011 0.0883 56 198 240
0.0049 -0.5005 0.0836 66 221 234
0.0066 -0.4999 0.0796 69 223 234
0.0151 -0.5041 0.0963 126 220 237
0.0131 -0.5018 0.0987 124 222 238
0.0111 -0.5000 0.0990 120 225 240
0.0114 -0.5008 0.1025 120 225 239
0.0109 -0.4993 0.0955 121 224 240
0.0092 -0.4986 0.0982 98 230 241
0.0077 -0.4995 0.0985 74 226 241
0.0077 -0.4986 0.0949 76 226 242
0.0061 -0.5004 0.0974 68 222 241
0.0044 -0.5014 0.0934 63 218 241
0.0062 -0.4993 0.0941 67 221 242
0.0124 -0.5387 0.1520 111 210 255
0.0124 -0.5354 0.1505 111 212 254
0.0100 -0.5373 0.1521 105 212 255
0.0113 -0.5406 0.1532 109 210 255
0.0090 -0.5412 0.1544 106 208 255
0.0030 -0.5340 0.1499 56 208 244
0.0042 -0.5275 0.1469 59 211 245
0.0048 -0.5201 0.1413 63 211 249
0.0059 -0.5236 0.1462 63 214 247
0.0064 -0.5200 0.1433 65 212 249
0.0054 -0.5271 0.1491 61 213 246
0.0080 -0.5208 0.1465 95 221 253
0.0091 -0.5225 0.1460 122 211 250
0.0098 -0.5189 0.1434 121 211 251
0.0083 -0.5195 0.1452 95 215 255
0.0116 -0.5303 0.1482 112 212 254
-0.0026 -0.6438 0.1302 99 225 237
-0.0019 -0.6444 0.1314 119 212 241
-0.0019 -0.6444 0.1302 117 213 237
-0.0021 -0.6444 0.1296 108 211 227
-0.0027 -0.6440 0.1294 89 215 225
-0.0034 -0.6439 0.1298 73 221 229
-0.0029 -0.6445 0.1294 77 192 221
-0.0027 -0.6440 0.1294 89 215 225
-0.0021 -0.6444 0.1296 108 211 227
-0.0042 -0.6114 0.1389 107 200 223
-0.0042 -0.6133 0.1389 107 200 223
-0.0036 -0.6425 0.1248 111 217 248
-0.0074 -0.6375 0.1286 123 205 240
-0.0068 -0.6404 0.1283 123 205 239
-0.0074 -0.6379 0.1278 116 204 229
-0.0084 -0.6342 0.1282 118 205 230
-0.0083 -0.6339 0.1290 123 206 240
-0.0076 -0.6371 0.1297 123 205 243
-0.0069 -0.6401 0.1293 123 205 241
-0.0098 -0.6294 0.1297 123 206 238
-0.0111 -0.6244 0.1303 124 204 237
-0.0098 -0.6291 0.1316 124 206 239
-0.0099 -0.6296 0.1283 118 206 230
-0.0115 -0.6245 0.1284 118 205 230
-0.0119 -0.6193 0.1306 125 201 236
-0.0123 -0.6194 0.1290 120 202 229
-0.0125 -0.6151 0.1296 120 200 229
-0.0122 -0.6119 0.1311 126 199 237
-0.0121 -0.6149 0.1308 126 200 236
-0.0125 -0.6121 0.1297 120 199 228
-0.0126 -0.6096 0.1296 117 202 227
-0.0125 -0.6064 0.1318 125 203 235
-0.0130 -0.6033 0.1319 124 204 233
-0.0126 -0.6032 0.1337 126 203 235
-0.0123 -0.6065 0.1339 127 201 238
-0.0122 -0.6095 0.1313 126 200 237
-0.0131 -0.6065 0.1304 116 205 227
-0.0140 -0.5960 0.1312 122 196 249
-0.0142 -0.5978 0.1308 105 192 255
-0.0137 -0.6014 0.1300 94 194 255
-0.0041 -0.6436 0.1263 88 199 255
-0.0072 -0.6389 0.1266 69 190 255
-0.0043 -0.6441 0.1262 72 187 255
-0.0014 -0.6443 0.1259 84 210 255
-0.0039 -0.6430 0.1260 102 207 255
-0.0129 -0.6094 0.1290 94 196 255
-0.0124 -0.6094 0.1285 114 199 254
-0.0137 -0.6014 0.1300 94 194 255
-0.0145 -0.6018 0.1295 72 194 255
-0.0135 -0.6102 0.1287 74 195 255
-0.0143 -0.5987 0.1312 125 199 232
-0.0143 -0.5986 0.1309 127 195 238
-0.0140 -0.5993 0.1315 121 201 229
-0.0145 -0.6002 0.1308 105 179 252
-0.0143 -0.5985 0.1307 125 193 246
-0.0146 -0.6001 0.1306 84 169 236
-0.0146 -0.6000 0.1302 65 185 253
-0.0145 -0.6018 0.1295 72 194 255
-0.0051 -0.5550 0.1234 93 211 255
-0.0059 -0.5637 0.1253 92 204 255
-0.0030 -0.5314 0.1067 93 171 232
-0.0045 -0.5288 0.0932 97 171 234
-0.0031 -0.5285 0.0931 99 171 234
-0.0136 -0.6009 0.1317 123 204 231
-0.0132 -0.5998 0.1330 124 202 232
-0.0139 -0.6028 0.1305 113 203 224
-0.0141 -0.6011 0.1308 121 206 230
-0.0143 -0.6004 0.1310 123 207 233
-0.0022 -0.6375 0.1234 104 218 251
-0.0021 -0.6361 0.1225 104 204 255
-0.0023 -0.6378 0.1244 97 220 252
-0.0023 -0.6422 0.1337 109 221 238
-0.0023 -0.6417 0.1349 109 213 229
-0.0039 -0.6207 0.1382 106 202 223
-0.0037 -0.6235 0.1378 105 203 223
-0.0040 -0.6181 0.1385 107 202 223
-0.0041 -0.6156 0.1387 107 201 223
-0.0033 -0.6268 0.1374 106 203 223
-0.0023 -0.6383 0.1248 85 206 255
-0.0014 -0.6384 0.1248 84 210 255
-0.0025 -0.6387 0.1247 83 180 255
-0.0032 -0.6419 0.1245 82 193 255
-0.0014 -0.6424 0.1245 84 207 255
-0.0029 -0.6415 0.1243 98 213 255
-0.0027 -0.6388 0.1241 73 169 244
-0.0022 -0.6393 0.1240 60 182 252
-0.0030 -0.6388 0.1232 64 172 241
-0.0027 -0.6394 0.1232 53 184 249
-0.0019 -0.6404 0.1238 55 195 254
-0.0021 -0.6413 0.1238 76 214 255
-0.0014 -0.6405 0.1242 84 195 255
-0.0024 -0.6402 0.1231 51 194 251
-0.0025 -0.6408 0.1231 72 217 254
-0.0029 -0.6411 0.1238 105 218 250
-0.0030 -0.6406 0.1231 109 218 248
-0.0023 -0.6395 0.1357 107 205 224
-0.0078 -0.5722 0.1577 127 204 245
-0.0087 -0.5689 0.1562 121 216 232
-0.0122 -0.5678 0.1552 97 217 223
-0.0104 -0.5717 0.1525 95 218 223
-0.0160 -0.5690 0.1547 75 211 222
-0.0107 -0.5639 0.1596 120 215 230
-0.0087 -0.5689 0.1562 121 216 232
-0.0176 -0.5731 0.1550 59 202 226
-0.0155 -0.5777 0.1520 50 203 242
-0.0179 -0.5775 0.1557 53 195 231
-0.0140 -0.5735 0.1520 57 216 241
-0.0176 -0.5799 0.1566 52 187 239
-0.0155 -0.5838 0.1534 53 185 239
-0.0156 -0.5819 0.1525 51 200 245
-0.0029 -0.6257 0.1227 101 196 255
-0.0022 -0.6283 0.1223 98 197 255
-0.0025 -0.6195 0.1232 85 187 255
-0.0018 -0.6324 0.1221 103 198 255
-0.0022 -0.6184 0.1243 50 185 243
-0.0014 -0.6193 0.1240 86 168 241
-0.0031 -0.6179 0.1237 88 188 255
-0.0032 -0.5752 0.1267 76 203 255
-0.0040 -0.5722 0.1262 83 200 255
-0.0024 -0.5991 0.1313 103 196 255
-0.0024 -0.5968 0.1314 104 197 255
-0.0034 -0.5968 0.1319 93 197 255
-0.0024 -0.5942 0.1315 105 199 255
-0.0029 -0.6149 0.1308 97 197 255
-0.0030 -0.6104 0.1308 99 198 255
-0.0029 -0.6073 0.1309 100 197 255
-0.0051 -0.6457 0.1278 120 210 239
-0.0043 -0.6470 0.1278 110 220 238
-0.0052 -0.6458 0.1266 98 207 223
-0.0057 -0.6442 0.1269 105 206 224
-0.0056 -0.6440 0.1280 122 207 239
-0.0051 -0.6455 0.1296 120 210 240
-0.0062 -0.6424 0.1281 122 207 239
-0.0063 -0.6426 0.1272 107 207 225
-0.0068 -0.6406 0.1275 110 205 226
-0.0436 -0.5732 -0.2021 105 215 254
-0.0439 -0.5719 -0.2031 89 226 230
-0.0451 -0.5721 -0.2028 83 226 231
-0.0424 -0.5735 -0.2031 123 212 246
-0.0789 -0.5705 -0.2015 75 217 253
-0.0785 -0.5692 -0.2026 91 225 229
-0.0803 -0.5707 -0.2026 58 214 246
-0.0773 -0.5707 -0.2012 92 215 255
-0.0771 -0.5694 -0.2022 99 225 230
-0.0759 -0.5710 -0.2013 110 213 253
-0.0760 -0.5697 -0.2023 100 225 230
-0.0775 -0.5722 -0.2004 90 207 255
-0.0748 -0.5717 -0.2023 126 207 245
-0.0751 -0.5703 -0.2032 106 198 221
-0.0639 -0.5783 -0.2004 72 214 254
-0.0637 -0.5770 -0.2014 84 225 229
-0.0651 -0.5787 -0.2015 55 210 246
-0.0622 -0.5783 -0.2001 90 215 255
-0.0623 -0.5769 -0.2012 91 226 230
-0.0606 -0.5785 -0.2003 107 215 254
-0.0609 -0.5771 -0.2014 94 225 229
-0.0592 -0.5790 -0.2015 123 211 247
-0.0597 -0.5776 -0.2025 111 189 224
-0.0640 -0.5816 -0.2075 74 190 221
-0.0654 -0.5811 -0.2065 54 196 229
-0.0640 -0.5801 -0.2080 80 170 243
-0.0621 -0.5804 -0.2082 88 169 242
-0.0620 -0.5818 -0.2076 89 188 220
-0.0798 -0.5737 -0.2081 72 194 221
-0.0808 -0.5729 -0.2072 54 201 230
-0.0797 -0.5721 -0.2084 75 173 244
-0.0782 -0.5727 -0.2087 83 170 242
-0.0782 -0.5741 -0.2083 88 191 220
-0.0765 -0.5743 -0.2081 103 192 221
-0.0765 -0.5728 -0.2085 94 170 242
-0.0751 -0.5740 -0.2072 123 195 229
-0.0782 -0.5757 -0.2077 87 191 220
-0.0782 -0.5741 -0.2083 88 191 220
-0.0419 -0.5745 -0.2052 129 205 239
-0.0423 -0.5729 -0.2062 97 170 242
-0.0429 -0.5721 -0.2042 103 204 220
-0.0586 -0.5802 -0.2040 129 203 239
-0.0589 -0.5786 -0.2047 98 171 245
-0.0589 -0.5796 -0.2069 95 170 243
-0.0657 -0.5799 -0.2040 49 203 239
-0.0648 -0.5773 -0.2025 72 186 223
-0.0654 -0.5783 -0.2047 82 172 247
-0.0653 -0.5793 -0.2069 83 170 244
-0.0746 -0.5729 -0.2047 130 200 238
-0.0747 -0.5713 -0.2053 95 171 246
-0.0751 -0.5723 -0.2074 93 170 243
-0.0810 -0.5717 -0.2049 51 207 239
-0.0797 -0.5694 -0.2036 77 205 220
-0.0805 -0.5702 -0.2055 80 173 247
-0.0805 -0.5712 -0.2074 80 171 244
-0.0275 -0.5343 -0.2058 101 215 221
-0.0288 -0.5331 -0.2053 128 188 233
-0.0288 -0.5355 -0.2063 90 209 219
-0.0300 -0.5344 -0.2057 117 183 227
-0.0300 -0.5365 -0.2063 79 198 219
-0.0313 -0.5353 -0.2058 102 173 232
-0.0300 -0.5344 -0.2057 117 183 227
-0.0288 -0.5355 -0.2063 90 209 219
-0.0326 -0.5346 -0.1996 63 201 252
-0.0332 -0.5334 -0.2006 66 216 228
-0.0306 -0.5350 -0.1985 82 203 255
-0.0316 -0.5337 -0.1992 75 210 255
-0.0303 -0.5326 -0.1992 88 217 255
-0.0313 -0.5316 -0.2003 79 224 229
-0.0323 -0.5325 -0.2003 71 221 229
-0.0301 -0.5311 -0.2009 121 205 224
-0.0102 -0.5793 0.1600 114 188 253
-0.0085 -0.5835 0.1560 109 183 253
-0.0068 -0.5807 0.1557 120 192 251
-0.0086 -0.5761 0.1592 122 196 250
-0.0070 -0.5690 0.1260 91 200 255
-0.0059 -0.5637 0.1253 92 204 255
-0.0048 0.4530 -0.1591 185 231 237
-0.0058 0.4577 -0.1599 183 233 237
-0.0169 0.4873 -0.1368 187 247 205
-0.0207 0.2306 -0.1084 153 242 210
-0.0180 0.1921 -0.1281 112 219 219
-0.0264 0.2489 -0.0872 148 246 232
-0.0106 -0.5080 0.1402 127 208 249
-0.0119 -0.4959 0.1372 134 209 240
-0.0144 -0.4965 0.1411 94 206 255
-0.0093 -0.5200 0.1433 123 212 249
-0.0077 -0.5201 0.1413 125 211 249
-0.0067 -0.5194 0.1394 128 208 248
-0.0149 -0.5065 0.1401 61 200 248
-0.0127 -0.5189 0.1434 65 206 251
-0.0110 -0.5032 0.1337 132 208 231
-0.0150 -0.4906 0.1328 98 209 218
-0.0061 -0.5182 0.1374 131 208 243
-0.0102 -0.5106 0.1303 129 209 229
-0.0148 -0.4934 0.1060 58 203 232
-0.0153 -0.4859 0.1094 57 203 238
-0.0133 -0.4834 0.1052 95 209 218
-0.0143 -0.5008 0.1025 64 218 234
-0.0162 -0.5033 0.1068 56 207 237
-0.0104 -0.4934 0.1055 130 208 228
-0.0133 -0.4834 0.1052 95 209 218
-0.0144 -0.4948 0.1142 58 203 243
-0.0135 -0.4853 0.1144 93 210 255
-0.0153 -0.5044 0.1140 56 203 242
-0.0145 -0.5042 0.1174 58 205 245
-0.0135 -0.5037 0.1190 62 206 249
-0.0158 -0.4934 0.0802 57 201 232
-0.0163 -0.4867 0.0828 57 203 239
-0.0151 -0.4930 0.0891 60 207 245
-0.0139 -0.4833 0.0859 96 217 254
-0.0108 -0.4918 0.0888 128 214 246
-0.0110 -0.4849 0.0826 135 210 237
-0.0095 -0.5282 0.1565 115 200 255
-0.0113 -0.5154 0.1580 130 204 246
-0.0128 -0.5155 0.1590 88 196 255
-0.0077 -0.5410 0.1549 109 201 255
-0.0066 -0.5418 0.1544 114 203 255
-0.0062 -0.5409 0.1540 121 201 252
-0.0128 -0.5264 0.1556 64 194 251
-0.0107 -0.5390 0.1542 66 194 253
-0.0132 -0.5200 0.1528 59 202 228
-0.0150 -0.5138 0.1570 55 198 239
-0.0007 -0.6184 0.1243 122 185 243
0.0002 -0.6179 0.1237 84 188 255
-0.0003 -0.6282 0.1292 76 192 255
-0.0005 -0.6334 0.1278 92 169 245
-0.0005 -0.6328 0.1270 100 180 226
-0.0395 -0.3038 -0.1972 91 225 245
-0.0397 -0.3011 -0.2012 101 228 221
-0.0411 -0.3048 -0.1986 76 216 240
-0.2906 -0.5047 0.1311 96 231 240
-0.2818 -0.5051 0.1281 101 230 242
-0.2839 -0.5053 0.1256 94 230 232
-0.2937 -0.5051 0.1270 92 230 232
-0.2883 -0.5060 0.1342 105 223 250
-0.2904 -0.5194 0.1238 102 174 230
-0.2833 -0.5156 0.1225 109 175 230
-0.2885 -0.5195 0.1280 109 173 239
-0.2932 -0.5173 0.1206 94 182 222
-0.2853 -0.5147 0.1203 103 181 223
-0.2974 -0.5142 0.1198 88 197 218
-0.2864 -0.5130 0.1192 95 196 218
-0.2865 -0.5092 0.1352 112 206 255
-0.2783 -0.5087 0.1302 115 205 255
-0.2797 -0.5063 0.1296 110 220 251
-0.2857 -0.5132 0.1342 114 190 254
-0.2866 -0.5171 0.1316 113 179 248
-0.2790 -0.5138 0.1277 115 178 246
-0.2810 -0.5154 0.1252 113 174 238
-0.0592 -0.3152 -0.2045 91 198 217
-0.0610 -0.3144 -0.2027 74 203 226
-0.0593 -0.3128 -0.2052 101 178 239
-0.0569 -0.3134 -0.2057 107 176 238
-0.0569 -0.3156 -0.2047 111 195 215
-0.0591 -0.3180 -0.2036 94 199 216
-0.0609 -0.3174 -0.2021 74 202 225
-0.0790 -0.3039 -0.2042 89 203 217
-0.0803 -0.3028 -0.2026 74 210 226
-0.0787 -0.3016 -0.2045 92 180 238
-0.0769 -0.3026 -0.2052 98 178 236
-0.0769 -0.3047 -0.2046 108 198 214
-0.0791 -0.3066 -0.2038 92 200 216
-0.0807 -0.3056 -0.2023 74 204 226
-0.0746 -0.3052 -0.2044 126 200 216
-0.0747 -0.3029 -0.2048 110 176 236
-0.0746 -0.3078 -0.2038 125 200 215
-0.0769 -0.3072 -0.2039 109 199 214
-0.0769 -0.3047 -0.2046 108 198 214
-0.0420 -0.3065 -0.2018 71 207 235
-0.0411 -0.3020 -0.2022 92 207 216
-0.0419 -0.3038 -0.2042 111 180 243
-0.0414 -0.3108 -0.2041 75 199 226
-0.0614 -0.3129 -0.1987 71 208 234
-0.0611 -0.3103 -0.1994 104 176 233
-0.0609 -0.3116 -0.2033 106 176 236
-0.0803 -0.3013 -0.1989 73 214 234
-0.0795 -0.2989 -0.1992 97 178 234
-0.0797 -0.3002 -0.2026 97 178 236
-0.0172 -0.2495 -0.1979 146 226 229
-0.0178 -0.2509 -0.2017 139 223 220
-0.0198 -0.2478 -0.2011 140 183 232
-0.0197 -0.2467 -0.1984 135 187 221
-0.0205 -0.2462 -0.1956 104 231 222
-0.0151 -0.2524 -0.1979 149 222 229
-0.0242 -0.2541 -0.1967 81 194 238
-0.0234 -0.2526 -0.1930 83 201 243
-0.0260 -0.2508 -0.1972 126 180 226
-0.0261 -0.2520 -0.1999 132 180 234
-0.0243 -0.2553 -0.2006 80 194 229
-0.0218 -0.2559 -0.1923 87 193 244
-0.0194 -0.2526 -0.2032 119 218 214
-0.0210 -0.2497 -0.2022 147 191 227
-0.0214 -0.2541 -0.2033 103 213 214
-0.0229 -0.2514 -0.2021 130 183 223
-0.0232 -0.2551 -0.2026 88 204 218
-0.0248 -0.2522 -0.2015 118 177 231
-0.0229 -0.2514 -0.2021 130 183 223
-0.0214 -0.2541 -0.2033 103 213 214
-0.0223 -0.2516 -0.1916 95 211 250
-0.0241 -0.2482 -0.1937 88 228 229
-0.0207 -0.2548 -0.1907 104 199 251
-0.0191 -0.2537 -0.1907 122 206 252
-0.0014 0.6145 -0.1693 185 238 196
-0.0014 0.6053 -0.1720 184 237 196
-0.0014 0.6232 -0.1664 185 240 196
-0.0814 -0.3019 -0.1993 132 180 233
-0.0797 -0.3002 -0.2026 97 178 236
-0.0795 -0.2989 -0.1992 97 178 234
-0.0803 -0.3020 -0.1951 134 185 225
-0.0712 -0.3047 -0.1992 83 185 235
-0.0721 -0.3041 -0.1949 80 191 226
-0.0724 -0.3012 -0.1994 116 176 233
-0.0729 -0.3024 -0.2030 114 176 235
-0.0717 -0.3050 -0.2035 96 179 239
-0.0623 -0.3135 -0.1993 140 185 233
-0.0620 -0.3137 -0.2039 120 177 238
-0.0609 -0.3116 -0.2033 106 176 236
-0.0611 -0.3103 -0.1994 104 176 233
-0.0613 -0.3136 -0.1947 141 193 225
-0.0520 -0.3143 -0.1991 81 185 233
-0.0531 -0.3143 -0.1945 81 190 225
-0.0534 -0.3109 -0.1993 118 176 235
-0.0533 -0.3121 -0.2033 115 176 236
-0.0521 -0.3145 -0.2038 96 178 237
-0.0430 -0.3078 -0.2024 144 189 233
-0.0444 -0.3091 -0.2060 90 181 230
-0.0428 -0.3084 -0.2058 134 188 245
-0.0417 -0.3054 -0.2063 114 179 242
-0.0419 -0.3038 -0.2042 111 180 243
-0.0411 -0.3020 -0.2022 92 207 216
-0.0418 -0.3072 -0.1989 138 188 225
-0.0322 -0.3060 -0.2027 78 189 235
-0.0329 -0.3057 -0.1991 85 186 226
-0.0349 -0.3007 -0.2024 124 214 215
-0.0340 -0.3021 -0.2045 120 178 240
-0.0340 -0.3038 -0.2066 116 180 243
-0.0328 -0.3066 -0.2062 90 188 246
-0.0319 -0.3071 -0.2064 138 184 230
-0.0396 -0.3067 -0.1975 124 186 220
-0.0397 -0.3011 -0.2012 101 228 221
-0.0371 -0.3063 -0.1972 115 186 219
-0.0347 -0.3059 -0.1975 103 185 220
-0.0380 -0.3006 -0.2010 104 228 221
-0.0363 -0.3003 -0.2013 109 230 221
-0.0407 -0.3087 -0.2072 123 199 252
-0.0412 -0.3099 -0.2076 108 176 233
-0.0379 -0.3096 -0.2078 117 177 237
-0.0377 -0.3084 -0.2075 114 201 253
-0.0400 -0.3061 -0.2072 106 178 241
-0.0349 -0.3076 -0.2075 104 200 253
-0.0347 -0.3088 -0.2079 129 179 235
-0.0354 -0.3052 -0.2074 126 182 243
-0.0376 -0.3060 -0.2075 119 178 239
-0.0786 -0.3024 -0.1934 121 190 217
-0.0784 -0.2981 -0.1959 97 220 217
-0.0768 -0.2980 -0.1944 111 235 229
-0.0764 -0.3029 -0.1932 109 195 215
-0.0740 -0.3035 -0.1933 95 194 217
-0.0737 -0.2990 -0.1943 129 233 230
-0.0727 -0.2998 -0.1958 125 221 218
-0.0713 -0.3057 -0.1937 120 177 237
-0.0739 -0.3049 -0.2054 97 186 247
-0.0735 -0.3056 -0.2064 116 177 228
-0.0747 -0.3029 -0.2048 110 176 236
-0.0768 -0.3051 -0.2066 102 177 230
-0.0594 -0.3139 -0.1928 125 195 216
-0.0590 -0.3089 -0.1938 99 233 229
-0.0574 -0.3090 -0.1936 114 235 230
-0.0571 -0.3141 -0.1925 110 196 215
-0.0549 -0.3142 -0.1927 96 193 217
-0.0558 -0.3091 -0.1938 125 232 228
-0.0544 -0.3097 -0.1955 129 188 221
-0.0598 -0.3145 -0.2058 111 185 248
-0.0601 -0.3151 -0.2068 95 178 231
-0.0568 -0.3152 -0.2061 107 188 250
-0.0569 -0.3134 -0.2057 107 176 238
-0.0593 -0.3128 -0.2052 101 178 239
-0.0540 -0.3150 -0.2057 104 185 248
-0.0538 -0.3157 -0.2066 124 178 230
-0.0547 -0.3131 -0.2052 116 177 239
-0.0130 -0.6198 0.1283 99 202 221
-0.0134 -0.6156 0.1287 100 202 221
-0.0123 -0.6194 0.1290 120 202 229
-0.0135 -0.6124 0.1289 97 200 220
-0.0125 -0.6121 0.1297 120 199 228
-0.0125 -0.6151 0.1296 120 200 229
-0.0048 -0.6438 0.1243 58 180 231
-0.0047 -0.6429 0.1232 61 181 228
-0.0014 -0.6448 0.1230 84 176 226
-0.0014 -0.6459 0.1242 84 174 228
-0.0049 -0.6444 0.1252 55 177 238
-0.0081 -0.6387 0.1254 48 186 242
-0.0046 -0.6445 0.1258 60 178 250
-0.0077 -0.6389 0.1261 54 187 251
-0.0014 -0.6465 0.1251 84 168 237
-0.0014 -0.6464 0.1257 84 171 250
-0.0014 -0.6458 0.1261 84 185 255
-0.0043 -0.6441 0.1262 72 187 255
-0.0072 -0.6389 0.1266 69 190 255
-0.0105 -0.6298 0.1268 55 190 252
-0.0098 -0.6298 0.1273 72 193 255
-0.0120 -0.6195 0.1283 74 194 255
-0.0127 -0.6196 0.1278 57 192 253
-0.0151 -0.5982 0.1306 84 201 255
-0.0146 -0.6001 0.1306 84 169 236
-0.0145 -0.6002 0.1308 105 179 252
-0.0150 -0.5982 0.1306 124 207 245
-0.0158 -0.5951 0.1302 101 201 221
-0.0149 -0.5985 0.1304 123 206 232
-0.0141 -0.6011 0.1308 121 206 230
-0.0039 -0.6203 0.1163 69 194 222
-0.0036 -0.6272 0.1173 69 194 222
-0.0014 -0.6201 0.1154 86 194 220
-0.0014 -0.6272 0.1165 85 193 220
-0.0035 -0.6334 0.1183 73 191 222
-0.0040 -0.6373 0.1195 73 189 222
-0.0054 -0.6346 0.1194 71 191 222
-0.0057 -0.6374 0.1202 66 188 224
-0.0047 -0.6402 0.1209 64 183 226
-0.0064 -0.6382 0.1212 57 183 229
-0.0144 -0.6107 0.1284 67 194 255
-0.0135 -0.6102 0.1287 74 195 255
-0.0014 -0.6144 0.1498 86 185 255
-0.0014 -0.6110 0.1514 87 186 255
-0.0133 -0.5854 0.1554 84 225 249
-0.0113 -0.5853 0.1566 79 227 235
-0.0110 -0.5852 0.1561 75 226 245
-0.0130 -0.5851 0.1552 80 218 254
-0.0151 -0.5849 0.1545 87 223 251
-0.0158 -0.5841 0.1534 89 218 255
-0.0104 -0.5712 0.1524 82 192 255
-0.0067 -0.5719 0.1535 62 192 252
-0.0068 -0.5709 0.1542 59 184 247
-0.0086 -0.5837 0.1563 61 220 241
-0.0057 -0.5759 0.1549 52 201 245
-0.0067 -0.5719 0.1535 62 192 252
-0.0070 -0.5724 0.1534 71 201 255
-0.0060 -0.5762 0.1546 58 205 251
-0.0066 -0.5808 0.1560 52 211 241
0.0192 -0.5254 0.0539 118 177 241
-0.0357 -0.4194 0.0101 68 206 247
-0.0310 -0.4106 0.0156 75 202 250
-0.0131 -0.4395 0.0254 120 199 254
-0.0111 -0.4704 0.0180 117 189 252
-0.0160 -0.4873 0.0060 91 188 255
-0.0055 -0.6462 0.1268 58 191 226
-0.0052 -0.6458 0.1266 98 207 223
-0.0044 -0.6472 0.1264 88 207 222
-0.0046 -0.6477 0.1266 63 183 226
-0.0452 -0.4077 -0.0024 68 201 246
-0.0816 -0.5723 -0.2048 115 176 239
-0.0805 -0.5712 -0.2074 80 171 244
-0.0805 -0.5702 -0.2055 80 173 247
-0.0797 -0.5694 -0.2036 77 205 220
-0.0808 -0.5721 -0.2021 113 177 232
-0.0738 -0.5736 -0.2046 62 177 240
-0.0746 -0.5730 -0.2017 63 179 232
-0.0751 -0.5703 -0.2032 106 198 221
-0.0747 -0.5713 -0.2053 95 171 246
-0.0732 -0.5741 -0.2078 117 179 233
-0.0578 -0.5807 -0.2039 66 174 239
-0.0589 -0.5786 -0.2047 98 171 245
-0.0589 -0.5796 -0.2069 95 170 243
-0.0579 -0.5810 -0.2070 82 171 246
-0.0570 -0.5808 -0.2074 120 182 233
-0.0484 -0.5765 -0.2054 122 182 239
-0.0490 -0.5771 -0.2085 66 175 236
-0.0482 -0.5768 -0.2082 111 178 248
-0.0476 -0.5749 -0.2081 95 170 243
-0.0479 -0.5740 -0.2060 89 170 242
-0.0474 -0.5730 -0.2039 75 209 222
-0.0478 -0.5761 -0.2025 119 183 231
-0.0413 -0.5754 -0.2056 56 182 240
-0.0418 -0.5753 -0.2027 61 181 232
-0.0429 -0.5721 -0.2042 103 204 220
-0.0423 -0.5729 -0.2062 97 170 242
-0.0424 -0.5739 -0.2083 92 170 244
-0.0416 -0.5758 -0.2084 68 178 249
-0.0411 -0.5760 -0.2086 118 179 236
-0.0464 -0.5758 -0.2014 104 181 225
-0.0464 -0.5724 -0.2030 81 226 231
-0.0446 -0.5756 -0.2012 91 181 223
-0.0430 -0.5754 -0.2015 77 180 225
-0.0451 -0.5721 -0.2028 83 226 231
-0.0439 -0.5719 -0.2031 89 226 230
-0.0468 -0.5769 -0.2094 104 186 255
-0.0470 -0.5777 -0.2099 83 170 238
-0.0449 -0.5775 -0.2101 95 169 240
-0.0448 -0.5768 -0.2096 93 188 255
-0.0465 -0.5753 -0.2091 91 171 245
-0.0430 -0.5763 -0.2095 82 186 255
-0.0429 -0.5771 -0.2100 108 173 239
-0.0434 -0.5747 -0.2092 98 172 246
-0.0449 -0.5752 -0.2094 97 171 244
-0.0795 -0.5722 -0.2010 100 177 226
-0.0785 -0.5692 -0.2026 91 225 229
-0.0778 -0.5724 -0.2007 89 179 224
-0.0760 -0.5727 -0.2007 76 178 226
-0.0760 -0.5697 -0.2023 100 225 230
-0.0645 -0.5811 -0.2083 94 178 253
-0.0646 -0.5815 -0.2089 75 172 235
-0.0620 -0.5815 -0.2085 87 181 255
-0.0621 -0.5804 -0.2082 88 169 242
-0.0640 -0.5801 -0.2080 80 170 243
-0.0596 -0.5814 -0.2083 81 179 253
-0.0594 -0.5818 -0.2089 101 171 234
-0.0602 -0.5802 -0.2080 97 170 243
-0.0620 -0.5819 -0.2090 87 169 237
-0.0499 -0.4858 -0.0094 81 187 253
-0.0461 -0.4929 -0.0127 83 184 253
-0.0403 -0.5048 -0.0214 69 185 249
-0.0325 -0.4903 -0.0047 78 181 248
-0.0249 -0.2538 -0.2028 137 187 243
-0.0249 -0.2548 -0.2041 122 178 236
-0.0248 -0.2522 -0.2015 118 177 231
-0.0262 -0.2543 -0.2010 149 191 231
-0.0213 -0.2545 -0.1934 126 205 213
-0.0232 -0.2552 -0.1945 142 209 218
-0.0252 -0.2492 -0.1947 87 223 223
-0.0241 -0.2482 -0.1937 88 228 229
-0.0194 -0.2534 -0.1935 114 201 213
-0.0176 -0.2522 -0.1940 105 195 215
-0.0216 -0.2466 -0.1942 98 234 229
-0.0205 -0.2462 -0.1956 104 231 222
-0.0164 -0.2509 -0.1956 94 187 222
-0.0252 -0.2549 -0.1977 152 207 225
-0.0261 -0.2520 -0.1999 132 180 234
-0.0260 -0.2508 -0.1972 126 180 226
-0.0164 -0.2497 -0.1992 96 181 230
-0.0197 -0.2467 -0.1984 135 187 221
-0.0198 -0.2478 -0.2011 140 183 232
-0.0548 -0.1892 -0.1119 83 218 234
-0.0541 -0.1865 -0.1124 92 220 243
-0.0545 -0.1869 -0.1134 81 213 235
-0.0550 -0.1897 -0.1131 118 224 248
-0.0557 -0.1917 -0.1117 113 225 248
-0.0556 -0.1911 -0.1104 89 227 232
-0.0634 -0.1885 -0.1120 160 212 233
-0.0629 -0.1908 -0.1106 153 226 229
-0.0630 -0.1913 -0.1119 138 219 248
-0.0636 -0.1890 -0.1133 127 204 251
-0.0632 -0.1858 -0.1135 160 206 234
-0.0569 -0.1921 -0.1099 105 236 228
-0.0570 -0.1926 -0.1112 116 228 246
-0.0587 -0.1923 -0.1099 120 238 226
-0.0586 -0.1922 -0.1088 120 237 237
-0.0610 -0.1920 -0.1101 134 236 227
-0.0588 -0.1928 -0.1112 120 227 247
-0.0611 -0.1925 -0.1113 127 227 247
-0.0546 -0.1851 -0.1143 82 207 237
-0.0547 -0.1856 -0.1157 117 219 250
-0.0546 -0.1875 -0.1147 119 223 249
-0.0626 -0.1839 -0.1145 157 199 237
-0.0633 -0.1864 -0.1148 113 183 221
-0.0627 -0.1845 -0.1159 109 191 216
-0.0616 -0.1828 -0.1152 145 190 241
-0.0599 -0.1825 -0.1159 128 185 243
-0.0617 -0.1833 -0.1166 106 197 214
-0.0599 -0.1831 -0.1173 114 198 213
-0.0311 -0.5360 -0.2068 111 177 247
-0.0308 -0.5364 -0.2078 107 172 240
-0.0294 -0.5349 -0.2066 111 179 249
-0.0313 -0.5353 -0.2058 102 173 232
-0.0324 -0.5366 -0.2059 122 181 243
-0.0277 -0.5334 -0.2061 111 179 249
-0.0270 -0.5336 -0.2071 124 183 242
-0.0268 -0.5321 -0.2048 108 173 243
-0.0288 -0.5331 -0.2053 128 188 233
-0.0289 -0.5352 -0.2076 115 176 242
-0.0317 -0.5357 -0.1992 121 196 225
-0.0323 -0.5377 -0.1997 109 173 238
-0.0326 -0.5365 -0.2005 130 203 231
-0.0332 -0.5334 -0.2006 66 216 228
-0.0323 -0.5325 -0.2003 71 221 229
-0.0306 -0.5346 -0.1987 112 189 222
-0.0293 -0.5336 -0.1986 103 182 223
-0.0313 -0.5316 -0.2003 79 224 229
-0.0281 -0.5327 -0.1995 90 175 228
-0.0329 -0.5368 -0.2033 132 199 240
-0.0326 -0.5356 -0.2052 112 174 240
-0.0334 -0.5351 -0.2035 113 176 244
-0.0337 -0.5343 -0.2016 97 179 224
-0.0271 -0.5320 -0.2021 90 170 237
-0.0301 -0.5311 -0.2009 121 205 224
-0.0289 -0.5311 -0.2026 122 182 245
-0.0283 -0.5318 -0.2043 125 183 241
-0.0593 -0.4286 -0.1264 106 225 222
-0.0561 -0.4288 -0.1272 88 226 225
-0.0565 -0.4297 -0.1277 125 227 237
-0.0596 -0.4295 -0.1269 96 232 240
-0.0619 -0.4280 -0.1273 132 217 227
-0.0627 -0.4267 -0.1302 141 204 236
-0.0622 -0.4288 -0.1279 123 224 245
-0.0629 -0.4274 -0.1307 117 227 244
-0.0619 -0.4254 -0.1335 138 198 243
-0.0621 -0.4248 -0.1333 120 226 245
-0.0539 -0.4287 -0.1294 75 223 229
-0.0522 -0.4276 -0.1318 95 232 241
-0.0527 -0.4282 -0.1321 67 218 236
-0.0542 -0.4297 -0.1300 116 230 239
-0.0529 -0.4273 -0.1344 68 213 245
-0.0540 -0.4262 -0.1361 81 212 252
-0.0544 -0.4274 -0.1361 102 230 244
-0.0532 -0.4284 -0.1348 101 231 243
-0.0531 -0.4293 -0.1328 107 232 239
-0.0560 -0.4255 -0.1370 96 212 255
-0.0583 -0.4251 -0.1370 113 207 255
-0.0563 -0.4267 -0.1370 107 230 245
-0.0604 -0.4249 -0.1358 129 199 250
-0.0622 -0.4262 -0.1340 126 226 236
-0.0607 -0.4259 -0.1361 122 225 245
-0.0586 -0.4262 -0.1371 115 227 246
-0.0744 -0.4720 -0.1443 58 202 234
-0.0747 -0.4710 -0.1449 59 194 237
-0.0734 -0.4749 -0.1494 109 173 239
-0.0751 -0.4694 -0.1461 61 192 241
-0.0763 -0.4688 -0.1478 76 186 250
-0.0746 -0.4733 -0.1508 74 225 241
-0.0739 -0.4743 -0.1499 91 194 218
-0.0787 -0.4708 -0.1496 94 186 254
-0.0816 -0.4728 -0.1515 61 207 243
-0.0808 -0.4737 -0.1508 91 201 255
-0.0780 -0.4734 -0.1519 77 213 252
-0.0759 -0.4728 -0.1517 79 216 252
-0.0793 -0.4779 -0.1480 81 223 248
-0.0784 -0.4778 -0.1489 83 218 252
-0.0801 -0.4769 -0.1491 89 221 252
-0.0809 -0.4756 -0.1503 88 215 254
-0.0799 -0.4759 -0.1507 81 217 252
-0.0798 -0.4746 -0.1516 86 212 255
-0.0127 0.5323 -0.1623 142 228 209
-0.0112 0.5705 -0.1611 148 232 205
-0.0022 0.5365 -0.1577 202 227 233
-0.0025 0.4965 -0.1580 175 225 238
-0.0148 0.4037 -0.1609 128 224 217
-0.0158 0.3655 -0.1575 125 223 221
-0.0027 0.4040 -0.1545 165 226 239
-0.0029 0.4433 -0.1575 157 227 237
-0.0038 0.4472 -0.1582 183 227 238
-0.0035 0.4711 -0.1585 155 225 236
-0.0048 0.4873 -0.1585 165 224 237
-0.0093 0.4910 -0.1589 157 224 236
-0.0077 0.4616 -0.1609 153 239 233
-0.0163 0.2715 -0.1462 124 223 233
-0.0167 0.3121 -0.1522 121 221 219
-0.0159 0.2330 -0.1390 119 223 232
-0.0147 0.2956 -0.1480 142 224 240
-0.0032 0.2727 -0.1386 147 225 241
-0.0039 0.2342 -0.1319 140 224 241
-0.0162 0.3425 -0.1544 123 223 224
-0.0151 0.3616 -0.1542 132 224 232
-0.0147 0.4036 -0.1576 131 225 227
-0.0163 0.3269 -0.1515 126 224 230
-0.0174 0.1382 -0.1151 112 221 234
-0.0179 0.1752 -0.1265 111 216 220
-0.0036 0.1397 -0.1077 139 226 243
-0.0041 0.1071 -0.0964 135 226 244
-0.0167 0.2089 -0.1331 113 221 226
-0.0147 0.2319 -0.1359 122 224 234
-0.0123 0.2769 -0.1445 145 225 241
-0.0052 0.2101 -0.1278 132 224 240
-0.0039 0.1767 -0.1195 129 225 240
-0.0183 0.0266 -0.0733 103 220 237
-0.0181 0.0594 -0.0856 100 215 225
-0.0038 0.0279 -0.0668 135 225 246
-0.0048 -0.0023 -0.0553 129 224 246
-0.0039 0.0606 -0.0794 139 226 245
-0.0052 0.0630 -0.0803 162 224 242
-0.0124 0.1094 -0.0986 128 227 242
-0.0095 0.1261 -0.1048 131 227 242
-0.0138 0.1404 -0.1133 135 226 243
-0.0170 0.0863 -0.0946 103 219 228
-0.0155 0.1041 -0.0996 110 224 235
-0.0166 0.1059 -0.1031 111 222 236
-0.0189 0.0622 -0.0845 101 212 223
-0.0181 0.0729 -0.0877 102 217 223
-0.0053 0.0872 -0.0897 133 225 244
-0.0212 -0.0656 -0.0367 99 218 240
-0.0212 -0.0455 -0.0442 92 213 226
-0.0197 -0.0801 -0.0304 106 220 244
-0.0194 -0.0553 -0.0385 116 219 247
-0.0046 -0.0639 -0.0304 127 223 247
-0.0014 -0.0687 -0.0283 130 223 247
-0.0196 -0.0229 -0.0522 95 218 231
-0.0185 -0.0036 -0.0610 103 221 238
-0.0065 -0.0218 -0.0482 126 224 246
-0.0048 -0.0440 -0.0388 129 224 247
-0.0057 -0.5262 0.1427 125 213 247
-0.0057 -0.5312 0.1471 127 211 246
-0.0042 -0.5414 0.1526 84 211 255
-0.0046 -0.5305 0.1458 69 213 251
-0.0059 -0.5204 0.1366 126 215 244
-0.0175 -0.5212 0.1410 68 213 250
-0.0185 -0.5157 0.1353 67 218 247
-0.0206 -0.5173 0.1332 59 211 244
-0.0160 -0.5266 0.1453 73 213 253
-0.0141 -0.5180 0.1415 65 208 251
-0.0153 -0.5165 0.1391 70 216 250
-0.0064 -0.5152 0.1289 123 219 245
-0.0053 -0.5133 0.1250 72 223 245
-0.0057 -0.5074 0.1111 85 228 244
-0.0069 -0.5109 0.1216 127 216 243
-0.0071 -0.5159 0.1347 131 211 240
-0.0185 -0.5117 0.1284 72 223 245
-0.0179 -0.5088 0.1219 74 225 244
-0.0191 -0.5052 0.1051 66 222 239
-0.0191 -0.5051 0.1005 65 220 238
-0.0181 -0.5053 0.1106 72 225 241
-0.0065 -0.5044 0.1020 114 227 241
-0.0065 -0.5061 0.1091 131 212 241
-0.0052 -0.5039 0.0992 71 224 239
-0.0052 -0.5031 0.0881 87 230 238
-0.0070 -0.5028 0.0964 126 220 240
-0.0090 -0.5017 0.1033 124 222 240
-0.0075 -0.5034 0.1059 130 216 238
-0.0106 -0.5073 0.1246 122 220 244
-0.0088 -0.5084 0.1228 125 219 243
-0.0109 -0.5041 0.1189 122 220 244
-0.0124 -0.5054 0.1242 96 227 247
-0.0073 -0.5077 0.1169 129 215 242
-0.0167 -0.5064 0.1174 71 223 243
-0.0199 -0.5048 0.0727 64 220 237
-0.0152 -0.5002 0.0776 68 223 237
-0.0134 -0.4988 0.0748 91 230 234
-0.0205 -0.5061 0.0816 64 220 239
-0.0196 -0.5059 0.0908 67 222 237
-0.0065 -0.5034 0.0782 111 228 235
-0.0062 -0.5025 0.0869 132 213 237
-0.0051 -0.5039 0.0740 76 227 237
-0.0080 -0.5034 0.0705 115 227 236
-0.0095 -0.5000 0.0796 122 223 234
-0.0077 -0.5005 0.0836 124 221 234
-0.0061 -0.5011 0.0883 135 198 240
-0.0103 -0.5018 0.0672 115 227 235
-0.0180 -0.5041 0.0963 65 220 237
-0.0160 -0.5018 0.0987 67 222 238
-0.0153 -0.5008 0.0949 65 221 237
-0.0140 -0.5000 0.0990 71 225 240
-0.0143 -0.5008 0.1025 64 218 234
-0.0121 -0.4993 0.1014 95 226 227
-0.0120 -0.4986 0.0982 94 230 241
-0.0138 -0.4993 0.0955 70 224 240
-0.0106 -0.4995 0.0985 117 226 241
-0.0106 -0.5004 0.1021 117 226 241
-0.0090 -0.5004 0.0974 123 222 241
-0.0106 -0.4986 0.0949 116 226 242
-0.0073 -0.5014 0.0934 128 218 241
-0.0048 -0.5465 0.1542 101 205 255
-0.0036 -0.5505 0.1551 63 202 253
-0.0052 -0.5409 0.1530 119 208 252
-0.0061 -0.5391 0.1535 124 207 250
-0.0153 -0.5387 0.1520 74 210 255
-0.0153 -0.5354 0.1505 75 212 254
-0.0142 -0.5406 0.1532 76 210 255
-0.0129 -0.5373 0.1521 81 212 255
-0.0119 -0.5412 0.1544 79 208 255
-0.0059 -0.5340 0.1499 130 208 244
-0.0077 -0.5201 0.1413 125 211 249
-0.0088 -0.5236 0.1462 124 214 247
-0.0070 -0.5275 0.1469 128 211 245
-0.0093 -0.5200 0.1433 123 212 249
-0.0109 -0.5208 0.1465 93 221 253
-0.0083 -0.5271 0.1491 126 213 246
-0.0120 -0.5225 0.1460 65 211 250
-0.0112 -0.5195 0.1452 93 215 255
-0.0127 -0.5189 0.1434 65 206 251
-0.0132 -0.5253 0.1463 70 212 252
-0.0114 -0.5262 0.1486 66 209 251
-0.0144 -0.5303 0.1482 74 212 254
-0.0128 -0.5331 0.1504 78 212 255
-0.0121 -0.5300 0.1494 73 211 254
-0.0014 -0.6493 0.1266 84 177 226
-0.0014 -0.6486 0.1262 84 203 221
0.0010 -0.6203 0.1163 103 195 222
-0.0014 -0.6201 0.1154 86 194 220
0.0419 -0.4594 0.0045 138 205 236
0.0417 -0.4735 0.0012 135 208 232
-0.0014 -0.4758 0.0120 97 187 254
0.0103 -0.4797 0.0119 89 182 252
0.0082 -0.4704 0.0180 78 189 252
0.0394 -0.4369 0.0061 133 212 246
0.0367 -0.4292 0.0055 134 210 246
0.0415 -0.4452 0.0070 138 206 241
0.0373 -0.4873 -0.0077 114 182 250
0.0400 -0.4812 -0.0037 128 186 244
-0.0310 -0.4106 0.0156 75 202 250
-0.0160 -0.4962 0.0052 67 207 251
-0.0119 -0.4938 0.0081 76 213 253
-0.0160 -0.4873 0.0060 91 188 255
-0.0396 -0.4292 0.0055 68 210 246
-0.0423 -0.4369 0.0061 68 212 246
-0.0444 -0.4452 0.0070 61 206 241
-0.0448 -0.4594 0.0045 59 205 235
-0.0429 -0.4812 -0.0037 63 188 242
-0.0446 -0.4735 0.0012 60 208 232
-0.0402 -0.4873 -0.0077 79 182 250
-0.0205 -0.4998 0.0005 65 206 250
-0.0246 -0.4921 -0.0007 78 185 252
-0.0199 -0.4904 0.0025 81 186 253
0.0131 -0.4873 0.0060 102 188 255
-0.0429 -0.4812 -0.0037 63 188 242
0.0792 -0.3041 -0.0541 151 207 234
0.0781 -0.2969 -0.0657 151 210 231
0.0328 -0.2909 -0.0854 99 217 216
0.0261 -0.2950 -0.0830 85 213 220
0.0387 -0.3329 -0.0343 85 187 244
0.0483 -0.3358 -0.0292 96 182 246
0.0572 -0.3354 -0.0273 114 182 247
0.0651 -0.3323 -0.0284 131 186 245
0.0788 -0.3120 -0.0450 150 204 236
0.0717 -0.3269 -0.0321 142 193 242
0.0764 -0.3198 -0.0378 147 199 239
0.0221 -0.3020 -0.0784 74 207 226
0.0204 -0.3085 -0.0684 71 204 232
0.0246 -0.3226 -0.0496 73 197 239
0.0302 -0.3280 -0.0415 78 192 242
0.0752 -0.2927 -0.0769 144 218 224
0.0700 -0.2900 -0.0784 124 224 218
0.0221 -0.3020 -0.0784 74 207 226
0.0214 -0.3161 -0.0586 71 201 236
0.0518 -0.2865 -0.0843 123 221 217
0.0422 -0.2878 -0.0858 111 219 215
0.0640 -0.2897 -0.0786 123 223 218
0.0586 -0.2878 -0.0812 132 221 219
-0.0810 -0.2969 -0.0657 72 210 231
-0.0821 -0.3041 -0.0541 71 207 234
-0.0209 -0.2703 -0.0627 154 210 231
-0.0289 -0.2950 -0.0830 139 213 220
-0.0357 -0.2909 -0.0854 125 217 216
-0.0512 -0.3358 -0.0292 121 182 246
-0.0416 -0.3329 -0.0343 133 187 244
-0.0680 -0.3323 -0.0284 87 186 245
-0.0601 -0.3354 -0.0273 103 182 247
-0.0817 -0.3120 -0.0450 71 204 236
-0.0793 -0.3198 -0.0378 72 199 239
-0.0746 -0.3269 -0.0321 77 193 242
-0.0233 -0.3085 -0.0684 151 204 232
-0.0250 -0.3020 -0.0784 149 207 226
-0.0331 -0.3280 -0.0415 141 192 242
-0.0275 -0.3226 -0.0496 146 197 239
-0.0729 -0.2900 -0.0784 101 224 218
-0.0781 -0.2927 -0.0769 80 218 224
-0.0250 -0.3020 -0.0784 149 207 226
-0.0243 -0.3161 -0.0586 150 201 236
-0.0331 -0.3290 -0.1006 145 213 226
-0.0451 -0.2878 -0.0858 114 219 215
-0.0547 -0.2865 -0.0843 102 221 217
-0.0615 -0.2878 -0.0812 93 221 219
-0.0669 -0.2897 -0.0786 101 223 218
0.0419 -0.3882 -0.0486 142 206 228
0.0451 -0.3874 -0.0389 142 206 229
0.0437 -0.4080 -0.0483 140 207 228
0.0408 -0.4137 -0.0574 139 208 228
0.0367 -0.3833 0.0148 136 198 247
0.0363 -0.4073 0.0070 135 199 247
0.0426 -0.3845 0.0051 139 199 245
0.0475 -0.3855 -0.0056 142 201 242
0.0423 -0.4077 -0.0024 138 201 246
0.0476 -0.4090 -0.0133 140 203 243
0.0499 -0.3862 -0.0168 145 204 236
0.0485 -0.3868 -0.0281 143 206 231
0.0511 -0.4124 -0.0271 142 208 235
0.0470 -0.4109 -0.0411 140 208 229
0.0456 -0.3553 -0.0331 145 206 229
0.0479 -0.3556 -0.0237 146 206 230
0.0422 -0.3541 -0.0414 142 208 225
0.0382 -0.3496 0.0225 139 201 247
0.0313 -0.3477 0.0301 131 201 250
0.0297 -0.3820 0.0227 130 198 250
0.0437 -0.3513 0.0134 143 202 244
0.0476 -0.3524 0.0043 145 203 241
0.0497 -0.3534 -0.0049 147 204 237
0.0495 -0.3547 -0.0143 147 205 233
0.0463 -0.3302 -0.0253 147 209 228
0.0484 -0.3305 -0.0169 148 208 231
0.0429 -0.3286 -0.0331 144 210 225
0.0387 -0.3165 0.0251 144 205 245
0.0322 -0.3126 0.0334 135 204 249
0.0435 -0.3206 0.0157 146 206 242
0.0468 -0.3238 0.0073 148 207 240
0.0486 -0.3265 -0.0006 149 208 236
0.0491 -0.3290 -0.0087 149 208 233
0.0380 -0.3264 -0.0398 141 211 222
-0.0448 -0.3882 -0.0486 67 206 228
-0.0437 -0.4137 -0.0574 66 208 228
-0.0466 -0.4080 -0.0483 66 207 228
-0.0504 -0.3855 -0.0056 67 201 242
-0.0505 -0.4090 -0.0133 65 203 243
-0.0452 -0.4077 -0.0024 68 201 246
-0.0528 -0.3862 -0.0168 65 204 236
-0.0514 -0.3868 -0.0281 66 206 231
-0.0499 -0.4109 -0.0411 65 208 229
-0.0539 -0.4124 -0.0271 63 208 235
-0.0480 -0.3874 -0.0389 67 206 229
-0.0485 -0.3553 -0.0331 69 206 229
-0.0451 -0.3541 -0.0414 72 208 225
-0.0411 -0.3496 0.0225 76 201 247
-0.0396 -0.3833 0.0148 74 198 247
-0.0326 -0.3820 0.0227 80 198 250
-0.0466 -0.3513 0.0134 72 202 244
-0.0505 -0.3524 0.0043 69 203 241
-0.0455 -0.3845 0.0051 70 199 245
-0.0526 -0.3534 -0.0049 67 204 237
-0.0524 -0.3547 -0.0143 67 205 233
-0.0508 -0.3556 -0.0237 68 206 230
-0.0172 -0.3452 0.0384 93 201 253
-0.0342 -0.3477 0.0301 84 201 250
-0.0159 -0.3801 0.0325 88 199 253
-0.0369 -0.3882 -0.0625 93 210 217
-0.0492 -0.3302 -0.0253 71 209 228
-0.0458 -0.3286 -0.0331 74 210 225
-0.0416 -0.3165 0.0251 77 205 245
-0.0464 -0.3206 0.0157 73 206 242
-0.0497 -0.3238 0.0073 71 207 240
-0.0515 -0.3265 -0.0006 70 208 236
-0.0520 -0.3290 -0.0087 69 208 233
-0.0512 -0.3305 -0.0169 70 208 231
-0.0408 -0.3264 -0.0398 78 211 222
-0.0402 -0.3524 -0.0481 76 210 222
-0.0351 -0.3126 0.0334 86 204 249
0.0058 0.3798 -0.1776 171 221 200
-0.0392 -0.4073 0.0070 71 199 247
0.0282 -0.4106 0.0156 130 202 250
-0.0154 -0.4119 0.0268 85 201 254
-0.0310 -0.4106 0.0156 75 202 250
0.0721 -0.4944 -0.1819 135 194 237
0.0709 -0.4970 -0.1784 131 188 240
0.0646 -0.4868 -0.1881 136 200 238
0.0642 -0.4889 -0.1862 135 207 234
0.0636 -0.4989 -0.2013 121 214 225
0.0522 -0.4859 -0.1874 57 200 233
0.0522 -0.4879 -0.1857 61 208 229
0.0527 -0.4838 -0.1893 64 210 227
0.0562 -0.4993 -0.2014 69 211 224
0.0645 -0.4846 -0.1900 131 211 229
0.0473 -0.4891 -0.1848 88 221 223
0.0492 -0.4889 -0.1849 92 222 223
0.0510 -0.4887 -0.1850 80 219 224
0.0522 -0.4879 -0.1857 61 208 229
0.0508 -0.5004 -0.1733 88 176 248
0.0486 -0.5000 -0.1735 77 179 247
0.0507 -0.5106 -0.1877 81 183 252
0.0532 -0.5009 -0.1731 81 177 247
0.0484 -0.4667 -0.1676 61 206 231
0.0652 -0.4899 -0.1852 118 220 226
0.0673 -0.4903 -0.1849 102 224 224
0.0665 -0.5041 -0.2028 109 224 227
0.0698 -0.4906 -0.1851 106 223 224
0.0700 -0.5059 -0.2028 120 219 228
0.0683 -0.5049 -0.2028 110 223 227
0.0689 -0.4990 -0.1757 125 183 243
0.0649 -0.5105 -0.1879 113 184 252
0.0640 -0.5007 -0.1731 103 176 248
0.0619 -0.5011 -0.1731 109 177 247
0.0597 -0.5020 -0.1721 113 178 247
0.0576 -0.5026 -0.1713 94 175 248
0.0579 -0.5120 -0.1864 95 181 253
0.0555 -0.5019 -0.1721 76 178 247
0.0432 -0.4943 -0.1807 57 200 234
0.0437 -0.4928 -0.1824 58 204 231
0.0445 -0.4911 -0.1837 61 209 229
0.0456 -0.4896 -0.1846 73 216 225
0.0432 -0.4957 -0.1791 58 192 239
0.0469 -0.4991 -0.1751 66 183 244
0.0455 -0.4979 -0.1770 65 184 244
0.0441 -0.4968 -0.1781 64 185 243
-0.0750 -0.4944 -0.1819 57 194 237
-0.0675 -0.4868 -0.1881 57 200 238
-0.0674 -0.4846 -0.1900 62 211 229
-0.0665 -0.4989 -0.2013 70 214 225
-0.0670 -0.4889 -0.1862 58 207 234
-0.0551 -0.4859 -0.1874 136 200 233
-0.0550 -0.4879 -0.1857 132 208 229
-0.0591 -0.4993 -0.2014 122 211 224
-0.0513 -0.4667 -0.1676 136 206 231
-0.0556 -0.4838 -0.1893 129 210 227
-0.0502 -0.4891 -0.1848 104 221 223
-0.0485 -0.4896 -0.1846 120 216 225
-0.0521 -0.4889 -0.1849 100 222 223
-0.0539 -0.4887 -0.1850 113 219 224
-0.0550 -0.4879 -0.1857 132 208 229
-0.0537 -0.5004 -0.1733 103 176 248
-0.0561 -0.5009 -0.1731 110 177 247
-0.0536 -0.5106 -0.1877 108 183 252
-0.0681 -0.4899 -0.1852 75 220 226
-0.0694 -0.5041 -0.2028 81 224 227
-0.0701 -0.4903 -0.1849 91 224 224
-0.0727 -0.4906 -0.1851 86 223 224
-0.0712 -0.5049 -0.2028 80 223 227
-0.0729 -0.5059 -0.2028 70 219 228
-0.0718 -0.4990 -0.1757 66 183 243
-0.0738 -0.4970 -0.1784 60 188 240
-0.0678 -0.5105 -0.1879 77 184 252
-0.0669 -0.5007 -0.1731 88 176 248
-0.0647 -0.5011 -0.1731 82 177 247
-0.0626 -0.5020 -0.1721 77 178 247
-0.0607 -0.5120 -0.1864 94 181 253
-0.0584 -0.5019 -0.1721 114 178 247
-0.0605 -0.5026 -0.1713 96 175 248
-0.0460 -0.4943 -0.1807 135 200 234
-0.0461 -0.4957 -0.1791 134 192 239
-0.0466 -0.4928 -0.1824 134 204 231
-0.0474 -0.4911 -0.1837 131 209 229
-0.0498 -0.4991 -0.1751 126 183 244
-0.0514 -0.5000 -0.1735 114 179 247
-0.0484 -0.4979 -0.1770 126 184 244
-0.0470 -0.4968 -0.1781 127 185 243
0.0356 -0.2945 -0.1262 72 207 231
0.0491 -0.2703 -0.1001 103 213 252
0.0554 -0.2697 -0.0999 120 212 252
0.0616 -0.2705 -0.1023 135 211 249
0.0378 -0.2762 -0.1079 80 212 243
0.0346 -0.2813 -0.1141 74 210 236
0.0710 -0.2760 -0.1140 151 210 239
0.0671 -0.2726 -0.1071 145 211 245
0.0728 -0.2803 -0.1207 153 208 232
0.0734 -0.2998 -0.1141 151 208 237
0.0382 -0.2626 -0.1337 75 209 233
0.0431 -0.2725 -0.1029 89 212 248
0.0549 -0.2919 -0.0973 119 206 253
-0.0519 -0.2703 -0.1001 124 213 252
-0.0582 -0.2697 -0.0999 108 212 252
-0.0645 -0.2705 -0.1023 92 211 249
-0.0407 -0.2762 -0.1079 147 212 243
-0.0460 -0.2725 -0.1029 138 212 248
-0.0374 -0.2813 -0.1141 152 210 236
-0.0739 -0.2760 -0.1140 76 210 239
-0.0756 -0.2803 -0.1207 73 208 232
-0.0763 -0.2998 -0.1141 72 208 237
-0.0700 -0.2726 -0.1071 82 211 245
-0.0578 -0.2919 -0.0973 106 206 253
0.0541 -0.1780 -0.1063 99 231 223
0.0532 -0.1787 -0.1057 88 224 227
0.0554 -0.1776 -0.1066 112 235 222
0.0569 -0.1773 -0.1063 126 235 221
0.0554 -0.1776 -0.1066 112 235 222
0.0582 -0.1774 -0.1057 145 231 224
0.0590 -0.1784 -0.1052 157 221 228
0.0582 -0.1741 -0.0963 161 212 233
0.0527 -0.1798 -0.1052 82 215 230
0.0527 -0.1812 -0.1046 81 209 233
0.0576 -0.1850 -0.1026 135 189 245
0.0591 -0.1840 -0.1029 152 197 241
0.0546 -0.1850 -0.1025 106 190 244
0.0560 -0.1852 -0.1025 121 188 245
0.0536 -0.1842 -0.1028 89 197 240
0.0596 -0.1821 -0.1037 160 208 235
0.0595 -0.1800 -0.1045 161 214 231
0.0529 -0.1828 -0.1037 83 204 236
0.0533 -0.4172 -0.1285 106 226 223
0.0551 -0.4170 -0.1273 124 224 227
0.0514 -0.4174 -0.1284 87 223 223
0.0523 -0.4189 -0.1201 93 186 252
0.0544 -0.4194 -0.1208 116 189 252
0.0562 -0.4198 -0.1225 134 198 248
0.0565 -0.4184 -0.1234 140 209 240
0.0562 -0.4170 -0.1249 136 218 233
0.0493 -0.4187 -0.1256 62 206 235
0.0495 -0.4200 -0.1246 64 197 241
0.0506 -0.4193 -0.1219 73 190 247
0.0523 -0.4189 -0.1201 93 186 252
0.0499 -0.4176 -0.1268 70 216 228
0.0780 -0.4638 -0.1382 137 197 240
0.0773 -0.4643 -0.1368 132 191 244
0.0763 -0.4770 -0.1497 114 214 253
0.0770 -0.4759 -0.1507 113 217 252
0.0779 -0.4636 -0.1398 133 212 229
0.0765 -0.4656 -0.1366 124 186 248
0.0763 -0.4628 -0.1404 112 222 224
0.0744 -0.4621 -0.1400 88 224 224
0.0735 -0.4619 -0.1386 66 217 230
0.0731 -0.4624 -0.1372 61 211 234
0.0727 -0.4637 -0.1372 59 203 240
0.0729 -0.4651 -0.1376 67 191 247
0.0752 -0.4521 -0.1253 69 191 247
0.0757 -0.4477 -0.1219 63 198 244
0.0741 -0.4663 -0.1375 79 185 250
0.0755 -0.4667 -0.1370 100 181 251
-0.0605 -0.1850 -0.1026 107 189 245
-0.0619 -0.1840 -0.1029 89 197 241
-0.0630 -0.1913 -0.1119 138 219 248
-0.0611 -0.1925 -0.1113 127 227 247
-0.0588 -0.1852 -0.1025 120 188 245
-0.0575 -0.1850 -0.1025 136 190 244
-0.0570 -0.1926 -0.1112 116 228 246
-0.0557 -0.1917 -0.1117 113 225 248
-0.0558 -0.1828 -0.1037 159 204 236
-0.0564 -0.1842 -0.1028 152 197 240
-0.0550 -0.1897 -0.1131 118 224 248
-0.0556 -0.1812 -0.1046 161 209 233
-0.0570 -0.1780 -0.1063 143 231 223
-0.0583 -0.1776 -0.1066 131 235 222
-0.0597 -0.1773 -0.1063 116 235 221
-0.0611 -0.1774 -0.1057 98 231 224
-0.0619 -0.1784 -0.1052 85 221 228
-0.0623 -0.1800 -0.1045 82 214 231
-0.0611 -0.1741 -0.0963 82 212 233
-0.0556 -0.1798 -0.1052 160 215 230
-0.0561 -0.1787 -0.1057 155 224 227
-0.0624 -0.1821 -0.1037 82 208 235
-0.0522 -0.4223 -0.1295 141 206 232
-0.0532 -0.4284 -0.1348 101 231 243
-0.0531 -0.4213 -0.1310 132 215 226
-0.0522 -0.4231 -0.1275 140 197 240
-0.0531 -0.4293 -0.1328 107 232 239
-0.0607 -0.4217 -0.1264 64 210 239
-0.0629 -0.4274 -0.1307 117 227 244
-0.0622 -0.4288 -0.1279 123 224 245
-0.0603 -0.4205 -0.1288 68 218 232
-0.0580 -0.4231 -0.1231 91 189 253
-0.0555 -0.4231 -0.1232 113 186 251
-0.0601 -0.4228 -0.1244 70 199 248
-0.0534 -0.4232 -0.1250 131 190 247
-0.0555 -0.4231 -0.1232 113 186 251
-0.0548 -0.4208 -0.1321 116 221 222
-0.0570 -0.4206 -0.1323 99 224 222
-0.0589 -0.4203 -0.1310 81 224 226
-0.0764 -0.4619 -0.1386 131 217 230
-0.0746 -0.4733 -0.1508 74 225 241
-0.0773 -0.4621 -0.1400 109 224 224
-0.0759 -0.4624 -0.1372 136 211 234
-0.0739 -0.4743 -0.1499 91 194 218
-0.0792 -0.4628 -0.1404 85 222 224
-0.0780 -0.4734 -0.1519 77 213 252
-0.0808 -0.4636 -0.1398 64 212 229
-0.0759 -0.4728 -0.1517 79 216 252
-0.0809 -0.4638 -0.1382 59 197 240
-0.0799 -0.4759 -0.1507 81 217 252
-0.0792 -0.4770 -0.1497 80 214 253
-0.0802 -0.4643 -0.1368 64 191 244
-0.0794 -0.4656 -0.1366 73 186 248
-0.0784 -0.4667 -0.1370 97 181 251
-0.0759 -0.4624 -0.1372 136 211 234
-0.0756 -0.4637 -0.1372 138 203 240
-0.0759 -0.4624 -0.1372 136 211 234
-0.0769 -0.4663 -0.1375 118 185 250
-0.0758 -0.4651 -0.1376 129 191 247
0.0536 -0.1836 -0.1172 90 194 223
0.0524 -0.1843 -0.1164 119 212 251
0.0554 -0.1776 -0.1066 112 235 222
0.0588 -0.1833 -0.1166 136 197 214
0.0571 -0.1831 -0.1173 128 198 213
0.0554 -0.1776 -0.1066 112 235 222
0.0598 -0.1845 -0.1159 133 191 216
0.0518 -0.1856 -0.1157 124 219 250
0.0583 -0.1925 -0.1113 113 227 247
0.0602 -0.1913 -0.1119 102 219 248
0.0529 -0.1917 -0.1117 127 225 248
0.0541 -0.1926 -0.1112 124 228 246
0.0607 -0.1890 -0.1133 113 204 251
0.0604 -0.1864 -0.1148 128 183 221
0.0521 -0.1897 -0.1131 122 224 248
0.0529 -0.4269 -0.1259 87 186 251
0.0729 -0.4651 -0.1376 67 191 247
0.0708 -0.4755 -0.1491 119 208 253
0.0724 -0.4768 -0.1487 112 215 253
0.0710 -0.4743 -0.1499 104 194 218
0.0705 -0.4749 -0.1494 86 173 239
0.0729 -0.4651 -0.1376 67 191 247
0.0717 -0.4733 -0.1508 121 225 241
0.0751 -0.4734 -0.1519 119 213 252
0.0730 -0.4728 -0.1517 117 216 252
0.0755 -0.4778 -0.1489 111 218 252
-0.0553 -0.1843 -0.1164 122 212 251
-0.0564 -0.1836 -0.1172 151 194 223
-0.0583 -0.1776 -0.1066 131 235 222
-0.0599 -0.1831 -0.1173 114 198 213
-0.0617 -0.1833 -0.1166 106 197 214
-0.0583 -0.1776 -0.1066 131 235 222
-0.0627 -0.1845 -0.1159 109 191 216
-0.0547 -0.1856 -0.1157 117 219 250
-0.0633 -0.1864 -0.1148 113 183 221
-0.0636 -0.1890 -0.1133 127 204 251
-0.0607 -0.4259 -0.1361 122 225 245
-0.0622 -0.4262 -0.1340 126 226 236
-0.0563 -0.4267 -0.1370 107 230 245
-0.0544 -0.4274 -0.1361 102 230 244
-0.0542 -0.4297 -0.1300 116 230 239
-0.0555 -0.4231 -0.1232 113 186 251
-0.0565 -0.4297 -0.1277 125 227 237
-0.0596 -0.4295 -0.1269 96 232 240
-0.0565 -0.4297 -0.1277 125 227 237
-0.0753 -0.4768 -0.1487 82 215 253
-0.0737 -0.4755 -0.1491 76 208 253
-0.0734 -0.4749 -0.1494 109 173 239
-0.0739 -0.4743 -0.1499 91 194 218
-0.0784 -0.4778 -0.1489 83 218 252
0.0756 -0.3038 -0.1935 128 205 252
0.0734 -0.3043 -0.1932 113 203 253
0.0773 -0.3040 -0.1950 146 208 244
0.0712 -0.3049 -0.1934 96 202 252
0.0697 -0.3060 -0.1949 77 201 244
0.0566 -0.3151 -0.1928 128 204 252
0.0544 -0.3152 -0.1925 110 203 254
0.0581 -0.3157 -0.1944 146 204 243
0.0523 -0.3155 -0.1928 93 204 252
0.0507 -0.3163 -0.1944 76 204 244
0.0330 -0.3219 -0.2053 111 207 214
0.0357 -0.3161 -0.2048 124 203 215
0.0316 -0.3151 -0.2049 95 205 215
0.0336 -0.3156 -0.2049 110 204 214
0.0336 -0.3156 -0.2049 110 204 214
0.0374 -0.3159 -0.2036 145 198 225
0.0301 -0.3142 -0.2036 74 204 225
0.0341 -0.3104 -0.2058 109 199 214
0.0105 -0.2562 -0.1958 77 210 239
0.0170 -0.2606 -0.1949 136 187 243
0.0139 -0.2620 -0.2051 124 210 213
0.0159 -0.2594 -0.1933 115 190 249
0.0141 -0.2582 -0.1933 99 194 249
0.0121 -0.2568 -0.1939 89 200 247
-0.0386 -0.3161 -0.2048 96 203 215
-0.0365 -0.3156 -0.2049 110 204 214
-0.0344 -0.3151 -0.2048 126 205 215
-0.0786 -0.3119 -0.2029 95 205 215
-0.0769 -0.3124 -0.2030 111 206 214
-0.0771 -0.3184 -0.2040 114 212 214
-0.0750 -0.3128 -0.2028 126 205 215
-0.0588 -0.3233 -0.2028 95 205 215
-0.0568 -0.3234 -0.2029 110 206 214
-0.0568 -0.3295 -0.2041 111 212 215
-0.0549 -0.3236 -0.2027 127 205 216
-0.0402 -0.3159 -0.2036 75 198 225
-0.0365 -0.3156 -0.2049 110 204 214
-0.0370 -0.3104 -0.2058 112 199 214
-0.0330 -0.3142 -0.2036 146 204 225
-0.0800 -0.3109 -0.2017 75 202 225
-0.0769 -0.3072 -0.2039 109 199 214
-0.0769 -0.3124 -0.2030 111 206 214
-0.0735 -0.3126 -0.2016 145 201 225
-0.0604 -0.3226 -0.2016 75 202 225
-0.0569 -0.3182 -0.2038 110 198 214
-0.0568 -0.3234 -0.2029 110 206 214
-0.0535 -0.3232 -0.2015 146 202 226
-0.0729 -0.3078 -0.2023 145 202 224
-0.0134 -0.2562 -0.1957 153 210 239
-0.0198 -0.2606 -0.1949 94 187 243
-0.0168 -0.2620 -0.2051 105 210 213
-0.0187 -0.2594 -0.1933 114 190 249
-0.0150 -0.2568 -0.1938 141 200 247
-0.0170 -0.2582 -0.1933 131 194 249
0.0562 -0.4785 -0.1031 103 173 232
0.0559 -0.4814 -0.0880 105 172 236
0.0487 -0.4817 -0.0894 87 173 235
0.0497 -0.4784 -0.1034 85 175 230
0.0624 -0.4767 -0.1024 119 177 232
0.0631 -0.4790 -0.0870 117 175 236
0.0654 -0.4736 -0.1015 129 184 233
0.0461 -0.4756 -0.1030 69 183 231
-0.0591 -0.4785 -0.1031 92 173 232
-0.0526 -0.4784 -0.1034 110 175 230
-0.0515 -0.4817 -0.0894 107 173 235
-0.0588 -0.4814 -0.0880 89 172 236
-0.0653 -0.4767 -0.1024 76 177 232
-0.0659 -0.4790 -0.0870 78 175 236
-0.0683 -0.4736 -0.1015 66 184 233
-0.0489 -0.4756 -0.1030 126 183 231
0.0028 -0.5977 0.1542 104 190 255
0.0058 -0.5983 0.1532 92 188 255
0.0054 -0.5957 0.1544 92 187 255
0.0033 -0.5934 0.1556 98 189 255
0.0012 -0.5980 0.1552 101 190 255
0.0040 -0.6027 0.1523 99 190 255
0.0055 -0.6009 0.1524 93 190 255
0.0021 -0.6041 0.1527 100 189 255
0.0009 -0.5919 0.1567 99 192 255
-0.0057 -0.5977 0.1542 72 190 255
-0.0062 -0.5934 0.1556 79 189 255
-0.0083 -0.5957 0.1544 84 187 255
-0.0087 -0.5983 0.1532 83 188 255
-0.0084 -0.6009 0.1524 81 190 255
-0.0069 -0.6027 0.1523 75 190 255
-0.0041 -0.5980 0.1552 74 190 255
-0.0050 -0.6041 0.1527 74 189 255
-0.0014 -0.6047 0.1537 87 189 255
-0.0038 -0.5919 0.1567 77 192 255
0.0322 -0.5343 -0.0416 118 177 237
0.0364 -0.5246 -0.0593 118 179 231
-0.0393 -0.5246 -0.0593 69 179 231
-0.0351 -0.5343 -0.0416 68 177 237
0.0101 -0.5022 0.0156 121 222 244
0.0141 -0.5049 0.0129 124 220 243
0.0090 -0.4938 0.0081 116 213 253
0.0271 -0.5236 -0.0012 133 203 242
0.0277 -0.5301 -0.0055 131 194 242
0.0194 -0.5099 0.0089 127 217 242
0.0244 -0.5163 0.0041 131 211 242
0.0213 -0.5401 -0.0074 125 183 241
0.0227 -0.5387 -0.0075 121 180 241
0.0265 -0.5342 -0.0071 127 185 242
0.0244 -0.5368 -0.0073 122 180 241
-0.0169 -0.5049 0.0129 66 220 243
-0.0130 -0.5022 0.0156 70 222 244
-0.0306 -0.5301 -0.0055 55 194 242
-0.0300 -0.5236 -0.0012 55 203 242
-0.0273 -0.5163 0.0041 58 211 242
-0.0223 -0.5099 0.0089 63 217 242
-0.0234 -0.5418 -0.0069 54 191 240
-0.0242 -0.5401 -0.0074 59 183 241
-0.0256 -0.5387 -0.0075 64 180 241
-0.0273 -0.5368 -0.0073 63 180 241
-0.0294 -0.5342 -0.0071 59 185 242
-0.0105 -0.5044 0.0330 85 230 239
-0.0098 -0.5040 0.0507 105 230 237
-0.0070 -0.5034 0.0333 75 227 240
-0.0147 -0.5053 0.0323 79 228 238
-0.0138 -0.5031 0.0506 89 230 236
-0.0204 -0.5371 0.0274 53 205 239
-0.0208 -0.5384 0.0279 53 205 239
-0.0175 -0.5299 0.0540 54 208 239
-0.0208 -0.5345 0.0270 57 187 242
-0.0204 -0.5359 0.0272 53 197 241
-0.0221 -0.5327 0.0270 63 181 242
-0.0269 -0.5204 0.0284 54 205 239
-0.0270 -0.5263 0.0273 55 192 241
-0.0251 -0.5222 0.0538 57 188 240
-0.0245 -0.5140 0.0298 60 216 238
-0.0199 -0.5087 0.0312 68 223 237
-0.0248 -0.5302 0.0270 62 182 242
0.0076 -0.5044 0.0330 105 230 239
0.0042 -0.5034 0.0333 116 227 240
0.0110 -0.5031 0.0506 101 230 236
0.0175 -0.5371 0.0274 132 205 239
0.0179 -0.5384 0.0279 132 205 239
0.0175 -0.5359 0.0272 132 197 241
0.0146 -0.5299 0.0540 132 208 239
0.0179 -0.5345 0.0270 128 187 242
0.0192 -0.5327 0.0270 122 181 242
0.0240 -0.5204 0.0284 133 205 239
0.0222 -0.5222 0.0538 130 188 240
0.0217 -0.5140 0.0298 129 216 238
0.0171 -0.5087 0.0312 121 223 237
0.0118 -0.5053 0.0323 111 228 238
0.0219 -0.5302 0.0270 124 182 242
0.0241 -0.5263 0.0273 132 192 241
0.0066 -0.5001 0.0174 118 223 245
0.0205 -0.5418 -0.0069 130 191 240
-0.0095 -0.5001 0.0174 73 223 245
-0.0229 -0.5436 -0.0063 53 194 240
-0.0063 -0.5051 0.0529 82 229 237
0.8577 -0.2035 0.1446 118 212 251
0.9750 -0.1260 0.1315 116 239 233
0.5196 -0.4312 0.1503 89 208 255
0.8845 -0.2192 0.1168 126 202 213
0.9912 -0.1218 0.1297 117 239 234
0.7330 -0.3258 0.1259 117 196 215
0.6154 -0.3975 0.1231 114 192 218
0.5479 -0.4366 0.1203 112 189 219
0.5281 -0.4509 0.1210 114 192 219
0.4960 -0.4620 0.1163 104 187 220
0.2905 -0.4844 0.0971 104 199 218
0.2967 -0.5243 0.1148 107 180 225
-0.8581 -0.1993 0.1513 121 212 251
-0.9750 -0.1208 0.1395 136 239 233
-0.7126 -0.3209 0.1567 112 208 254
-0.5944 -0.3891 0.1525 111 211 254
-0.8852 -0.2144 0.1235 110 202 213
-0.7344 -0.3222 0.1308 102 196 215
-0.6174 -0.3946 0.1267 94 193 218
-0.5501 -0.4342 0.1231 89 190 219
-0.5304 -0.4486 0.1236 85 193 219
-0.0014 -0.4237 0.0308 102 198 255
0.0109 -0.4248 0.0266 107 203 255
0.0126 -0.4119 0.0268 120 201 254
0.0217 -0.4921 -0.0007 114 185 252
0.0170 -0.4904 0.0025 111 186 253
-0.0015 -0.4071 0.0339 103 198 255
0.0296 -0.4903 -0.0047 115 181 248
-0.0014 -0.4899 0.0100 96 218 254
-0.0014 -0.4830 0.0083 97 194 255
-0.0014 0.6026 -0.1727 184 236 196
-0.0034 0.5859 -0.1748 165 233 198
-0.0430 -0.5033 -0.0727 78 191 221
0.0119 -0.1234 -0.0092 146 220 246
0.0110 -0.1040 -0.0168 145 221 246
0.0018 -0.6402 0.1209 105 183 226
0.0035 -0.6382 0.1212 112 184 229
-0.0014 -0.6413 0.1201 84 182 223
0.0154 -0.5824 0.1274 122 203 228
0.0045 -0.6360 0.1209 114 188 228
0.0118 -0.5897 0.1194 119 197 226
0.0131 -0.5849 0.1212 123 201 229
0.0078 -0.6115 0.1194 120 194 229
0.0058 -0.6297 0.1200 115 193 227
0.0053 -0.6329 0.1204 115 191 228
-0.0014 -0.5279 0.1498 93 217 255
-0.0014 -0.5407 0.1560 92 209 255
0.0021 -0.5210 0.1368 108 221 251
-0.0014 -0.5063 0.1261 95 227 247
-0.0014 -0.5155 0.1400 94 223 251
-0.0014 -0.4970 0.0520 96 231 238
0.0158 -0.5815 0.1292 126 205 233
0.0282 -0.4106 0.0156 130 202 250
-0.0014 -0.6417 0.1402 84 188 255
0.0154 -0.2831 0.0420 127 207 252
0.0142 -0.2037 0.0241 137 219 248
0.0142 -0.2243 0.0321 133 217 249
0.0141 -0.1835 0.0152 142 220 246
0.0103 -0.0867 -0.0234 145 221 246
0.0098 -0.0727 -0.0283 145 220 247
-0.0014 -0.6464 0.1340 84 175 254
-0.0014 -0.6471 0.1336 84 177 255
-0.0014 -0.6477 0.1329 84 167 243
-0.0024 -0.6458 0.1336 74 220 228
-0.0029 0.5519 -0.1568 210 227 229
-0.0028 0.5766 -0.1567 219 237 220
-0.0198 0.6508 -0.1285 183 255 221
-0.0153 0.5857 -0.1427 165 222 233
-0.0039 0.5326 -0.1569 189 224 236
-0.0058 0.1576 -0.1142 166 225 242
-0.0053 0.1776 -0.1210 159 226 243
-0.0180 0.1876 -0.0961 143 214 243
-0.0065 0.1411 -0.1089 158 224 243
-0.0148 -0.1234 -0.0092 106 220 246
-0.0139 -0.1040 -0.0168 109 221 246
-0.0157 -0.1437 -0.0012 102 220 246
-0.0014 0.6307 -0.1634 186 242 197
-0.0104 0.5723 -0.1633 142 231 213
-0.0014 -0.6502 0.1299 83 168 236
-0.0172 -0.5828 0.1259 52 202 231
-0.0119 -0.6038 0.1186 54 193 229
-0.0132 -0.5963 0.1184 56 194 227
-0.0091 -0.6253 0.1195 57 194 226
-0.0081 -0.6329 0.1203 55 191 228
-0.0147 -0.5897 0.1192 58 197 226
-0.0074 -0.6359 0.1208 55 188 228
-0.0162 -0.5436 0.1179 52 196 239
-0.0174 -0.5368 0.1078 53 199 239
-0.0193 -0.5321 0.0813 53 201 239
-0.0203 -0.5364 0.0566 53 198 239
0.0174 -0.5364 0.0566 132 198 239
-0.0160 -0.5849 0.1213 54 201 229
-0.0173 -0.2458 0.0377 102 214 251
-0.0171 -0.2243 0.0321 102 217 249
-0.0178 -0.2661 0.0409 101 210 251
-0.0183 -0.2831 0.0420 99 207 252
-0.0171 -0.2037 0.0241 101 219 248
-0.0170 -0.1835 0.0152 99 220 246
-0.0060 0.3619 -0.1516 159 225 240
-0.0115 0.3906 -0.1533 153 224 238
-0.0123 0.3692 -0.1520 150 225 239
-0.0131 0.3477 -0.1507 147 233 237
-0.0132 -0.0867 -0.0234 112 221 246
-0.0127 -0.0727 -0.0283 115 220 247
-0.0089 -0.0049 -0.0553 129 224 246
-0.0075 0.0315 -0.0686 153 222 245
-0.0110 0.0120 -0.0621 126 224 245
-0.0143 -0.0034 -0.0560 122 225 245
-0.0176 -0.0189 -0.0500 112 234 237
-0.0014 -0.6473 0.1324 84 226 234
-0.0008 -0.6462 0.1331 89 216 225
0.0010 -0.6458 0.1326 63 207 224
-0.0001 0.5766 -0.1567 144 237 220
0.0169 0.6508 -0.1285 193 255 221
0.0034 0.5784 -0.1600 180 251 229
-0.0000 0.5519 -0.1568 149 227 229
0.0125 0.5857 -0.1427 200 222 233
0.0010 0.5326 -0.1569 167 224 236
0.0086 0.3906 -0.1533 181 224 238
0.0118 0.4036 -0.1576 206 222 225
0.0120 0.4229 -0.1597 209 223 216
0.0022 0.4038 -0.1546 157 223 239
0.0140 0.4873 -0.1368 162 247 205
0.0089 0.4529 -0.1620 201 235 206
0.0067 0.4575 -0.1621 204 236 228
0.0019 0.4530 -0.1591 158 231 237
0.0009 0.4472 -0.1582 160 227 238
0.0030 0.2774 -0.1403 145 224 241
0.0181 0.3608 -0.1255 164 249 211
0.0134 0.3269 -0.1515 199 225 215
0.0124 0.3357 -0.1514 200 226 214
0.0026 0.3274 -0.1487 148 229 239
0.0013 0.3175 -0.1468 155 226 241
0.0181 0.3608 -0.1255 164 249 211
0.0044 0.3361 -0.1501 147 230 238
0.0151 0.1876 -0.0961 158 214 243
0.0066 0.1261 -0.1048 160 226 243
0.0109 0.1404 -0.1133 176 220 238
0.0134 0.1567 -0.1191 188 214 226
0.0235 0.2489 -0.0872 163 246 232
0.0029 0.1576 -0.1143 131 225 242
0.0036 0.1411 -0.1089 135 224 243
0.0038 0.1929 -0.1252 138 227 242
0.0024 0.1776 -0.1210 141 226 243
0.0178 0.2306 -0.1084 154 242 210
0.0057 0.2049 -0.1285 139 230 241
0.0034 0.0462 -0.0740 121 223 244
0.0180 0.1128 -0.0729 146 237 211
0.0152 0.0729 -0.0877 180 216 221
0.0143 0.0821 -0.0903 182 218 224
0.0180 0.1128 -0.0729 146 237 211
0.0060 0.0826 -0.0892 125 230 241
0.0165 -0.0553 -0.0385 161 213 242
0.0266 0.0227 -0.0181 146 241 234
0.0049 -0.0545 -0.0347 116 221 246
0.0061 -0.0623 -0.0317 120 219 247
0.0206 0.0019 -0.0341 136 232 212
0.0182 -0.0366 -0.0451 172 215 225
0.0170 -0.0282 -0.0477 173 217 227
0.0056 -0.0358 -0.0432 116 227 244
0.0039 -0.0455 -0.0383 114 222 245
0.0206 0.0019 -0.0341 136 232 212
0.0079 -0.0277 -0.0471 117 228 243
-0.0014 0.6145 -0.1693 185 238 196
-0.0014 0.6232 -0.1664 185 240 196
-0.0015 -0.1221 -0.0061 126 222 248
-0.0015 -0.1419 0.0025 124 222 249
-0.0015 -0.1617 0.0112 123 221 249
-0.0015 -0.1814 0.0199 121 221 249
-0.0014 0.6307 -0.1634 186 242 197
-0.0014 0.6372 -0.1604 186 255 217
0.0075 0.5723 -0.1633 221 231 213
-0.0014 -0.6484 0.1372 84 174 253
-0.0014 -0.6506 0.1309 83 168 235
-0.0014 -0.5508 0.1587 91 204 255
-0.0014 -0.5605 0.1596 91 201 255
-0.0014 -0.6193 0.1479 86 187 255
-0.0014 -0.5718 0.1599 90 199 255
-0.0014 -0.5822 0.1596 89 198 255
-0.0014 -0.4972 0.0987 96 231 240
-0.0014 -0.5003 0.1113 95 230 243
-0.0015 -0.2818 0.0470 113 208 253
-0.0015 -0.2437 0.0419 116 214 252
-0.0015 -0.2644 0.0455 114 211 253
-0.0015 -0.2013 0.0286 119 220 250
-0.0015 -0.2218 0.0363 118 217 251
-0.0006 0.5762 -0.1579 161 235 232
-0.0001 0.5766 -0.1567 144 237 220
0.0034 0.5784 -0.1600 180 251 229
0.0016 0.6087 -0.1600 201 230 234
0.0104 0.5727 -0.1592 210 231 202
-0.0000 0.5519 -0.1568 149 227 229
-0.0014 0.5789 -0.1582 182 229 236
0.0011 0.4229 -0.1562 153 225 237
0.0009 0.4472 -0.1582 160 227 238
0.0064 0.4910 -0.1589 192 224 236
0.0048 0.4616 -0.1609 192 239 233
0.0086 0.4866 -0.1614 197 224 234
0.0019 0.4530 -0.1591 158 231 237
0.0019 0.4873 -0.1585 184 224 237
0.0010 0.5326 -0.1569 167 224 236
0.0029 0.4577 -0.1599 197 225 234
0.0021 0.2961 -0.1433 144 225 240
0.0013 0.3175 -0.1468 155 226 241
0.0094 0.3692 -0.1520 180 225 239
0.0123 0.3616 -0.1542 197 224 232
0.0026 0.3274 -0.1487 148 229 239
0.0032 0.3619 -0.1516 170 225 240
0.0022 0.4038 -0.1546 157 223 239
0.0086 0.3906 -0.1533 181 224 238
0.0029 0.1576 -0.1143 131 225 242
0.0024 0.1776 -0.1210 141 226 243
0.0038 0.1929 -0.1252 138 227 242
0.0042 0.2325 -0.1328 165 225 242
0.0030 0.2774 -0.1403 145 224 241
0.0057 0.2049 -0.1285 139 230 241
0.0057 0.2527 -0.1371 171 226 241
0.0023 0.0630 -0.0803 119 224 242
0.0039 0.0736 -0.0852 125 229 242
0.0046 0.1047 -0.0965 151 226 244
0.0036 0.1411 -0.1089 135 224 243
0.0060 0.0826 -0.0892 125 230 241
0.0066 0.1261 -0.1048 160 226 243
0.0031 -0.0786 -0.0245 136 222 247
-0.0014 -0.0975 -0.0162 128 222 248
0.0049 -0.0545 -0.0347 116 221 246
0.0039 -0.0455 -0.0383 114 222 245
0.0114 -0.0034 -0.0560 149 225 245
0.0147 -0.0189 -0.0500 156 234 237
0.0056 -0.0358 -0.0432 116 227 244
0.0060 -0.0049 -0.0553 141 224 246
0.0046 0.0315 -0.0686 145 225 245
0.0079 -0.0277 -0.0471 117 228 243
-0.0043 -0.6463 0.1317 109 219 236
-0.0014 -0.6479 0.1303 84 226 234
-0.0043 -0.6468 0.1299 110 219 236
-0.0014 -0.6483 0.1279 84 227 237
-0.0014 -0.6486 0.1262 84 203 221
-0.0044 -0.6472 0.1264 88 207 222
-0.0028 0.5766 -0.1567 219 237 220
-0.0063 0.5784 -0.1600 165 250 226
-0.0136 0.5491 -0.1597 140 227 215
-0.0188 0.4519 -0.1330 158 215 236
-0.0261 0.5133 -0.1128 169 252 227
-0.0149 0.4229 -0.1597 130 223 216
-0.0040 0.4229 -0.1562 203 224 230
-0.0038 0.4472 -0.1582 183 227 238
-0.0051 0.4038 -0.1546 179 223 239
-0.0169 0.4873 -0.1368 187 247 205
-0.0077 0.4616 -0.1609 153 239 233
-0.0095 0.4575 -0.1621 141 236 228
-0.0118 0.4529 -0.1620 140 237 227
-0.0049 0.2961 -0.1433 174 225 240
-0.0041 0.3175 -0.1468 167 226 241
-0.0288 0.3738 -0.1003 156 245 233
-0.0187 0.3132 -0.1187 151 212 240
-0.0059 0.2774 -0.1404 170 224 241
-0.0210 0.3608 -0.1255 165 249 211
-0.0131 0.3477 -0.1507 147 233 237
-0.0153 0.3357 -0.1514 125 226 214
-0.0055 0.3274 -0.1487 175 229 239
-0.0210 0.3608 -0.1255 165 249 211
-0.0072 0.3361 -0.1501 178 230 238
-0.0163 0.1567 -0.1191 108 214 226
-0.0067 0.1929 -0.1252 164 227 242
-0.0207 0.2306 -0.1084 153 242 210
-0.0086 0.2049 -0.1284 165 230 241
-0.0187 0.0725 -0.0578 132 212 245
-0.0265 0.1328 -0.0534 139 244 233
-0.0165 0.0455 -0.0783 100 211 228
-0.0144 0.0309 -0.0724 98 210 228
-0.0063 0.0462 -0.0740 157 223 244
-0.0052 0.0630 -0.0803 162 224 242
-0.0075 0.0315 -0.0686 153 222 245
-0.0209 0.1128 -0.0729 143 237 211
-0.0181 0.0729 -0.0877 102 217 223
-0.0068 0.0736 -0.0852 157 229 242
-0.0209 0.1128 -0.0729 143 237 211
-0.0088 0.0826 -0.0892 159 230 241
-0.0078 -0.0545 -0.0347 147 221 246
-0.0068 -0.0455 -0.0383 150 222 245
-0.0294 0.0227 -0.0181 129 241 234
-0.0211 -0.0250 -0.0232 125 209 247
-0.0090 -0.0623 -0.0317 141 219 247
-0.0235 0.0019 -0.0341 135 232 212
-0.0176 -0.0189 -0.0500 112 234 237
-0.0199 -0.0282 -0.0477 96 214 221
-0.0211 -0.0366 -0.0451 95 213 222
-0.0085 -0.0358 -0.0432 149 227 244
-0.0235 0.0019 -0.0341 135 232 212
-0.0108 -0.0277 -0.0471 150 228 243
0.0015 -0.6472 0.1264 79 207 222
-0.0199 -0.1703 -0.0427 105 212 213
-0.0206 -0.1836 -0.0432 110 213 212
-0.0015 -0.1814 0.0199 121 221 249
-0.0014 -0.6413 0.1201 84 182 223
-0.0014 -0.6342 0.1181 85 190 221
-0.0050 -0.5210 0.1368 80 221 251
-0.0015 -0.1814 0.0199 121 221 249
-0.0023 0.5762 -0.1579 203 235 232
-0.0045 0.6087 -0.1600 168 230 234
-0.0063 0.5784 -0.1600 165 250 226
-0.0029 0.5519 -0.1568 210 227 229
-0.0109 0.5206 -0.1570 157 224 234
-0.0039 0.5326 -0.1569 189 224 236
-0.0048 0.4530 -0.1591 185 231 237
-0.0049 0.2961 -0.1433 174 225 240
-0.0053 0.1776 -0.1210 159 226 243
-0.0058 0.1576 -0.1142 166 225 242
-0.0117 0.2324 -0.1334 138 226 241
-0.0086 0.2527 -0.1371 141 226 241
-0.0149 0.2121 -0.1296 133 225 240
-0.0059 0.2774 -0.1404 170 224 241
-0.0071 0.2325 -0.1328 143 225 242
-0.0067 0.1929 -0.1252 164 227 242
-0.0063 0.0462 -0.0740 157 223 244
-0.0153 0.0928 -0.0924 121 226 241
-0.0065 0.1411 -0.1089 158 224 243
-0.0074 0.1047 -0.0965 136 226 244
-0.0068 0.0736 -0.0852 157 229 242
-0.0060 -0.0786 -0.0245 123 222 247
-0.0090 -0.0623 -0.0317 141 219 247
-0.0068 -0.0455 -0.0383 150 222 245
-0.0078 -0.0545 -0.0347 147 221 246
-0.0173 -0.0055 -0.0577 105 223 239
-0.0085 -0.0358 -0.0432 149 227 244
-0.0014 -0.4388 0.0271 100 196 255
-0.0014 -0.4533 0.0224 99 193 255
0.0090 -0.4554 0.0219 79 196 254
0.0102 -0.4395 0.0254 81 199 254
-0.0014 -0.4659 0.0173 98 191 255
-0.0131 -0.4395 0.0254 120 199 254
-0.0138 -0.4247 0.0267 96 203 255
-0.0132 -0.4797 0.0119 105 182 252
-0.0014 -0.4830 0.0083 97 194 255
-0.0014 -0.4659 0.0173 98 191 255
-0.0111 -0.4704 0.0180 117 189 252
-0.0119 -0.4553 0.0220 119 196 254
0.0143 -0.3452 0.0384 122 201 253
0.0130 -0.3801 0.0325 122 199 253
0.0154 -0.3088 0.0414 125 204 252
-0.0014 -0.3443 0.0436 108 201 254
-0.0014 -0.3790 0.0382 105 199 255
-0.0183 -0.3088 0.0414 96 204 252
-0.0015 -0.3078 0.0467 111 204 254
-0.0014 -0.3790 0.0382 105 199 255
-0.0014 -0.5986 0.1555 88 189 255
-0.0014 -0.5919 0.1576 88 193 255
-0.0014 -0.4952 0.0187 96 228 246
-0.0014 -0.4973 0.0339 96 231 239
-0.0210 -0.5427 0.0286 54 192 240
0.1956 -0.1705 -0.0190 126 201 212
0.2513 -0.4741 0.1075 82 205 255
0.2258 -0.3874 0.0661 100 233 231
0.1798 -0.2933 0.0376 93 209 216
0.0385 -0.4119 0.0138 80 209 220
-0.2077 -0.2337 0.0373 111 219 250
-0.4790 -0.1188 0.1539 128 211 210
-0.2612 -0.4781 0.0960 85 216 221
-0.2290 -0.4232 0.0918 109 190 254
-0.8404 -0.1907 0.1530 117 208 251
-0.3784 -0.3508 0.1470 82 184 229
-0.1960 -0.3927 0.0741 125 218 250
-0.1444 -0.4134 0.0548 112 222 251
-0.2112 -0.3004 0.0519 88 209 250
-0.1630 -0.3545 0.0671 114 201 254
-0.1970 -0.1467 -0.0160 93 213 218
-0.1390 -0.3730 0.0586 116 190 252
-0.1815 -0.2925 0.0398 131 209 216
0.0282 -0.4106 0.0156 130 202 250
0.2745 -0.5121 0.1295 122 210 225
-0.0310 -0.4106 0.0156 75 202 250
-0.0246 -0.4921 -0.0007 78 185 252
0.0080 -0.5978 0.1268 109 223 242
0.0053 -0.5889 0.1279 59 218 236
0.0081 -0.5961 0.1269 117 178 240
0.0048 -0.6185 0.1249 59 210 252
0.0047 -0.6220 0.1275 53 212 247
0.0024 -0.6321 0.1239 67 215 254
0.0033 -0.6273 0.1243 55 213 248
0.0021 -0.6368 0.1285 61 204 255
0.0056 -0.5896 0.1303 69 207 255
0.0053 -0.5983 0.1268 56 217 240
0.0056 -0.5992 0.1302 71 203 255
0.0051 -0.6136 0.1257 56 218 240
0.0056 -0.6071 0.1295 68 203 255
0.0055 -0.6068 0.1260 56 217 240
0.0051 -0.6136 0.1257 56 218 240
0.0053 -0.6138 0.1289 67 207 255
0.0019 -0.6373 0.1336 50 197 230
0.0019 -0.6373 0.1336 50 197 230
0.0030 -0.6335 0.1303 58 219 235
0.0031 -0.6320 0.1336 58 217 233
0.0046 -0.6280 0.1308 57 218 236
0.0048 -0.6264 0.1336 61 218 232
0.0055 -0.6228 0.1317 54 216 238
0.0055 -0.6219 0.1337 58 217 232
0.0059 -0.6180 0.1316 55 216 235
0.0059 -0.6164 0.1339 61 215 229
0.0005 -0.6429 0.1336 97 223 232
0.0056 -0.6041 0.1316 61 176 236
0.0060 -0.5983 0.1348 58 216 246
0.0054 -0.6127 0.1339 59 220 243
0.0056 -0.6058 0.1341 56 217 241
0.0059 -0.6063 0.1308 61 200 224
0.0058 -0.6127 0.1306 64 201 223
0.0063 -0.5977 0.1309 75 200 221
0.0062 -0.6182 0.1299 58 209 228
0.0058 -0.6228 0.1298 54 210 231
0.0049 -0.6282 0.1296 64 204 224
0.0049 -0.6282 0.1296 64 204 224
0.0032 -0.6339 0.1291 60 204 225
0.0032 -0.6339 0.1291 60 204 225
0.0020 -0.6392 0.1284 54 216 237
0.0056 -0.6011 0.1345 48 198 242
0.0057 -0.6055 0.1319 56 216 237
0.0050 -0.6145 0.1338 46 198 240
0.0080 -0.6144 0.1339 126 199 240
0.0063 -0.5902 0.1325 76 205 221
0.0093 -0.5929 0.1369 128 195 239
0.0058 -0.5905 0.1374 61 220 242
0.0103 -0.6002 0.1296 58 196 253
-0.0014 -0.6458 0.1261 84 185 255
0.0103 -0.6002 0.1296 58 196 253
0.0113 -0.5896 0.1326 49 199 243
0.0064 -0.5596 0.1341 53 193 234
0.0062 -0.5621 0.1255 73 203 255
0.0082 -0.5631 0.1294 51 194 238
0.0082 -0.5631 0.1294 51 194 238
0.0025 -0.5293 0.0939 55 209 242
0.0104 -0.5958 0.1335 118 198 226
0.0046 -0.5960 0.1335 61 201 225
0.0037 -0.5975 0.1290 64 198 255
-0.0014 -0.6389 0.1246 84 184 255
0.0060 -0.6104 0.1339 120 184 233
0.0049 -0.6270 0.1336 117 180 243
0.0005 -0.6386 0.1232 70 171 235
-0.0014 -0.6420 0.1242 84 213 255
0.0032 -0.6308 0.1240 121 210 244
0.0016 -0.6368 0.1233 124 197 242
0.0041 -0.5724 0.1534 56 215 236
0.0169 -0.4459 0.1932 128 208 250
0.0246 -0.5368 -0.2067 90 204 218
0.0186 -0.5440 -0.2079 69 187 224
0.0557 -0.4262 -0.1371 88 228 245
0.0761 -0.4451 -0.1205 63 213 235
0.0553 -0.1676 -0.0893 120 230 245
-0.0009 -0.6443 0.1336 47 208 240
0.4648 -0.5380 0.1904 107 194 220
0.0117 -0.4837 0.0759 100 203 217
0.0541 -0.3134 -0.2057 114 176 238
0.0094 -0.2694 -0.2076 100 189 219
0.0194 -0.1819 -0.0398 154 214 221
0.0675 -0.3049 -0.2046 84 186 227
0.0675 -0.3049 -0.2046 84 186 227
0.0481 -0.3144 -0.2049 80 188 228
0.0290 -0.3071 -0.2064 84 184 230
0.0415 -0.3091 -0.2060 132 181 230
0.0484 -0.2697 -0.2004 75 210 229
0.0637 -0.2684 -0.2000 154 206 230
0.0337 -0.2626 -0.2008 76 212 229
0.0488 -0.2659 -0.2001 154 204 230
0.0496 -0.2500 -0.1978 109 237 234
0.0654 -0.2477 -0.1970 111 216 214
0.0776 -0.2094 -0.1767 156 219 231
0.0316 -0.2783 -0.2029 75 211 227
0.0472 -0.2792 -0.2022 152 204 229
0.0476 -0.2852 -0.2024 74 208 227
0.0627 -0.2849 -0.2023 151 205 228
0.0649 -0.2729 -0.2006 77 207 225
0.0338 -0.2781 -0.2095 81 210 222
0.0642 -0.2189 -0.2087 118 215 213
0.0328 -0.2178 -0.1817 85 223 237
0.0574 -0.3093 -0.1955 124 215 216
0.0722 -0.2985 -0.1940 99 234 231
0.0729 -0.2867 -0.1860 116 199 252
0.0021 -0.6378 0.1389 48 191 246
0.0069 -0.6026 0.1435 127 201 242
0.0107 -0.5999 0.1436 59 179 244
0.0115 -0.6004 0.1310 51 207 233
0.0366 -0.4555 -0.0732 124 203 221
0.0019 -0.6394 0.1384 89 193 255
0.0017 -0.6400 0.1387 91 201 221
0.0456 -0.5127 -0.0554 125 182 235
0.0479 -0.4340 -0.0742 82 229 235
0.0496 -0.4341 -0.0858 83 229 236
0.0507 -0.4308 -0.1239 80 224 245
0.0507 -0.4308 -0.1239 80 224 245
0.0703 -0.5741 -0.2078 63 179 233
0.0794 -0.5727 -0.2077 121 182 234
0.0541 -0.5808 -0.2074 58 182 233
0.0642 -0.5803 -0.2075 121 182 234
0.0382 -0.5760 -0.2086 61 179 236
0.0462 -0.5771 -0.2085 113 175 236
0.0664 -0.5496 -0.2020 52 194 237
0.0755 -0.5482 -0.1958 125 202 249
0.0540 -0.5534 -0.2021 52 201 236
0.0658 -0.5533 -0.2019 131 199 237
0.0423 -0.5492 -0.1968 55 204 246
0.0520 -0.5510 -0.2025 131 195 238
0.0398 -0.5575 -0.2036 52 205 235
0.0508 -0.5581 -0.2031 130 195 237
0.0537 -0.5619 -0.2026 51 200 235
0.0654 -0.5620 -0.2025 130 199 236
0.0673 -0.5555 -0.2024 52 196 235
0.0788 -0.5549 -0.2028 130 204 236
0.0767 -0.5548 -0.2087 127 205 230
0.0557 -0.5622 -0.2086 54 200 230
0.0639 -0.5621 -0.2086 126 199 230
0.0410 -0.5574 -0.2094 57 204 228
0.0493 -0.5582 -0.2089 126 194 229
0.0750 -0.5431 -0.2108 129 199 230
0.0564 -0.5205 -0.2109 74 205 221
0.0424 -0.5746 -0.2119 88 190 220
0.0662 -0.5189 -0.1898 105 199 255
0.0747 -0.5710 -0.2113 91 191 220
0.0647 -0.5035 -0.2032 112 221 225
0.0594 -0.5681 -0.1912 90 193 255
0.0217 -0.4921 -0.0007 114 185 252
0.0456 -0.5127 -0.0554 125 182 235
0.0296 -0.1767 -0.0239 160 215 228
0.0366 -0.4555 -0.0732 124 203 221
0.0324 -0.3288 -0.1114 70 208 232
-0.0206 -0.1836 -0.0432 110 213 212
0.0269 -0.2161 -0.0473 133 220 215
0.0375 -0.2192 -0.1417 79 215 231
0.0136 -0.2491 -0.2041 81 200 223
0.0247 -0.2550 -0.2020 127 179 229
0.0551 -0.1833 -0.1176 117 197 213
0.0262 -0.5288 -0.2099 74 213 223
0.0263 -0.5343 -0.2101 75 187 223
0.0301 -0.5371 -0.2071 92 171 235
0.0406 -0.5320 -0.2054 87 171 235
0.0743 -0.4778 -0.1486 114 218 252
0.0143 0.0821 -0.0903 182 218 224
0.0140 -0.0630 -0.0352 159 214 243
0.0097 -0.5030 0.1199 97 220 253
0.0037 -0.5418 0.1544 70 203 255
-0.0008 -0.6386 0.1233 49 208 247
0.0003 -0.6377 0.1234 95 217 254
-0.0109 -0.5978 0.1268 66 223 242
-0.0081 -0.5889 0.1279 118 218 236
-0.0110 -0.5961 0.1269 58 178 240
-0.0077 -0.6185 0.1249 113 210 252
-0.0076 -0.6220 0.1275 119 212 247
-0.0052 -0.6321 0.1239 103 215 254
-0.0062 -0.6273 0.1243 116 213 248
-0.0066 -0.6298 0.1287 108 201 255
-0.0049 -0.6368 0.1285 108 204 255
-0.0081 -0.6224 0.1289 106 203 255
-0.0085 -0.5896 0.1303 108 207 255
-0.0082 -0.5983 0.1268 119 217 240
-0.0085 -0.5992 0.1302 104 203 255
-0.0080 -0.6136 0.1257 117 218 240
-0.0085 -0.6071 0.1295 106 203 255
-0.0084 -0.6068 0.1260 118 217 240
-0.0080 -0.6136 0.1257 117 218 240
-0.0082 -0.6138 0.1289 105 207 255
-0.0047 -0.6373 0.1336 119 197 230
-0.0047 -0.6373 0.1336 119 197 230
-0.0058 -0.6335 0.1303 112 219 235
-0.0060 -0.6320 0.1336 112 217 233
-0.0075 -0.6280 0.1308 114 218 236
-0.0076 -0.6264 0.1336 110 218 232
-0.0084 -0.6228 0.1317 117 216 238
-0.0084 -0.6219 0.1337 113 217 232
-0.0088 -0.6180 0.1316 117 216 235
-0.0088 -0.6164 0.1339 111 215 229
-0.0034 -0.6429 0.1336 71 223 232
-0.0085 -0.6041 0.1316 113 176 236
-0.0089 -0.5983 0.1348 117 216 246
-0.0083 -0.6127 0.1339 114 220 243
-0.0085 -0.6058 0.1341 119 217 241
-0.0088 -0.6063 0.1308 113 200 224
-0.0086 -0.6127 0.1306 109 201 223
-0.0091 -0.5977 0.1309 101 200 221
-0.0091 -0.6182 0.1299 115 209 228
-0.0086 -0.6228 0.1298 117 210 231
-0.0078 -0.6282 0.1296 107 204 224
-0.0078 -0.6282 0.1296 107 204 224
-0.0061 -0.6339 0.1291 110 204 225
-0.0061 -0.6339 0.1291 110 204 225
-0.0049 -0.6392 0.1284 115 216 237
-0.0085 -0.6011 0.1345 127 198 242
-0.0086 -0.6055 0.1319 119 216 237
-0.0079 -0.6145 0.1338 126 198 240
-0.0109 -0.6144 0.1339 46 199 240
-0.0092 -0.5902 0.1325 100 205 221
-0.0122 -0.5929 0.1369 48 195 239
-0.0087 -0.5905 0.1374 115 220 242
-0.0086 -0.6334 0.1301 123 206 239
-0.0110 -0.6201 0.1276 120 202 250
-0.0141 -0.5896 0.1326 128 199 243
-0.0093 -0.5596 0.1341 129 193 234
-0.0091 -0.5621 0.1255 108 203 255
-0.0111 -0.5631 0.1294 130 194 238
-0.0111 -0.5631 0.1294 130 194 238
-0.0054 -0.5293 0.0939 131 209 242
-0.0014 -0.5300 0.0948 93 226 248
-0.0014 -0.6432 0.1235 84 209 255
-0.0014 -0.6432 0.1247 84 174 253
-0.0133 -0.5958 0.1335 58 198 226
-0.0075 -0.5960 0.1335 115 201 225
-0.0066 -0.5975 0.1290 112 198 255
-0.0089 -0.6104 0.1339 54 184 233
-0.0023 -0.6444 0.1336 52 189 230
-0.0078 -0.6270 0.1336 53 180 243
-0.0034 -0.6386 0.1232 99 171 235
-0.0061 -0.6308 0.1240 49 210 244
-0.0045 -0.6368 0.1233 45 197 242
-0.0108 -0.5849 0.1557 93 176 252
-0.0015 -0.6289 0.1260 85 194 220
-0.0014 -0.5796 0.1283 89 213 255
-0.0198 -0.4459 0.1932 72 208 250
-0.0057 -0.6438 0.1294 122 207 239
-0.0449 -0.5752 -0.2094 97 171 244
-0.0424 -0.5739 -0.2083 92 170 244
-0.0621 -0.5804 -0.2082 88 169 242
-0.0337 -0.5343 -0.2016 97 179 224
-0.0275 -0.5368 -0.2067 95 204 218
-0.0215 -0.5440 -0.2079 115 187 224
-0.0551 -0.4142 -0.1167 105 186 252
-0.0790 -0.4451 -0.1205 137 213 235
-0.0582 -0.1676 -0.0893 124 230 245
-0.0020 -0.6443 0.1336 121 208 240
-0.0123 -0.5077 0.1286 100 209 219
-0.0164 -0.5149 0.1365 55 200 242
-0.4674 -0.5368 0.1919 79 188 221
-0.2839 -0.5053 0.1256 94 230 232
-0.0417 -0.3054 -0.2063 114 179 242
-0.0376 -0.3060 -0.2075 119 178 239
-0.0340 -0.3038 -0.2066 116 180 243
-0.0569 -0.3134 -0.2057 107 176 238
-0.0123 -0.2694 -0.2076 127 189 219
-0.0170 -0.1835 0.0152 99 220 246
-0.0703 -0.3049 -0.2046 139 186 227
-0.0703 -0.3049 -0.2046 139 186 227
-0.0510 -0.3144 -0.2049 141 188 228
-0.0319 -0.3071 -0.2064 138 184 230
-0.0444 -0.3091 -0.2060 90 181 230
-0.0513 -0.2697 -0.2004 153 210 229
-0.0666 -0.2684 -0.1999 75 206 230
-0.0366 -0.2626 -0.2008 153 212 229
-0.0516 -0.2659 -0.2001 75 204 230
-0.0525 -0.2500 -0.1978 122 237 234
-0.0682 -0.2477 -0.1970 121 216 213
-0.0804 -0.2094 -0.1767 81 219 231
-0.0344 -0.2783 -0.2029 151 211 227
-0.0501 -0.2792 -0.2022 74 204 230
-0.0505 -0.2852 -0.2024 151 208 227
-0.0656 -0.2849 -0.2023 74 205 228
-0.0678 -0.2729 -0.2006 150 207 225
-0.0367 -0.2781 -0.2094 146 210 222
-0.0671 -0.2189 -0.2087 118 215 213
-0.0356 -0.2178 -0.1817 151 223 237
-0.0758 -0.2867 -0.1860 109 199 252
-0.0050 -0.6378 0.1389 121 191 246
-0.0097 -0.6026 0.1435 48 201 242
-0.0136 -0.5999 0.1436 116 179 244
-0.0014 -0.5954 0.1134 88 197 219
-0.0014 -0.6126 0.1147 87 196 220
-0.0032 -0.5665 0.1122 66 195 223
-0.0048 -0.5663 0.1137 51 199 235
-0.0033 -0.5611 0.1110 65 193 224
-0.0071 -0.5480 0.1098 56 189 233
-0.0051 -0.5806 0.1140 70 200 221
-0.0406 -0.4203 -0.0679 69 206 225
-0.0403 -0.4223 -0.0683 67 206 226
-0.0395 -0.4555 -0.0732 74 203 221
-0.0426 -0.4312 -0.0683 72 211 223
-0.0048 -0.6394 0.1384 79 193 255
-0.0046 -0.6400 0.1387 77 201 221
-0.0485 -0.5127 -0.0554 64 182 235
-0.0508 -0.4340 -0.0742 120 229 235
-0.0525 -0.4341 -0.0858 119 229 236
-0.0398 -0.3070 -0.0335 76 215 226
-0.0536 -0.4308 -0.1239 122 224 245
-0.0536 -0.4308 -0.1239 122 224 245
-0.0732 -0.5741 -0.2078 117 179 233
-0.0822 -0.5727 -0.2077 58 182 234
-0.0570 -0.5808 -0.2074 120 182 233
-0.0671 -0.5803 -0.2075 57 182 234
-0.0411 -0.5760 -0.2086 118 179 236
-0.0490 -0.5771 -0.2085 66 175 236
-0.0693 -0.5496 -0.2020 131 194 237
-0.0784 -0.5482 -0.1958 58 202 249
-0.0569 -0.5534 -0.2021 131 201 236
-0.0687 -0.5533 -0.2019 51 199 237
-0.0452 -0.5492 -0.1968 128 204 246
-0.0548 -0.5510 -0.2025 52 195 238
-0.0426 -0.5575 -0.2036 130 205 235
-0.0537 -0.5581 -0.2031 51 195 237
-0.0565 -0.5619 -0.2026 130 200 235
-0.0682 -0.5620 -0.2025 51 199 236
-0.0702 -0.5555 -0.2024 130 196 235
-0.0817 -0.5549 -0.2028 52 204 236
-0.0796 -0.5548 -0.2087 56 205 230
-0.0586 -0.5622 -0.2086 127 200 230
-0.0667 -0.5621 -0.2086 55 199 230
-0.0439 -0.5574 -0.2094 125 204 228
-0.0522 -0.5582 -0.2089 56 194 229
-0.0779 -0.5431 -0.2108 55 199 230
-0.0592 -0.5205 -0.2109 114 205 221
-0.0453 -0.5746 -0.2119 91 190 220
-0.0691 -0.5189 -0.1898 83 199 255
-0.0776 -0.5710 -0.2113 89 191 220
-0.0676 -0.5035 -0.2032 78 221 225
-0.0623 -0.5681 -0.1912 90 193 255
-0.0485 -0.5127 -0.0554 64 182 235
-0.0325 -0.1767 -0.0239 83 215 228
-0.0313 -0.2890 -0.0391 76 219 234
-0.0395 -0.4555 -0.0732 74 203 221
-0.0317 -0.2899 -0.0392 107 223 250
-0.0353 -0.3288 -0.1114 149 208 232
-0.0404 -0.2192 -0.1417 157 215 231
-0.0165 -0.2491 -0.2040 150 200 223
-0.0275 -0.2550 -0.2020 104 179 229
-0.0580 -0.1833 -0.1176 125 197 213
-0.0291 -0.5288 -0.2099 112 213 223
-0.0292 -0.5343 -0.2101 111 187 223
-0.0330 -0.5371 -0.2071 93 171 235
-0.0435 -0.5320 -0.2054 99 171 235
-0.0772 -0.4778 -0.1486 81 218 252
-0.0095 0.4575 -0.1621 141 236 228
-0.0066 -0.5418 0.1544 114 203 255
-0.0014 -0.5954 0.1134 88 197 219
-0.0014 -0.6126 0.1147 87 196 220
-0.0027 -0.5803 0.1130 59 193 226
-0.0014 -0.5803 0.1126 89 198 219
-0.0014 -0.5846 0.1128 89 179 224
-0.0021 -0.6386 0.1233 120 208 247
-0.0032 -0.6377 0.1234 74 217 254
-0.0014 -0.5676 0.1261 90 203 255
-0.0014 -0.5283 0.0931 93 171 234
-0.0005 -0.6444 0.1336 116 189 230
-0.0014 -0.6302 0.1221 83 200 220
0.0420 -0.5752 -0.2094 82 171 244
0.0395 -0.5739 -0.2083 87 170 244
0.0592 -0.5804 -0.2082 90 169 242
0.0753 -0.5727 -0.2087 97 170 242
0.0308 -0.5343 -0.2016 88 179 224
0.0083 -0.5195 0.1452 95 215 255
0.0094 -0.5077 0.1286 90 230 234
0.0094 -0.5077 0.1286 90 230 234
0.0093 -0.4993 0.1014 95 208 218
0.0097 -0.5030 0.1199 97 220 253
0.2813 -0.5060 0.1248 96 230 232
0.2753 -0.5119 0.1289 73 189 253
0.0062 -0.5393 0.1555 98 198 255
0.0106 -0.5069 0.1552 91 214 220
0.0038 -0.5317 0.1504 55 207 241
0.0077 -0.5222 0.1478 92 214 220
0.0388 -0.3054 -0.2063 108 179 242
0.0347 -0.3060 -0.2075 103 178 239
0.0311 -0.3038 -0.2066 107 180 243
0.0740 -0.3026 -0.2052 125 178 236
0.0223 -0.2492 -0.1947 144 223 223
0.0540 -0.3158 -0.2069 113 176 232
0.0039 -0.5719 0.1535 118 192 252
0.0039 -0.5807 0.1557 123 210 246
0.0743 -0.5694 -0.2022 81 225 230
0.0201 -0.2474 -0.1938 138 232 229
0.0271 -0.5344 -0.2057 69 183 227
0.0763 -0.4770 -0.1497 114 214 253
0.0151 0.1921 -0.1281 191 220 222
0.0170 -0.0282 -0.0477 173 217 227
0.0135 -0.5149 0.1365 117 220 248
0.0062 -0.5017 0.1033 67 222 240
0.0131 -0.5043 0.1099 110 228 242
0.0140 -0.5047 0.0887 109 229 240
0.0091 -0.4980 0.0949 96 230 241
0.0106 -0.5359 0.1514 106 211 255
-0.0109 -0.6243 0.1331 125 204 239
-0.0120 -0.6148 0.1324 126 200 239
-0.0122 -0.6094 0.1336 127 199 239
-0.0063 -0.6385 0.1263 109 204 255
-0.0014 -0.6389 0.1246 84 184 255
-0.0014 -0.6420 0.1242 84 213 255
-0.0782 -0.5727 -0.2087 83 170 242
-0.0077 0.4616 -0.1609 153 239 233
-0.0170 0.2044 -0.1298 114 221 218
-0.0189 0.1765 -0.1256 110 215 223
-0.0112 -0.5195 0.1452 93 215 255
-0.0141 -0.5180 0.1415 65 208 251
-0.0084 -0.5134 0.1323 131 209 233
-0.0123 -0.5077 0.1286 100 209 219
-0.0121 -0.4993 0.1014 95 226 227
-0.0158 -0.5022 0.1042 72 225 241
-0.0146 -0.4837 0.0759 93 203 217
-0.0169 -0.5031 0.0845 56 205 238
-0.0166 -0.5016 0.0806 56 203 234
-0.0091 -0.5393 0.1555 86 198 255
-0.0121 -0.5384 0.1530 63 194 251
-0.0135 -0.5069 0.1552 99 214 220
-0.2779 -0.5114 0.1296 116 189 253
-0.0769 -0.3026 -0.2052 98 178 236
-0.0252 -0.2492 -0.1947 87 223 223
-0.0603 -0.3093 -0.1955 98 215 216
-0.0750 -0.2985 -0.1940 124 234 231
-0.0569 -0.3158 -0.2069 107 176 232
-0.0143 -0.6004 0.1310 123 207 233
-0.0070 -0.5724 0.1534 71 201 255
-0.0771 -0.5694 -0.2022 99 225 230
-0.0229 -0.2474 -0.1938 93 232 229
-0.0300 -0.5344 -0.2057 117 183 227
-0.0792 -0.4770 -0.1497 80 214 253
-0.0058 0.4577 -0.1599 183 233 237
-0.0172 0.0821 -0.0903 102 218 224
-0.0169 -0.0630 -0.0352 102 214 243
-0.0158 -0.5022 0.1042 72 225 241
-0.0061 -0.5053 0.1091 131 189 234
-0.0093 -0.5049 0.1170 126 218 244
-0.0125 -0.5030 0.1199 92 227 247
-0.0119 -0.4980 0.0949 95 230 241
-0.0076 -0.5002 0.0916 128 217 242
-0.0134 -0.5359 0.1514 79 211 255
0.0221 -0.3020 -0.0784 74 207 226
-0.0359 -0.3881 -0.0636 65 207 232
-0.0550 -0.4879 -0.1857 132 208 229
-0.0550 -0.4879 -0.1857 132 208 229
0.0769 -0.4746 -0.1516 109 212 255
0.0729 -0.4651 -0.1376 67 191 247
-0.0588 -0.1928 -0.1112 120 227 247
-0.0546 -0.1875 -0.1147 119 223 249
-0.0583 -0.1776 -0.1066 131 235 222
-0.0798 -0.4746 -0.1516 86 212 255
0.0551 -0.1833 -0.1176 117 197 213
0.0551 -0.1833 -0.1176 117 197 213
0.0518 -0.1875 -0.1147 122 223 249
0.0559 -0.1928 -0.1112 120 227 247
0.0523 -0.4189 -0.1201 93 186 252
0.0743 -0.4778 -0.1486 114 218 252
0.0708 -0.4755 -0.1491 119 208 253
-0.0580 -0.1833 -0.1176 125 197 213
-0.0580 -0.1833 -0.1176 125 197 213
-0.0586 -0.4262 -0.1371 115 227 246
-0.0555 -0.4231 -0.1232 113 186 251
-0.0772 -0.4778 -0.1486 81 218 252
-0.0759 -0.4624 -0.1372 136 211 234
-0.0014 0.6053 -0.1720 184 237 196
-0.0072 0.3361 -0.1501 178 230 238
-0.0108 -0.0277 -0.0471 150 228 243
-0.0001 0.5766 -0.1567 144 237 220
0.0080 0.5206 -0.1570 190 220 235
0.0116 0.4473 -0.1616 209 227 212
0.0048 0.4616 -0.1609 192 239 233
0.0140 0.4873 -0.1368 162 247 205
0.0144 0.3169 -0.1515 200 219 218
0.0103 0.3477 -0.1507 163 249 211
0.0103 0.3477 -0.1507 163 249 211
0.0160 0.1765 -0.1256 189 215 223
0.0120 0.2121 -0.1296 176 237 234
0.0178 0.2306 -0.1084 154 242 210
0.0141 0.2044 -0.1298 191 221 221
0.0120 0.2121 -0.1296 176 237 234
0.0160 0.0622 -0.0845 180 212 226
0.0124 0.0928 -0.0924 167 234 236
0.0124 0.0928 -0.0924 167 234 236
0.0193 -0.0465 -0.0418 171 208 227
0.0147 -0.0189 -0.0500 156 234 237
0.0147 -0.0189 -0.0500 156 234 237
0.0067 0.4575 -0.1621 204 236 228
0.0044 0.3361 -0.1501 147 230 238
0.0061 -0.0623 -0.0317 120 219 247
-0.0145 0.4473 -0.1616 135 227 210
-0.0115 0.3906 -0.1533 153 224 238
-0.0131 0.3477 -0.1507 147 233 237
-0.0189 0.0622 -0.0845 101 212 223
-0.0110 0.0120 -0.0621 126 224 245
-0.0172 0.0821 -0.0903 102 218 224
-0.0127 -0.0727 -0.0283 115 220 247
-0.0169 -0.0630 -0.0352 102 214 243
-0.0222 -0.0465 -0.0418 93 208 231
-0.0176 -0.0189 -0.0500 112 234 237
-0.0028 0.5766 -0.1567 219 237 220
-0.0133 0.5727 -0.1592 161 235 200
-0.0086 0.2049 -0.1284 165 230 241
-0.0088 0.0826 -0.0892 159 230 241
-0.0014 -0.4388 0.0271 100 196 255
-0.0160 -0.4873 0.0060 91 188 255
0.0131 -0.4873 0.0060 102 188 255
-0.0411 -0.4926 -0.0750 84 198 218
0.1903 -0.1398 -0.0250 140 207 212
0.5118 0.0735 0.1519 123 242 229
0.5231 0.0587 0.1571 164 219 242
0.4155 -0.3181 0.1696 127 193 250
0.3899 -0.3411 0.1652 113 187 250
0.3073 -0.4636 0.1259 91 217 254
0.1579 -0.4471 0.0545 112 184 222
0.2574 -0.4700 0.1025 111 221 223
0.5748 -0.3805 0.1447 100 210 255
0.5936 -0.3809 0.1365 92 223 221
0.5028 0.0543 0.1588 109 225 237
0.3694 -0.3121 0.1495 87 225 243
0.1940 -0.3917 0.0723 85 218 250
0.1692 -0.4053 0.0639 84 217 251
0.0886 -0.4114 0.0409 105 227 248
0.1604 -0.3536 0.0648 103 200 254
0.1494 -0.3652 0.0609 113 191 252
0.4388 -0.2174 0.1607 101 215 214
0.1971 -0.3934 0.0538 109 223 220
0.1960 -0.1481 -0.0196 155 212 218
0.1707 -0.3448 0.0511 123 180 226
0.0840 -0.3822 0.0266 135 185 233
0.1458 -0.3644 0.0465 124 183 224
0.1875 -0.1397 -0.0260 139 207 212
0.1844 -0.1411 -0.0271 137 206 212
0.1960 -0.1481 -0.0196 151 228 238
0.5203 0.0728 0.1530 161 237 235
-0.5188 0.0747 0.1604 131 215 207
-0.5104 0.0754 0.1592 139 216 206
-0.5103 -0.1295 0.1903 120 211 250
-0.4713 -0.2326 0.1854 107 202 251
-0.4166 -0.3170 0.1729 94 193 250
-0.3912 -0.3401 0.1681 104 187 250
-0.4951 -0.1258 0.1773 91 204 221
-0.5135 -0.0182 0.1670 107 210 213
-0.4539 -0.2375 0.1753 80 195 233
-0.2599 -0.4693 0.1035 85 222 223
-0.2089 -0.4310 0.0685 82 186 223
-0.2023 -0.1756 0.0059 104 224 246
-0.1796 -0.3439 0.0661 100 200 254
-0.1534 -0.3650 0.0630 103 193 253
-0.1801 -0.3984 0.0493 102 222 220
-0.2055 -0.1716 -0.0019 84 211 224
-0.0742 -0.4096 0.0288 70 186 235
-0.0863 -0.3822 0.0272 75 185 232
-0.2621 -0.3740 0.0862 121 232 233
-0.1143 -0.3810 0.0431 114 190 252
-0.1970 -0.1467 -0.0160 97 228 238
-0.2055 -0.1716 -0.0019 94 224 242
-0.1961 -0.2383 0.0251 154 214 238
-0.1730 -0.2965 0.0451 137 223 244
-0.1885 -0.1384 -0.0223 110 207 212
-0.1854 -0.1397 -0.0235 111 206 212
-0.1556 -0.3175 0.0430 118 218 216
-0.1913 -0.1385 -0.0213 120 237 239
0.0103 -0.6002 0.1296 48 200 244
0.0081 -0.6201 0.1276 47 202 245
0.0095 -0.6094 0.1285 48 201 245
0.0048 -0.6371 0.1297 46 205 239
0.0057 -0.6334 0.1301 46 206 239
0.0081 -0.6243 0.1331 48 204 235
0.0088 -0.6193 0.1327 46 201 238
0.0093 -0.6119 0.1330 47 199 239
0.0092 -0.6148 0.1324 46 200 239
0.0108 -0.5942 0.1305 50 197 246
0.0010 -0.6430 0.1260 67 207 255
0.0059 -0.6303 0.1268 53 203 251
0.0111 -0.5961 0.1323 49 199 234
0.0113 -0.5925 0.1331 48 201 240
0.0113 -0.5896 0.1326 49 201 242
0.0112 -0.5735 0.1520 107 209 222
0.0028 -0.6438 0.1294 46 207 240
0.0022 -0.6455 0.1296 48 210 238
0.0034 -0.6422 0.1293 46 207 239
0.0107 0.5491 -0.1597 219 227 215
0.0140 -0.5047 0.0887 135 205 239
0.0141 -0.5031 0.0845 135 205 238
0.0137 -0.5016 0.0806 135 203 234
0.0123 -0.5002 0.0776 131 204 229
0.0105 -0.4988 0.0748 101 208 218
0.0105 -0.4988 0.0748 101 208 218
0.0085 -0.4994 0.0769 65 207 226
0.0066 -0.4999 0.0796 60 207 229
0.0049 -0.5005 0.0836 59 208 231
0.0032 -0.5011 0.0883 58 211 239
0.0109 -0.4993 0.0955 125 215 248
0.0133 -0.5027 0.0923 133 208 241
0.0047 -0.5002 0.0916 63 215 244
0.0077 -0.4986 0.0949 72 218 249
0.0009 -0.5558 0.1094 116 188 225
0.0024 -0.5549 0.1109 131 196 239
0.0019 -0.5606 0.1127 130 198 237
0.0078 0.1170 -0.1311 178 212 214
0.0083 0.0602 -0.1120 175 210 217
-0.0014 0.0602 -0.1148 140 206 207
0.0034 -0.5717 0.1150 92 200 219
0.0024 -0.5549 0.1109 131 196 239
0.0014 -0.5511 0.1062 117 183 228
-0.0138 -0.0800 -0.0639 93 208 221
-0.0134 -0.0436 -0.0755 96 209 220
-0.0014 -0.0445 -0.0799 132 203 209
0.0330 -0.3881 -0.0636 144 207 232
0.0297 -0.2913 -0.0381 140 210 219
0.0288 -0.2899 -0.0392 117 223 250
0.0191 -0.2820 -0.0547 143 209 220
0.0225 -0.2773 -0.0490 150 218 231
-0.0086 0.3798 -0.1776 160 221 200
-0.0081 0.4159 -0.1790 160 223 200
0.0179 -0.2605 -0.0564 89 200 218
-0.0124 -0.6094 0.1285 125 201 245
-0.0110 -0.6201 0.1276 124 202 245
-0.0076 -0.6371 0.1297 123 205 239
-0.0098 -0.6291 0.1316 123 206 237
-0.0109 -0.6243 0.1331 123 204 235
-0.0120 -0.6148 0.1324 126 200 239
-0.0126 -0.6032 0.1337 127 202 237
-0.0132 -0.5998 0.1330 126 203 236
-0.0140 -0.5961 0.1323 127 203 236
-0.0122 -0.6094 0.1336 127 199 239
-0.0123 -0.6065 0.1339 127 200 238
-0.0088 -0.6303 0.1268 117 203 251
-0.0142 -0.5925 0.1331 128 201 240
-0.0141 -0.5896 0.1326 128 201 242
-0.0063 -0.6385 0.1263 120 208 247
-0.0130 -0.5851 0.1552 79 175 250
-0.0051 -0.6455 0.1296 120 210 238
-0.0069 -0.6401 0.1293 123 206 239
-0.0147 0.2956 -0.1480 120 217 220
-0.0123 0.2769 -0.1445 118 216 221
-0.0109 -0.5041 0.1189 125 209 250
-0.0093 -0.5049 0.1170 129 209 247
-0.0077 -0.5052 0.1135 131 208 245
-0.0061 -0.5053 0.1091 134 208 239
-0.0061 -0.5011 0.0883 133 211 239
-0.0077 -0.5005 0.0836 132 208 231
-0.0095 -0.5000 0.0796 131 207 229
-0.0114 -0.4994 0.0769 127 207 226
-0.0134 -0.4988 0.0748 90 208 218
-0.0061 -0.5391 0.1535 127 203 248
-0.0083 -0.5271 0.1491 131 210 235
-0.0368 -0.3849 -0.0617 93 211 217
-0.0014 0.4459 -0.1820 171 224 199
-0.0014 0.3789 -0.1796 166 221 200
-0.0064 0.4455 -0.1809 138 225 207
-0.0145 -0.0434 -0.0745 119 204 210
-0.0147 -0.0696 -0.0662 117 203 211
-0.0014 -0.0842 -0.0680 129 203 210
-0.0145 -0.1084 -0.0557 89 209 223
-0.0212 -0.2030 -0.0473 84 214 222
0.0040 -0.6401 0.1293 46 205 241
0.0069 -0.6291 0.1316 47 206 239
0.0094 -0.6065 0.1339 47 201 238
0.0097 -0.6032 0.1337 49 203 235
0.0104 -0.5998 0.1330 51 202 232
0.0056 -0.5835 0.1560 68 183 253
0.0039 -0.5807 0.1557 58 192 251
0.0098 -0.5189 0.1434 125 201 250
0.0112 -0.5180 0.1415 128 201 249
0.0124 -0.5165 0.1391 130 200 247
0.0131 -0.5132 0.1341 133 200 233
0.0123 -0.5115 0.1319 131 202 230
0.0131 -0.5043 0.1099 135 204 240
0.0133 -0.5033 0.1068 134 207 237
0.0114 -0.5008 0.1025 129 207 228
0.0062 -0.5017 0.1033 61 209 229
0.0047 -0.5034 0.1059 58 209 232
0.0032 -0.5053 0.1091 57 208 239
0.0107 -0.5037 0.1190 128 206 249
0.0116 -0.5042 0.1174 132 205 245
0.0124 -0.5044 0.1140 134 203 242
0.0100 -0.5373 0.1521 126 195 249
0.0054 -0.5271 0.1491 56 210 235
0.0119 -0.5846 0.1544 103 214 255
0.0102 -0.5851 0.1552 98 218 254
0.0127 -0.5838 0.1534 110 211 254
0.0126 -0.5777 0.1520 112 204 255
0.0128 -0.5819 0.1525 112 205 255
0.0041 -0.5724 0.1534 108 201 255
0.0076 -0.5717 0.1525 99 203 255
0.0079 -0.5849 0.1557 105 222 249
0.0031 -0.5762 0.1546 121 205 251
0.0041 -0.5724 0.1534 108 201 255
0.0090 0.1171 -0.1303 153 208 206
0.0093 0.0823 -0.1186 152 206 207
0.0116 0.4473 -0.1616 206 226 209
0.0120 0.4229 -0.1597 209 224 217
0.0089 0.4529 -0.1620 172 226 238
0.0080 0.5206 -0.1570 197 224 234
0.0144 0.3169 -0.1515 197 221 213
0.0134 0.3269 -0.1515 197 224 230
0.0160 0.1765 -0.1256 181 214 212
0.0134 0.1567 -0.1191 167 224 241
0.0094 0.2769 -0.1445 170 225 241
0.0160 0.0622 -0.0845 178 213 220
0.0152 0.0729 -0.0877 181 217 226
0.0115 0.0309 -0.0724 149 224 245
0.0112 -0.5180 0.1415 118 214 251
0.0133 -0.5033 0.1068 118 225 241
0.0047 -0.5034 0.1059 61 216 238
0.0048 -0.5052 0.1135 59 212 242
0.0116 -0.5042 0.1174 123 221 242
0.0110 -0.5097 0.1301 118 223 245
0.0123 -0.5002 0.0776 123 223 237
0.0085 -0.4994 0.0769 74 226 234
0.0133 -0.5027 0.0923 124 222 235
0.0124 -0.5008 0.0949 126 221 237
0.0093 -0.4993 0.1014 97 230 241
0.0077 -0.5004 0.1021 74 226 241
0.0047 -0.5002 0.0916 63 217 242
0.0092 -0.5384 0.1530 107 212 255
0.0078 -0.5390 0.1542 113 211 254
0.0032 -0.5355 0.1519 55 207 244
0.0077 -0.5222 0.1478 92 220 253
0.0085 -0.5262 0.1486 121 209 251
0.0103 -0.5253 0.1463 117 212 252
0.0092 -0.5300 0.1494 113 211 254
0.0099 -0.5331 0.1504 108 212 255
-0.0039 -0.6430 0.1260 110 217 248
-0.0086 -0.6334 0.1301 123 206 242
-0.0117 -0.6193 0.1327 126 201 238
-0.0121 -0.6119 0.1330 127 199 239
-0.0132 -0.6002 0.1296 117 196 253
-0.0136 -0.5942 0.1305 126 197 246
-0.0060 -0.5762 0.1546 126 202 247
-0.0070 -0.5724 0.1534 123 215 236
-0.0043 -0.6468 0.1299 109 220 239
-0.0063 -0.6422 0.1293 122 207 240
-0.0057 -0.6438 0.1294 122 207 240
-0.0149 0.2121 -0.1296 147 241 210
-0.0153 -0.5165 0.1391 58 200 247
-0.0071 -0.5159 0.1347 132 209 235
-0.0160 -0.5043 0.1099 56 204 240
-0.0075 -0.5034 0.1059 132 209 232
-0.0090 -0.5017 0.1033 129 209 228
-0.0106 -0.5004 0.1021 123 209 224
-0.0134 -0.4988 0.0748 90 208 218
-0.0152 -0.5002 0.0776 60 204 229
-0.0168 -0.5047 0.0887 56 205 239
-0.0162 -0.5027 0.0923 57 208 241
-0.0138 -0.4993 0.0955 67 215 248
-0.0106 -0.4986 0.0949 119 218 249
-0.0076 -0.5002 0.0916 128 215 244
-0.0129 -0.5373 0.1521 59 195 249
-0.0114 -0.5262 0.1486 59 202 228
-0.0121 -0.5300 0.1494 58 202 229
-0.0128 -0.5331 0.1504 57 202 229
-0.0148 -0.5846 0.1544 74 214 255
-0.0155 -0.5838 0.1534 68 211 254
-0.0104 -0.5717 0.1525 81 203 255
-0.0085 -0.5835 0.1560 61 218 246
-0.0108 -0.5849 0.1557 72 222 249
-0.0136 0.5491 -0.1597 148 229 204
-0.0149 0.4229 -0.1597 130 224 217
-0.0040 0.4229 -0.1562 165 226 239
-0.0173 0.3169 -0.1515 125 221 213
-0.0163 0.1567 -0.1191 129 224 241
-0.0189 0.1765 -0.1256 118 214 212
-0.0180 0.1921 -0.1281 111 220 222
-0.0170 0.2044 -0.1298 112 221 225
-0.0165 0.0455 -0.0783 123 223 244
-0.0222 -0.0465 -0.0418 94 209 222
-0.0144 0.0309 -0.0724 127 224 245
-0.0211 -0.0366 -0.0451 93 216 229
-0.0061 -0.5182 0.1374 133 206 237
-0.0067 -0.5194 0.1394 126 211 248
-0.0160 -0.5132 0.1341 73 223 246
-0.0162 -0.5033 0.1068 72 225 241
-0.0123 -0.5077 0.1286 97 227 247
-0.0102 -0.5106 0.1303 121 221 244
-0.0084 -0.5134 0.1323 124 219 243
-0.0077 -0.5052 0.1135 131 212 242
-0.0152 -0.5115 0.1319 71 222 245
-0.0151 -0.5073 0.1230 68 221 244
-0.0145 -0.5042 0.1174 67 221 242
-0.0153 -0.5044 0.1140 72 225 241
-0.0137 -0.5067 0.1246 70 221 245
-0.0139 -0.5097 0.1301 71 223 245
-0.0135 -0.5037 0.1190 66 220 243
-0.0169 -0.5031 0.0845 69 223 240
-0.0166 -0.5016 0.0806 66 221 239
-0.0114 -0.4994 0.0769 117 226 234
-0.0162 -0.5027 0.0923 67 222 235
-0.0091 -0.4993 0.0941 124 221 242
-0.0062 -0.5409 0.1540 115 205 254
-0.0121 -0.5384 0.1530 78 212 255
-0.0107 -0.5390 0.1542 71 211 254
-0.0061 -0.5355 0.1519 130 207 244
-0.0106 -0.5222 0.1478 95 220 253
0.0363 -0.3128 -0.0379 144 212 224
-0.0211 -0.2020 -0.0472 84 213 223
-0.0196 -0.1839 -0.0443 83 212 225
0.0106 0.5308 -0.1598 216 223 223
0.0014 -0.6468 0.1299 58 219 236
0.0029 0.4577 -0.1599 134 233 220
0.0057 0.2527 -0.1371 175 210 239
0.0094 0.2769 -0.1445 197 216 221
0.0118 0.2956 -0.1480 199 217 220
0.0151 0.1921 -0.1281 190 219 219
0.0137 0.0455 -0.0783 179 211 228
0.0046 0.0315 -0.0686 105 216 238
0.0103 0.3477 -0.1507 179 224 239
0.0081 0.0120 -0.0621 147 225 245
-0.0014 -0.6479 0.1303 84 227 238
-0.0135 0.5308 -0.1598 140 223 223
-0.0147 0.4036 -0.1576 129 219 222
-0.0163 0.3269 -0.1515 124 225 215
-0.0138 0.1404 -0.1133 108 212 228
-0.0153 0.0928 -0.0924 139 236 211
-0.0194 -0.0553 -0.0385 93 206 234
-0.0078 -0.5429 0.1028 53 199 242
0.1371 -0.4699 0.0600 101 230 244
0.0717 -0.4097 0.0283 136 186 235
0.1185 -0.3658 0.0336 119 177 230
0.1101 -0.3265 0.0242 124 223 220
0.1844 -0.1411 -0.0271 92 226 235
-0.5188 0.0747 0.1604 122 237 236
-0.1624 -0.4547 0.0694 102 189 255
-0.2539 -0.4735 0.1084 114 205 255
-0.4644 -0.1193 0.1800 159 217 241
-0.1205 -0.3661 0.0343 92 178 229
-0.1854 -0.1397 -0.0235 157 226 235
0.0113 -0.5896 0.1326 49 201 242
0.0093 -0.6094 0.1336 47 199 239
0.0034 -0.6385 0.1263 60 204 255
0.0104 0.5727 -0.1592 216 231 207
0.0091 -0.4980 0.0949 93 217 254
0.0124 -0.5008 0.0949 120 223 232
0.0062 -0.4993 0.0941 79 228 236
0.0094 0.0049 -0.0925 171 210 219
-0.0014 0.0050 -0.0963 136 204 208
0.0083 0.0602 -0.1120 175 210 217
0.0230 -0.2758 -0.0488 79 222 233
0.0211 -0.2705 -0.0519 104 191 216
0.0286 -0.2900 -0.0400 147 221 236
0.0284 -0.2890 -0.0391 149 219 234
0.0349 -0.3124 -0.0399 150 203 233
0.0216 -0.2245 -0.0522 98 219 216
-0.0141 -0.5896 0.1326 128 201 242
-0.0086 0.2527 -0.1371 136 210 239
-0.0125 -0.5030 0.1199 95 210 255
-0.0106 -0.5222 0.1478 95 214 220
-0.0077 0.4457 -0.1802 188 224 201
-0.0076 0.4776 -0.1795 166 226 198
-0.0153 -0.1073 -0.0550 112 204 212
-0.0148 -0.0795 -0.0630 89 211 227
-0.0014 0.5158 -0.1802 177 228 197
-0.0063 0.5129 -0.1796 145 227 205
-0.0059 0.5467 -0.1777 147 230 205
-0.0223 -0.2018 -0.0462 119 216 212
-0.0014 -0.6443 0.1259 84 224 249
0.0135 -0.5149 0.1365 134 200 242
0.0129 -0.5022 0.1042 113 226 244
0.0093 -0.4993 0.1014 95 208 218
0.0106 -0.5359 0.1514 131 196 243
0.0077 -0.5222 0.1478 92 214 220
0.0124 0.3357 -0.1514 192 224 234
0.0032 -0.5053 0.1091 59 189 234
0.0038 -0.5317 0.1504 54 207 241
-0.0132 -0.6002 0.1296 117 196 253
-0.0070 -0.5724 0.1534 123 215 236
-0.0121 -0.4993 0.1014 95 226 227
-0.0153 -0.5008 0.0949 71 223 232
-0.0119 -0.4980 0.0949 98 217 254
-0.0091 -0.4993 0.0941 112 228 236
-0.0134 -0.5359 0.1514 54 196 243
-0.0106 -0.5222 0.1478 95 214 220
-0.0068 -0.5807 0.1557 55 210 246
-0.0153 0.3357 -0.1514 133 224 234
-0.0199 -0.0282 -0.0477 95 219 232
-0.0164 -0.5149 0.1365 71 220 248
-0.0160 -0.5043 0.1099 80 228 242
-0.0168 -0.5047 0.0887 81 229 240
-0.0066 -0.5317 0.1504 132 207 241
-0.0355 -0.3250 -0.0456 101 216 216
-0.0149 -0.5422 0.0571 57 187 242
-0.0109 0.5206 -0.1570 164 220 235
-0.0173 0.3169 -0.1515 121 219 218
-0.0095 0.1261 -0.1048 127 211 242
0.0048 0.4616 -0.1609 192 239 233
-0.0133 0.5727 -0.1592 146 231 207
-0.0149 0.2121 -0.1296 147 241 210
-0.0153 0.0928 -0.0924 139 236 211
-0.0015 -0.2294 -0.0622 117 215 213
-0.0015 -0.2434 -0.0655 116 213 213
0.0003 -0.5665 0.1122 114 195 223
0.0019 -0.5663 0.1137 129 199 235
0.0004 -0.5716 0.1129 111 197 222
-0.0014 -0.5566 0.1085 91 186 221
0.0004 -0.5611 0.1110 116 193 224
0.0033 -0.5545 0.1121 107 189 222
-0.0014 -0.5463 0.0816 92 170 241
-0.0014 -0.5509 0.0581 91 170 243
0.0247 -0.5103 -0.0819 99 191 219
-0.0259 -0.2758 -0.0488 147 223 233
-0.0229 -0.2694 -0.0532 125 230 222
-0.0014 -0.5261 -0.0850 93 183 222
-0.0014 -0.5072 -0.0953 95 189 219
-0.0015 -0.2142 -0.0584 118 215 212
-0.0015 -0.1559 -0.0548 123 207 211
-0.0015 -0.1787 -0.0538 121 209 211
0.0194 -0.2018 -0.0462 119 216 212
0.0181 -0.1862 -0.0437 129 215 212
0.0344 -0.4392 -0.0761 115 209 218
0.0338 -0.4518 -0.0784 118 205 219
0.0375 -0.4224 -0.0685 132 210 224
-0.0015 -0.2914 -0.0672 112 206 213
-0.0014 -0.5668 0.1113 90 194 219
0.0179 -0.2605 -0.0564 89 200 218
-0.0014 -0.5483 0.0999 91 172 230
-0.0014 -0.5461 0.0920 92 170 236
0.0037 -0.5450 0.1016 126 185 234
-0.0014 -0.4177 -0.0968 102 212 217
-0.0015 -0.2796 -0.0676 113 206 213
-0.0015 -0.2434 -0.0655 116 213 213
-0.0015 -0.1977 -0.0553 120 213 212
-0.0015 -0.1787 -0.0538 121 209 211
-0.0014 -0.5616 0.1100 91 192 219
-0.0014 -0.5521 0.1055 91 178 224
-0.0014 -0.4826 -0.1022 97 196 218
-0.0014 -0.4574 -0.1048 99 202 217
-0.0014 -0.3880 -0.0867 104 213 216
-0.0014 -0.3506 -0.0762 107 212 215
-0.0014 -0.3215 -0.0698 110 211 214
-0.0015 -0.3032 -0.0675 111 208 214
-0.0014 -0.5543 -0.0443 91 171 233
-0.0014 -0.5402 -0.0720 92 176 226
-0.0014 -0.5570 0.0286 91 170 241
-0.0014 -0.5597 -0.0076 91 170 238
0.0223 -0.5411 -0.0448 132 198 239
0.0189 -0.2412 -0.0559 89 216 219
0.0216 -0.2245 -0.0522 98 219 216
0.0068 0.2442 -0.1618 187 217 211
0.0075 0.1776 -0.1483 182 214 212
-0.0014 0.1776 -0.1499 150 211 204
-0.0184 -0.2675 -0.0579 85 208 219
-0.0015 -0.1238 -0.0587 126 205 210
0.0004 -0.5756 0.1131 110 197 222
-0.0014 -0.5757 0.1124 90 197 219
-0.0014 -0.5717 0.1121 90 196 219
-0.0033 -0.5756 0.1130 69 197 222
-0.0042 -0.5763 0.1139 52 194 233
-0.0050 -0.5716 0.1141 51 198 233
0.0133 -0.5413 0.0571 94 170 241
0.0025 -0.5769 0.1146 87 205 219
0.0087 0.1776 -0.1476 156 211 205
0.0045 0.3794 -0.1783 198 222 208
-0.0014 0.3789 -0.1796 166 221 200
0.0036 0.4455 -0.1809 204 225 207
0.0158 -0.1512 -0.0444 144 207 214
0.0144 -0.1357 -0.0477 143 206 213
0.0217 -0.2235 -0.0518 110 221 214
0.0040 0.5557 -0.1768 179 228 196
0.0070 0.3131 -0.1711 166 218 202
0.0063 0.3510 -0.1748 169 219 201
0.0167 -0.1677 -0.0426 141 209 213
0.0046 0.5123 -0.1789 182 228 197
0.0047 0.4776 -0.1795 181 226 198
0.0080 0.2443 -0.1610 160 215 203
0.0084 0.2059 -0.1533 158 213 204
0.0113 -0.0283 -0.0799 146 204 210
0.0095 0.0603 -0.1111 150 206 208
-0.0014 -0.0445 -0.0799 132 203 209
0.0105 -0.0436 -0.0755 168 209 220
0.0109 -0.0800 -0.0639 166 208 221
0.0119 -0.0795 -0.0630 169 211 227
0.0124 -0.1073 -0.0550 142 204 212
0.0100 -0.5376 0.0814 84 171 239
0.0013 -0.5804 0.1136 84 206 220
0.0044 0.5326 -0.1778 179 228 197
-0.0014 0.5717 -0.1768 181 231 196
-0.0014 0.5898 -0.1750 183 255 217
0.0023 0.5569 -0.1772 209 230 203
-0.0088 -0.5418 0.1034 84 175 228
0.0186 -0.2429 -0.0563 87 214 219
0.0178 -0.2576 -0.0566 88 206 218
-0.0014 -0.5668 0.1113 90 194 219
-0.0033 -0.5716 0.1128 69 197 222
-0.0385 -0.3116 -0.0383 93 215 217
-0.0253 -0.2773 -0.0490 76 217 230
0.0013 -0.5763 0.1139 127 194 233
-0.0001 -0.5803 0.1130 119 193 226
-0.0014 -0.5757 0.1124 90 197 219
-0.0037 -0.5558 0.1095 66 188 225
-0.0014 -0.5566 0.1085 91 186 221
-0.0014 -0.5483 0.0999 91 172 230
-0.0043 -0.5511 0.1063 66 183 228
-0.0014 -0.5463 0.0816 92 170 241
-0.0014 -0.5461 0.0920 92 170 236
-0.0014 -0.4177 -0.0968 102 212 217
-0.0014 -0.4574 -0.1048 99 202 217
-0.0014 -0.4366 -0.1024 101 209 217
-0.0015 -0.3032 -0.0675 111 208 214
-0.0015 -0.2914 -0.0672 112 206 213
-0.0014 -0.5717 0.1121 90 196 219
-0.0014 -0.5616 0.1100 91 192 219
-0.0058 -0.5605 0.1139 79 193 220
-0.0059 -0.5654 0.1147 82 197 219
-0.0062 -0.5545 0.1122 75 189 222
-0.0058 -0.5605 0.1139 79 193 220
-0.0014 -0.5521 0.1055 91 178 224
-0.0062 -0.5545 0.1122 75 189 222
-0.0015 -0.2796 -0.0676 113 206 213
-0.0015 -0.2678 -0.0680 114 207 213
-0.0052 -0.2441 -0.0648 102 213 214
-0.0015 -0.2434 -0.0655 116 213 213
-0.0015 -0.2560 -0.0674 115 210 213
-0.0015 -0.2434 -0.0655 116 213 213
-0.0015 -0.2294 -0.0622 117 215 213
-0.0014 -0.5261 -0.0850 93 183 222
-0.0014 -0.5402 -0.0720 92 176 226
-0.0014 -0.5597 -0.0076 91 170 238
-0.0162 -0.5413 0.0571 90 170 241
-0.0014 -0.5543 -0.0443 91 171 233
-0.0378 -0.3124 -0.0399 71 203 233
-0.0075 0.5123 -0.1789 171 228 197
-0.0073 0.5326 -0.1778 178 228 197
-0.0075 0.5123 -0.1789 171 228 197
-0.0116 0.1776 -0.1476 143 211 205
-0.0109 0.2443 -0.1610 150 215 203
-0.0103 0.2839 -0.1668 153 216 202
-0.0131 0.0244 -0.0985 126 205 209
-0.0344 -0.3246 -0.0467 71 204 229
-0.0149 -0.0860 -0.0611 115 204 211
-0.0349 -0.3513 -0.0535 100 213 216
-0.0042 -0.5804 0.1135 94 204 220
-0.0014 0.5898 -0.1750 183 255 217
-0.0014 0.5717 -0.1768 181 231 196
-0.0052 0.5569 -0.1772 151 230 203
-0.0366 -0.2996 -0.0348 83 217 222
-0.0316 -0.4874 -0.0846 87 201 218
-0.0373 -0.4392 -0.0761 86 209 218
-0.0169 -0.1312 -0.0487 106 205 213
-0.0156 -0.1130 -0.0535 110 204 212
-0.0092 0.3510 -0.1748 158 219 201
-0.0099 0.3131 -0.1711 156 218 202
-0.0061 -0.5496 0.1084 52 196 241
-0.0053 -0.5759 0.1147 94 204 219
-0.0042 -0.5804 0.1135 94 204 220
-0.0059 -0.5654 0.1147 82 197 219
-0.0210 -0.1862 -0.0437 111 215 212
-0.0196 -0.1839 -0.0443 83 212 225
-0.0068 0.5557 -0.1768 181 228 196
-0.0142 -0.0283 -0.0799 121 204 210
-0.0122 0.0823 -0.1186 132 206 207
-0.0014 0.1776 -0.1499 150 211 204
-0.0104 0.1776 -0.1483 118 214 212
-0.0097 0.2442 -0.1618 123 217 211
-0.0134 0.0049 -0.0916 124 204 209
0.0283 -0.4916 -0.0840 106 198 218
-0.0188 -0.1679 -0.0438 141 207 213
-0.0187 -0.1669 -0.0439 83 210 227
-0.0221 -0.5471 -0.0057 70 175 238
-0.0338 -0.3510 -0.0546 69 207 230
0.0177 -0.1836 -0.0432 132 213 212
0.0170 -0.1703 -0.0427 139 212 213
0.0052 0.4159 -0.1790 177 223 200
-0.0014 0.1170 -0.1332 145 208 206
0.0113 -0.0283 -0.0799 146 204 210
0.0132 -0.1322 -0.0496 163 211 225
0.0120 -0.0860 -0.0611 142 204 211
0.0238 -0.5112 -0.0824 133 196 233
0.0029 -0.5605 0.1139 101 193 220
0.0065 -0.5387 0.0931 129 189 240
0.0049 -0.5429 0.1028 131 199 242
0.0361 -0.4217 -0.0699 142 203 235
0.0183 -0.2029 -0.0473 154 214 222
0.0283 -0.4916 -0.0840 106 198 218
0.0320 -0.3513 -0.0535 115 213 216
0.0326 -0.3274 -0.0464 119 214 215
0.0205 -0.2236 -0.0520 150 212 221
0.0216 -0.2225 -0.0513 103 217 214
0.0198 -0.2036 -0.0468 117 217 212
-0.0027 -0.5803 0.1130 59 193 226
-0.0367 -0.4518 -0.0784 80 205 219
-0.0048 -0.5606 0.1128 51 198 237
-0.0053 -0.5549 0.1110 51 196 239
-0.0350 -0.4688 -0.0820 58 198 238
-0.0107 -0.5380 0.0934 97 171 234
-0.0014 -0.5897 0.1131 88 198 219
-0.0365 -0.4385 -0.0773 61 200 235
-0.0398 -0.4230 -0.0692 89 212 218
-0.0376 -0.4379 -0.0757 86 211 218
-0.0267 -0.5112 -0.0824 56 196 233
-0.0315 -0.2900 -0.0400 78 221 236
-0.0234 -0.2236 -0.0520 85 212 221
0.0357 -0.3138 -0.0393 126 217 217
0.0309 -0.3510 -0.0546 146 207 230
0.0174 -0.2423 -0.0562 146 208 219
0.0065 -0.2467 -0.0629 136 211 215
0.0034 0.5129 -0.1796 208 227 205
-0.0014 0.5158 -0.1802 177 228 197
0.0030 0.5467 -0.1777 212 230 205
0.0079 -0.5380 0.0934 88 171 234
0.0140 -0.1312 -0.0487 144 205 213
0.0128 -0.1130 -0.0535 142 204 212
0.0118 -0.0696 -0.0662 143 203 211
0.0116 -0.0434 -0.0745 145 204 210
0.0046 0.5123 -0.1789 182 228 197
0.0094 0.0049 -0.0925 171 210 219
0.0105 -0.0436 -0.0755 168 209 220
-0.0014 -0.0842 -0.0680 129 203 210
0.0116 -0.1084 -0.0557 165 209 223
0.0085 -0.5381 0.0812 125 184 241
0.0372 -0.4206 -0.0679 135 209 226
0.0347 -0.4379 -0.0757 115 211 218
0.0369 -0.4230 -0.0692 113 212 218
-0.0119 0.1171 -0.1303 137 208 206
-0.0365 -0.4542 -0.0788 71 198 250
-0.0014 0.0602 -0.1148 140 206 207
-0.0112 0.0602 -0.1120 106 210 217
-0.0107 0.1170 -0.1311 112 212 214
-0.0357 -0.4685 -0.0807 79 205 219
-0.0355 -0.4693 -0.0812 112 215 220
-0.0352 -0.4717 -0.0814 83 205 218
-0.0364 -0.4563 -0.0791 79 205 219
-0.0227 -0.2036 -0.0468 122 217 212
-0.0245 -0.2225 -0.0513 133 217 214
0.0186 -0.5484 -0.0059 131 197 240
0.0167 -0.5507 -0.0064 118 178 239
0.0160 -0.1543 -0.0441 143 208 213
0.0315 -0.3246 -0.0467 148 204 229
0.0309 -0.3510 -0.0546 146 207 230
0.0336 -0.4385 -0.0773 140 200 235
0.0034 0.5129 -0.1796 208 227 205
0.0036 0.4455 -0.1809 204 225 207
-0.0014 0.4459 -0.1820 171 224 199
-0.0014 0.2441 -0.1631 155 215 203
0.0058 0.3128 -0.1718 193 220 209
0.0236 -0.5267 -0.0723 132 194 234
0.0303 -0.4529 -0.0853 134 204 227
0.0321 -0.4688 -0.0820 138 198 238
0.0330 -0.2994 -0.0363 148 214 240
0.0349 -0.3110 -0.0396 151 207 233
-0.0014 0.3125 -0.1731 160 218 201
0.0323 -0.4717 -0.0814 112 205 218
0.0291 -0.4870 -0.0842 109 201 218
0.0280 -0.4883 -0.0854 136 196 235
0.0232 -0.5399 -0.0450 105 173 233
0.0247 -0.5255 -0.0720 103 178 225
-0.0014 0.3125 -0.1731 160 218 201
-0.0014 0.2441 -0.1631 155 215 203
-0.0087 0.3128 -0.1718 128 220 209
-0.0064 0.4455 -0.1809 138 225 207
-0.0063 0.5129 -0.1796 145 227 205
-0.0014 0.1170 -0.1332 145 208 206
-0.0265 -0.5267 -0.0723 55 194 234
-0.0123 0.0603 -0.1111 130 206 208
-0.0134 -0.0436 -0.0755 96 209 220
-0.0123 0.0049 -0.0925 100 210 219
-0.0161 -0.1322 -0.0496 86 211 225
-0.0114 -0.5381 0.0812 59 184 241
-0.0094 -0.5387 0.0931 55 189 240
-0.0059 -0.5711 0.1148 89 200 219
-0.0194 -0.2600 -0.0566 81 208 222
-0.0244 -0.2245 -0.0522 137 219 216
-0.0218 -0.2412 -0.0559 143 216 219
-0.0014 -0.5846 0.1128 89 179 224
-0.0014 -0.5803 0.1126 89 198 219
-0.0001 -0.5803 0.1130 119 193 226
-0.0014 -0.5897 0.1131 88 198 219
0.0326 -0.3250 -0.0456 118 216 216
-0.0354 -0.3274 -0.0464 100 214 215
-0.0349 -0.3513 -0.0535 100 213 216
0.0048 0.4457 -0.1802 154 224 201
0.0021 -0.5716 0.1141 128 198 233
0.0336 -0.4542 -0.0788 127 198 250
0.0369 -0.4230 -0.0692 113 212 218
0.0165 -0.2600 -0.0566 148 209 222
0.0357 -0.3116 -0.0383 128 215 217
-0.0187 -0.1512 -0.0444 103 207 214
-0.0173 -0.1357 -0.0477 106 206 213
-0.0014 0.0050 -0.0963 136 204 208
-0.0112 0.0602 -0.1120 106 210 217
-0.0074 0.3794 -0.1783 133 222 208
-0.0113 0.2059 -0.1533 146 213 204
-0.0338 -0.3510 -0.0546 69 207 230
-0.0185 -0.5464 0.0285 53 194 241
-0.0215 -0.5484 -0.0059 52 197 240
-0.0359 -0.2994 -0.0363 75 214 240
-0.0378 -0.3110 -0.0396 71 208 234
-0.0208 -0.2605 -0.0564 140 200 218
-0.0245 -0.2235 -0.0518 125 221 214
-0.0276 -0.5255 -0.0720 84 178 225
-0.0073 0.5326 -0.1778 178 228 197
-0.0215 -0.2429 -0.0563 145 214 219
-0.0207 -0.2576 -0.0566 142 206 218
0.0156 -0.5464 0.0285 131 194 241
0.0186 -0.5484 -0.0059 131 197 240
0.0032 -0.5496 0.1084 131 196 241
-0.0352 -0.4717 -0.0814 83 205 218
-0.0261 -0.5399 -0.0450 80 173 233
0.0200 -0.2694 -0.0532 102 230 222
0.0150 -0.2695 -0.0586 142 207 219
0.0213 -0.2749 -0.0503 151 213 229
-0.0366 -0.3002 -0.0355 95 222 219
0.0323 -0.4717 -0.0814 112 205 218
0.0329 -0.4685 -0.0807 117 205 219
0.0326 -0.4693 -0.0812 84 215 220
0.0309 -0.4686 -0.0805 133 201 227
0.0307 -0.4701 -0.0807 131 200 226
0.0318 -0.3001 -0.0350 140 217 222
0.0337 -0.2996 -0.0348 140 217 222
0.0337 -0.3002 -0.0355 128 222 218
0.0317 -0.3003 -0.0353 150 211 230
0.0058 0.2986 -0.1679 180 217 204
0.0058 0.3128 -0.1718 193 220 209
0.0056 0.3131 -0.1700 181 218 204
0.0075 0.2839 -0.1668 163 216 202
0.0070 0.3131 -0.1711 166 218 202
0.0321 -0.3885 -0.0620 136 209 223
0.0330 -0.3881 -0.0636 144 207 232
0.0321 -0.3868 -0.0615 134 210 222
0.0149 -0.1673 -0.0422 154 209 219
0.0167 -0.1677 -0.0426 141 209 213
0.0151 -0.1698 -0.0421 152 211 218
0.0159 -0.1691 -0.0437 161 211 227
0.0120 -0.0860 -0.0611 142 204 211
0.0118 -0.0696 -0.0662 143 203 211
0.0119 -0.0795 -0.0630 169 211 227
0.0103 -0.0744 -0.0638 155 205 214
0.0103 -0.0827 -0.0613 156 206 215
0.0271 -0.4875 -0.0838 130 195 228
0.0291 -0.4870 -0.0842 109 201 218
0.0268 -0.4895 -0.0836 128 197 225
0.0308 -0.3263 -0.0453 138 211 221
0.0315 -0.3246 -0.0467 148 204 229
0.0308 -0.3251 -0.0449 141 210 222
0.0326 -0.3250 -0.0456 118 216 216
0.0180 -0.2422 -0.0542 118 214 213
0.0189 -0.2412 -0.0559 89 216 219
0.0186 -0.2429 -0.0563 87 214 219
0.0174 -0.2423 -0.0562 146 208 219
0.0180 -0.2428 -0.0543 118 211 212
0.0180 -0.2028 -0.0453 141 215 215
0.0194 -0.2018 -0.0462 119 216 212
0.0183 -0.2038 -0.0455 134 218 214
0.0183 -0.2029 -0.0473 154 214 222
0.0141 -0.1530 -0.0438 156 209 219
0.0150 -0.1517 -0.0456 163 211 227
0.0140 -0.1510 -0.0441 155 209 219
0.0158 -0.1512 -0.0444 144 207 214
0.0026 0.5562 -0.1753 191 229 197
0.0040 0.5557 -0.1768 179 228 196
0.0030 0.5395 -0.1762 193 228 198
0.0033 0.4308 -0.1787 199 225 205
0.0036 0.4455 -0.1809 204 225 207
0.0031 0.4615 -0.1789 201 225 204
0.0048 0.4457 -0.1802 154 224 201
0.0047 0.4776 -0.1795 181 226 198
0.0071 0.1920 -0.1494 171 213 207
0.0084 0.2059 -0.1533 158 213 204
0.0087 0.1776 -0.1476 156 211 205
0.0072 0.1779 -0.1466 171 212 207
0.0099 -0.0431 -0.0738 159 205 214
0.0105 -0.0436 -0.0755 168 209 220
0.0098 -0.0356 -0.0765 159 205 214
0.0107 -0.1076 -0.0542 156 206 216
0.0124 -0.1073 -0.0550 142 204 212
0.0109 -0.1104 -0.0536 157 207 217
0.0316 -0.4551 -0.0788 135 203 228
0.0329 -0.4539 -0.0802 139 200 238
0.0318 -0.4529 -0.0784 134 203 227
0.0336 -0.4542 -0.0788 127 198 250
0.0338 -0.4518 -0.0784 118 205 219
0.0369 -0.4230 -0.0692 113 212 218
0.0367 -0.4187 -0.0681 115 209 217
0.0372 -0.4206 -0.0679 135 209 226
0.0350 -0.4205 -0.0679 132 210 223
0.0351 -0.4227 -0.0685 131 207 223
-0.0117 0.0150 -0.0943 112 206 212
-0.0123 0.0049 -0.0925 100 210 219
-0.0118 0.0053 -0.0909 110 206 213
-0.0134 0.0049 -0.0916 124 204 209
-0.0208 -0.2428 -0.0543 114 211 212
-0.0215 -0.2429 -0.0563 145 214 219
-0.0209 -0.2422 -0.0542 114 214 213
-0.0346 -0.3003 -0.0353 73 211 230
-0.0366 -0.3002 -0.0355 95 222 219
-0.0347 -0.3001 -0.0350 83 217 222
-0.0022 -0.5871 0.1131 90 205 220
-0.0007 -0.5871 0.1132 87 205 220
-0.0014 -0.5897 0.1131 88 198 219
-0.0014 -0.5857 0.1148 83 201 219
-0.0016 -0.5857 0.1148 97 203 220
-0.0169 -0.1510 -0.0441 91 209 219
-0.0178 -0.1509 -0.0457 84 212 227
-0.0179 -0.1517 -0.0456 84 211 227
-0.0170 -0.1530 -0.0438 91 209 219
-0.0059 0.5395 -0.1762 164 228 198
-0.0073 0.5326 -0.1778 178 228 197
-0.0068 0.5557 -0.1768 181 228 196
-0.0052 0.5569 -0.1772 151 230 203
-0.0087 0.2986 -0.1679 139 217 204
-0.0103 0.2839 -0.1668 153 216 202
-0.0099 0.3131 -0.1711 156 218 202
-0.0084 0.3131 -0.1700 140 218 204
-0.0100 0.1920 -0.1494 130 213 207
-0.0104 0.1776 -0.1483 118 214 212
-0.0101 0.1779 -0.1466 128 212 207
-0.0116 0.1776 -0.1476 143 211 205
-0.0199 -0.2588 -0.0546 111 205 213
-0.0194 -0.2600 -0.0566 81 208 222
-0.0197 -0.2599 -0.0547 101 204 214
-0.0208 -0.2605 -0.0564 140 200 218
-0.0153 -0.1339 -0.0476 93 208 218
-0.0173 -0.1357 -0.0477 106 206 213
-0.0169 -0.1312 -0.0487 106 205 213
-0.0152 -0.1316 -0.0481 94 208 218
-0.0338 -0.4686 -0.0805 63 201 227
-0.0350 -0.4688 -0.0820 58 198 238
-0.0336 -0.4701 -0.0807 65 200 226
-0.0355 -0.4693 -0.0812 112 215 220
-0.0352 -0.4717 -0.0814 83 205 218
-0.0233 -0.2718 -0.0494 98 196 216
-0.0240 -0.2744 -0.0504 76 213 228
-0.0243 -0.2764 -0.0475 86 205 219
-0.0259 -0.2758 -0.0488 147 223 233
-0.0354 -0.4390 -0.0757 65 203 227
-0.0373 -0.4392 -0.0761 86 209 218
-0.0356 -0.4384 -0.0754 68 205 224
-0.0108 0.0607 -0.1103 116 208 211
-0.0123 0.0603 -0.1111 130 206 208
-0.0107 0.0717 -0.1140 118 208 211
-0.0367 -0.4518 -0.0784 80 205 219
-0.0364 -0.4563 -0.0791 79 205 219
-0.0365 -0.4542 -0.0788 71 198 250
-0.0345 -0.4551 -0.0788 63 203 228
-0.0347 -0.4529 -0.0784 64 203 227
-0.0358 -0.4539 -0.0802 59 200 238
-0.0245 -0.2225 -0.0513 133 217 214
-0.0244 -0.2245 -0.0522 137 219 216
-0.0245 -0.2235 -0.0518 125 221 214
-0.0236 -0.2246 -0.0503 113 218 213
-0.0234 -0.2237 -0.0500 105 217 214
0.0357 -0.3138 -0.0393 126 217 217
0.0357 -0.3116 -0.0383 128 215 217
0.0363 -0.3128 -0.0379 144 212 224
0.0337 -0.3117 -0.0381 144 212 224
0.0338 -0.3134 -0.0385 139 212 221
0.0349 -0.3124 -0.0399 150 203 233
0.0125 -0.1339 -0.0476 157 208 218
0.0132 -0.1322 -0.0496 163 211 225
0.0123 -0.1316 -0.0481 156 208 218
0.0140 -0.1312 -0.0487 144 205 213
0.0204 -0.2721 -0.0493 131 196 216
0.0211 -0.2705 -0.0519 104 191 216
0.0230 -0.2758 -0.0488 79 222 233
0.0212 -0.2765 -0.0476 145 208 221
0.0325 -0.4390 -0.0757 136 203 227
0.0336 -0.4385 -0.0773 140 200 235
0.0327 -0.4384 -0.0754 132 205 224
-0.0131 -0.0744 -0.0638 104 205 214
-0.0138 -0.0800 -0.0639 93 208 221
-0.0132 -0.0827 -0.0613 102 206 215
-0.0149 -0.0860 -0.0611 115 204 211
-0.0148 -0.0795 -0.0630 89 211 227
-0.0337 -0.3251 -0.0450 78 210 222
-0.0344 -0.3246 -0.0467 71 204 229
-0.0337 -0.3263 -0.0453 81 211 221
-0.0208 -0.2023 -0.0453 97 215 215
-0.0211 -0.2020 -0.0472 84 213 223
-0.0212 -0.2030 -0.0473 84 214 222
-0.0212 -0.2038 -0.0455 103 217 214
0.0078 0.0717 -0.1140 165 208 211
0.0093 0.0823 -0.1186 152 206 207
0.0095 0.0603 -0.1111 150 206 208
0.0079 0.0607 -0.1103 165 208 211
0.0207 -0.2246 -0.0503 122 218 213
0.0205 -0.2236 -0.0520 150 212 221
0.0206 -0.2237 -0.0500 130 217 214
0.0216 -0.2225 -0.0513 103 217 214
0.0217 -0.2235 -0.0518 110 221 214
0.0168 -0.2599 -0.0547 129 204 214
0.0165 -0.2600 -0.0566 148 209 222
0.0170 -0.2588 -0.0546 119 205 213
0.0288 -0.2899 -0.0392 117 223 250
0.0284 -0.2890 -0.0391 149 219 234
0.0288 -0.2899 -0.0392 140 221 244
0.0229 -0.2801 -0.0451 140 205 219
0.0200 -0.2694 -0.0532 102 230 222
0.0276 -0.2908 -0.0382 147 207 224
-0.0076 0.4776 -0.1795 166 226 198
-0.0081 0.4159 -0.1790 160 223 200
-0.0077 0.4457 -0.1802 188 224 201
-0.0062 0.4308 -0.1787 141 225 205
-0.0060 0.4615 -0.1789 144 225 204
-0.0128 -0.0431 -0.0738 106 205 214
-0.0145 -0.0434 -0.0745 119 204 210
-0.0127 -0.0356 -0.0765 106 205 214
-0.0136 -0.1076 -0.0542 97 206 216
-0.0145 -0.1084 -0.0557 89 209 223
-0.0137 -0.1104 -0.0536 96 207 217
-0.0350 -0.3885 -0.0620 73 209 223
-0.0369 -0.3882 -0.0625 93 210 217
-0.0350 -0.3868 -0.0615 76 210 222
-0.0385 -0.3116 -0.0383 93 215 217
-0.0385 -0.3138 -0.0393 95 217 217
-0.0388 -0.3127 -0.0385 78 213 223
-0.0367 -0.3134 -0.0385 81 212 221
-0.0366 -0.3117 -0.0381 77 212 224
0.0043 0.3797 -0.1765 187 221 203
0.0058 0.3798 -0.1776 171 221 200
0.0045 0.3653 -0.1751 186 220 203
0.0075 0.1174 -0.1294 168 209 209
0.0078 0.1170 -0.1311 178 212 214
0.0075 0.1300 -0.1330 168 210 209
0.0088 0.0150 -0.0943 162 206 212
0.0102 0.0244 -0.0985 149 205 209
0.0105 0.0049 -0.0916 148 204 209
0.0089 0.0053 -0.0909 162 206 213
-0.0021 0.5870 -0.1751 145 218 214
-0.0014 0.5898 -0.1750 183 255 217
-0.0008 0.5870 -0.1751 220 218 214
-0.0034 0.5859 -0.1748 165 233 198
-0.0014 0.6026 -0.1727 184 236 196
-0.0181 -0.1698 -0.0421 92 211 218
-0.0199 -0.1703 -0.0427 105 212 213
-0.0196 -0.1677 -0.0426 103 209 213
-0.0178 -0.1673 -0.0422 91 209 219
-0.0188 -0.1679 -0.0438 141 207 213
-0.0187 -0.1669 -0.0439 83 210 227
-0.0071 0.3797 -0.1765 145 221 203
-0.0074 0.3794 -0.1783 133 222 208
-0.0074 0.3653 -0.1751 144 220 203
-0.0104 0.1174 -0.1294 122 209 209
-0.0119 0.1171 -0.1303 137 208 206
-0.0104 0.1300 -0.1330 124 210 209
0.0161 -0.1845 -0.0425 148 213 217
0.0177 -0.1836 -0.0432 132 213 212
0.0164 -0.1859 -0.0427 144 215 216
-0.0189 -0.1840 -0.0425 93 213 217
-0.0196 -0.1839 -0.0443 83 212 225
-0.0192 -0.1854 -0.0427 96 215 216
-0.0379 -0.4205 -0.0679 72 210 224
-0.0389 -0.4217 -0.0699 62 203 235
-0.0380 -0.4227 -0.0685 72 207 223
-0.0398 -0.4230 -0.0692 89 212 218
-0.0406 -0.4203 -0.0679 69 206 225
-0.0258 -0.2801 -0.0451 86 204 218
-0.0315 -0.2900 -0.0400 78 221 236
-0.0305 -0.2908 -0.0382 77 207 224
-0.0317 -0.2899 -0.0392 84 221 244
-0.0313 -0.2890 -0.0391 76 219 234
-0.0317 -0.2899 -0.0392 107 223 250
0.0080 0.2443 -0.1610 160 215 203
0.0066 0.2445 -0.1600 176 215 206
0.0058 0.2986 -0.1679 180 217 204
0.0066 0.2445 -0.1600 176 215 206
0.0021 -0.5716 0.1141 128 198 233
0.0013 -0.5662 0.1156 117 197 224
0.0017 -0.5716 0.1160 111 199 222
0.0013 -0.5662 0.1156 117 197 224
0.0031 -0.5662 0.1148 96 197 219
0.0149 -0.1673 -0.0422 154 209 219
0.0141 -0.1530 -0.0438 156 209 219
0.0099 -0.0431 -0.0738 159 205 214
0.0103 -0.0744 -0.0638 155 205 214
0.0107 -0.1076 -0.0542 156 206 216
0.0107 -0.1076 -0.0542 156 206 216
0.0302 -0.3515 -0.0528 136 211 221
0.0040 -0.5412 0.1035 120 181 231
0.0040 -0.5412 0.1035 120 181 231
0.0062 -0.5368 0.0934 112 174 236
0.0079 -0.5380 0.0934 88 171 234
0.0085 -0.5362 0.0811 107 172 240
0.0085 -0.5362 0.0811 107 172 240
0.0062 -0.5368 0.0934 112 174 236
0.0321 -0.3885 -0.0620 136 209 223
0.0350 -0.4205 -0.0679 132 210 223
0.0302 -0.3515 -0.0528 136 211 221
0.0302 -0.3515 -0.0528 136 211 221
0.0321 -0.3868 -0.0615 134 210 222
0.0071 0.1920 -0.1494 171 213 207
0.0066 0.2445 -0.1600 176 215 206
0.0071 0.1920 -0.1494 171 213 207
0.0329 -0.4539 -0.0802 139 200 238
0.0309 -0.4686 -0.0805 133 201 227
0.0271 -0.4875 -0.0838 130 195 228
0.0271 -0.4875 -0.0838 130 195 228
0.0175 -0.5468 -0.0059 127 186 239
0.0148 -0.5447 0.0283 122 181 241
0.0175 -0.5468 -0.0059 127 186 239
-0.0060 0.5125 -0.1778 156 227 200
-0.0059 0.5395 -0.1762 164 228 198
-0.0060 0.5125 -0.1778 156 227 200
-0.0241 -0.5395 -0.0447 58 185 237
-0.0258 -0.5252 -0.0713 62 186 231
-0.0241 -0.5395 -0.0447 58 185 237
-0.0203 -0.2423 -0.0562 86 208 219
-0.0199 -0.2588 -0.0546 111 205 213
-0.0208 -0.2428 -0.0543 114 211 212
-0.0146 -0.5403 0.0567 71 175 242
-0.0114 -0.5362 0.0811 78 172 240
-0.0146 -0.5403 0.0567 71 175 242
-0.0221 -0.5471 -0.0057 70 175 238
-0.0241 -0.5395 -0.0447 58 185 237
-0.0203 -0.5469 -0.0059 56 186 239
-0.0241 -0.5395 -0.0447 58 185 237
-0.0338 -0.4686 -0.0805 63 201 227
-0.0345 -0.4551 -0.0788 63 203 228
-0.0354 -0.4390 -0.0757 65 203 227
-0.0091 -0.5368 0.0934 73 174 237
-0.0069 -0.5412 0.1035 65 181 232
-0.0091 -0.5368 0.0934 73 174 237
-0.0169 -0.1510 -0.0441 91 209 219
-0.0153 -0.1339 -0.0476 93 208 218
-0.0108 0.0607 -0.1103 116 208 211
-0.0108 0.0607 -0.1103 116 208 211
-0.0236 -0.2246 -0.0503 113 218 213
-0.0209 -0.2422 -0.0542 114 214 213
-0.0240 -0.2744 -0.0504 76 213 228
-0.0233 -0.2718 -0.0494 98 196 216
-0.0197 -0.2599 -0.0547 101 204 214
-0.0258 -0.5252 -0.0713 62 186 231
-0.0259 -0.5102 -0.0810 64 189 228
-0.0258 -0.5252 -0.0713 62 186 231
-0.0091 -0.5368 0.0934 73 174 237
-0.0107 -0.5380 0.0934 97 171 234
0.0014 -0.5542 0.1124 123 190 228
0.0010 -0.5603 0.1144 121 194 226
0.0014 -0.5542 0.1124 123 190 228
0.0033 -0.5545 0.1121 107 189 222
0.0168 -0.2599 -0.0547 129 204 214
0.0212 -0.2765 -0.0476 145 208 221
0.0212 -0.2765 -0.0476 145 208 221
0.0229 -0.2801 -0.0451 140 205 219
-0.0128 -0.0431 -0.0738 106 205 214
-0.0128 -0.0431 -0.0738 106 205 214
-0.0132 -0.0827 -0.0613 102 206 215
-0.0132 -0.0827 -0.0613 102 206 215
-0.0181 -0.1698 -0.0421 92 211 218
-0.0389 -0.4217 -0.0699 62 203 235
-0.0350 -0.3885 -0.0620 73 209 223
0.0078 0.0717 -0.1140 165 208 211
0.0075 0.1174 -0.1294 168 209 209
0.0078 0.0717 -0.1140 165 208 211
0.0088 0.0150 -0.0943 162 206 212
0.0088 0.0150 -0.0943 162 206 212
0.0032 -0.5496 0.1084 131 196 241
0.0014 -0.5542 0.1124 123 190 228
0.0014 -0.5542 0.1124 123 190 228
0.0021 -0.5485 0.1095 124 188 230
-0.0062 0.4308 -0.1787 141 225 205
-0.0062 0.4308 -0.1787 141 225 205
-0.0192 -0.1854 -0.0427 96 215 216
-0.0192 -0.1854 -0.0427 96 215 216
-0.0001 -0.5804 0.1149 106 198 221
-0.0001 -0.5804 0.1149 106 198 221
0.0009 -0.5766 0.1159 107 200 221
0.0010 -0.5603 0.1144 121 194 226
0.0013 -0.5662 0.1156 117 197 224
0.0010 -0.5603 0.1144 121 194 226
0.0029 -0.5605 0.1139 101 193 220
0.0229 -0.5252 -0.0713 125 186 231
0.0229 -0.5252 -0.0713 125 186 231
0.0212 -0.5395 -0.0447 127 185 237
0.0318 -0.3001 -0.0350 140 217 222
0.0276 -0.2908 -0.0382 147 207 224
0.0013 -0.5763 0.1139 127 194 233
0.0017 -0.5716 0.1160 111 199 222
0.0009 -0.5766 0.1159 107 200 221
0.0017 -0.5716 0.1160 111 199 222
0.0337 -0.3117 -0.0381 144 212 224
0.0317 -0.3003 -0.0353 150 211 230
0.0151 -0.1698 -0.0421 152 211 218
0.0151 -0.1698 -0.0421 152 211 218
0.0161 -0.1845 -0.0425 148 213 217
0.0033 0.4308 -0.1787 199 225 205
0.0043 0.3797 -0.1765 187 221 203
0.0075 0.1300 -0.1330 168 210 209
0.0075 0.1300 -0.1330 168 210 209
0.0098 -0.0356 -0.0765 159 205 214
0.0098 -0.0356 -0.0765 159 205 214
0.0164 -0.1859 -0.0427 144 215 216
0.0180 -0.2028 -0.0453 141 215 215
0.0039 -0.5487 0.1093 111 184 225
0.0040 -0.5412 0.1035 120 181 231
0.0040 -0.5412 0.1035 120 181 231
0.0021 -0.5485 0.1095 124 188 230
0.0231 -0.5102 -0.0810 125 190 227
0.0268 -0.4895 -0.0836 128 197 225
0.0117 -0.5403 0.0567 113 175 242
0.0117 -0.5403 0.0567 113 175 242
0.0125 -0.1339 -0.0476 157 208 218
0.0140 -0.1510 -0.0441 155 209 219
0.0123 -0.1316 -0.0481 156 208 218
0.0109 -0.1104 -0.0536 157 207 217
0.0032 0.5125 -0.1778 197 227 200
0.0030 0.5395 -0.1762 193 228 198
0.0032 0.5125 -0.1778 197 227 200
0.0031 0.4615 -0.1789 201 225 204
0.0032 0.5125 -0.1778 197 227 200
0.0031 0.4615 -0.1789 201 225 204
0.0045 0.3653 -0.1751 186 220 203
0.0056 0.3131 -0.1700 181 218 204
0.0207 -0.2246 -0.0503 122 218 213
0.0180 -0.2422 -0.0542 118 214 213
0.0180 -0.2428 -0.0543 118 211 212
0.0170 -0.2588 -0.0546 119 205 213
0.0231 -0.5102 -0.0810 125 190 227
0.0231 -0.5102 -0.0810 125 190 227
0.0229 -0.5252 -0.0713 125 186 231
0.0206 -0.2237 -0.0500 130 217 214
0.0329 -0.4539 -0.0802 139 200 238
0.0318 -0.4529 -0.0784 134 203 227
0.0318 -0.4529 -0.0784 134 203 227
0.0336 -0.4385 -0.0773 140 200 235
0.0327 -0.4384 -0.0754 132 205 224
0.0327 -0.4384 -0.0754 132 205 224
0.0351 -0.4227 -0.0685 131 207 223
-0.0007 -0.5871 0.1132 87 205 220
-0.0014 -0.5857 0.1148 83 201 219
-0.0001 -0.5804 0.1149 106 198 221
-0.0014 -0.5857 0.1148 83 201 219
0.0308 -0.3251 -0.0449 141 210 222
0.0338 -0.3134 -0.0385 139 212 221
0.0308 -0.3251 -0.0449 141 210 222
0.0166 -0.5452 0.0285 106 172 241
0.0117 -0.5403 0.0567 113 175 242
0.0148 -0.5447 0.0283 122 181 241
0.0117 -0.5403 0.0567 113 175 242
0.0192 -0.5471 -0.0057 114 175 238
0.0212 -0.5395 -0.0447 127 185 237
0.0212 -0.5395 -0.0447 127 185 237
0.0175 -0.5468 -0.0059 127 186 239
-0.0060 0.5125 -0.1778 156 227 200
-0.0060 0.4615 -0.1789 144 225 204
-0.0097 0.2442 -0.1618 123 217 211
-0.0095 0.2445 -0.1600 135 215 206
-0.0087 0.2986 -0.1679 139 217 204
-0.0095 0.2445 -0.1600 135 215 206
-0.0100 0.1920 -0.1494 130 213 207
-0.0095 0.2445 -0.1600 135 215 206
-0.0118 0.0053 -0.0909 110 206 213
-0.0118 0.0053 -0.0909 110 206 213
-0.0127 -0.0356 -0.0765 106 205 214
-0.0331 -0.3515 -0.0528 79 211 221
-0.0331 -0.3515 -0.0528 79 211 221
-0.0337 -0.3263 -0.0453 81 211 221
-0.0022 -0.5871 0.1131 90 205 220
-0.0016 -0.5857 0.1148 97 203 220
-0.0028 -0.5804 0.1149 74 197 221
-0.0177 -0.5447 0.0283 62 181 241
-0.0177 -0.5447 0.0283 62 181 241
-0.0146 -0.5403 0.0567 71 175 242
-0.0195 -0.5452 0.0285 78 172 241
-0.0203 -0.5469 -0.0059 56 186 239
-0.0203 -0.5469 -0.0059 56 186 239
-0.0177 -0.5447 0.0283 62 181 241
-0.0104 0.1174 -0.1294 122 209 209
-0.0104 0.1174 -0.1294 122 209 209
-0.0107 0.0717 -0.1140 118 208 211
-0.0044 -0.5713 0.1159 68 198 222
-0.0038 -0.5761 0.1159 70 200 221
-0.0044 -0.5713 0.1159 68 198 222
-0.0041 -0.5658 0.1155 63 199 224
-0.0044 -0.5713 0.1159 68 198 222
-0.0041 -0.5658 0.1155 63 199 224
-0.0258 -0.2801 -0.0451 86 204 218
-0.0243 -0.2764 -0.0475 86 205 219
-0.0380 -0.4227 -0.0685 72 207 223
-0.0380 -0.4227 -0.0685 72 207 223
-0.0259 -0.5102 -0.0810 64 189 228
-0.0299 -0.4876 -0.0839 64 195 226
-0.0259 -0.5102 -0.0810 64 189 228
-0.0299 -0.4876 -0.0839 64 195 226
-0.0299 -0.4876 -0.0839 64 195 226
-0.0336 -0.4701 -0.0807 65 200 226
-0.0346 -0.3003 -0.0353 73 211 230
-0.0346 -0.3003 -0.0353 73 211 230
-0.0366 -0.3117 -0.0381 77 212 224
-0.0152 -0.1316 -0.0481 94 208 218
-0.0137 -0.1104 -0.0536 96 207 217
-0.0170 -0.1530 -0.0438 91 209 219
-0.0170 -0.1530 -0.0438 91 209 219
-0.0178 -0.1673 -0.0422 91 209 219
-0.0074 0.3653 -0.1751 144 220 203
-0.0084 0.3131 -0.1700 140 218 204
-0.0101 0.1779 -0.1466 128 212 207
-0.0101 0.1779 -0.1466 128 212 207
-0.0104 0.1300 -0.1330 124 210 209
-0.0039 -0.5603 0.1145 60 195 226
-0.0041 -0.5658 0.1155 63 199 224
-0.0039 -0.5603 0.1145 60 195 226
-0.0039 -0.5603 0.1145 60 195 226
-0.0039 -0.5603 0.1145 60 195 226
-0.0043 -0.5542 0.1125 59 190 228
-0.0068 -0.5487 0.1093 72 184 225
-0.0050 -0.5484 0.1095 59 188 230
-0.0043 -0.5542 0.1125 59 190 228
-0.0050 -0.5484 0.1095 59 188 230
-0.0061 -0.5496 0.1084 52 196 241
-0.0347 -0.3001 -0.0350 83 217 222
-0.0305 -0.2908 -0.0382 77 207 224
-0.0212 -0.2038 -0.0455 103 217 214
-0.0212 -0.2038 -0.0455 103 217 214
-0.0234 -0.2237 -0.0500 105 217 214
-0.0050 -0.5484 0.1095 59 188 230
-0.0069 -0.5412 0.1035 65 181 232
-0.0050 -0.5484 0.1095 59 188 230
-0.0042 -0.5763 0.1139 52 194 233
-0.0028 -0.5804 0.1149 74 197 221
-0.0038 -0.5761 0.1159 70 200 221
-0.0028 -0.5804 0.1149 74 197 221
-0.0331 -0.3515 -0.0528 79 211 221
-0.0331 -0.3515 -0.0528 79 211 221
-0.0054 0.5562 -0.1753 169 229 197
-0.0008 0.5870 -0.1751 220 218 214
0.0720 -0.4341 0.0164 108 208 217
0.0798 -0.3431 -0.0062 114 205 215
0.0567 -0.4226 0.0238 122 184 224
0.0491 -0.4655 0.0066 114 204 218
0.0883 -0.3411 -0.0003 129 213 218
0.4708 -0.2340 0.1810 127 203 251
0.8400 -0.1948 0.1463 123 208 251
0.9405 -0.1337 0.1370 132 207 250
0.2798 -0.4699 0.1191 83 221 250
0.3770 -0.3519 0.1443 132 183 228
0.3150 -0.4838 0.1158 91 223 251
0.2096 -0.3011 0.0496 135 209 250
0.5046 0.0572 0.1537 124 217 208
0.4901 -0.0098 0.1567 113 216 211
0.1776 -0.3986 0.0481 106 221 219
0.2044 -0.1729 -0.0054 159 211 224
0.1368 -0.3732 0.0574 96 190 252
0.0703 -0.3422 0.0187 80 223 241
0.0642 -0.3533 0.0204 75 223 236
0.1955 -0.2337 0.0166 97 199 216
0.0710 -0.3616 0.0053 83 214 220
0.0710 -0.3616 0.0053 83 214 220
0.4942 -0.4205 0.1386 91 209 255
0.5169 -0.4289 0.1234 92 225 223
-0.0724 -0.3421 0.0199 137 223 241
-0.0996 -0.4608 0.0472 102 195 255
-0.0593 -0.4226 0.0241 81 184 224
-0.3513 -0.3650 0.1520 113 191 252
-0.9405 -0.1288 0.1448 118 207 250
-0.9405 -0.1288 0.1448 136 223 213
-0.2101 -0.4369 0.0846 107 194 255
-0.1305 -0.4597 0.0637 103 184 252
-0.5015 0.0561 0.1660 171 225 237
-0.2315 -0.3775 0.0919 128 222 247
-0.1718 -0.4057 0.0651 122 217 251
-0.2144 -0.3858 0.0829 128 222 246
-0.2182 -0.2358 0.0321 98 217 249
-0.1925 -0.3322 0.0634 94 204 253
-0.1992 -0.3930 0.0551 100 223 220
-0.2147 -0.2961 0.0444 77 197 225
-0.1726 -0.3455 0.0521 92 183 224
-0.1479 -0.3640 0.0478 91 183 223
-0.1915 -0.1881 -0.0014 160 206 231
-0.1926 -0.1866 -0.0096 99 197 216
-0.0867 -0.3313 0.0078 95 224 220
-0.0733 -0.3613 0.0063 131 214 220
-0.1391 -0.3242 0.0403 107 227 220
-0.0747 -0.4340 0.0167 93 208 217
0.0417 -0.4735 0.0012 135 208 232
0.3498 -0.3658 0.1497 100 191 252
0.1187 -0.4137 0.0489 96 224 250
0.2168 -0.2368 0.0291 136 218 248
0.1263 -0.4120 0.0303 108 212 217
0.2182 -0.2318 0.0230 154 205 224
0.1914 -0.1878 -0.0128 141 197 216
-0.4903 -0.0078 0.1763 169 220 237
-0.3894 -0.2868 0.1475 124 220 216
-0.0733 -0.3613 0.0063 131 214 220
0.1597 -0.4550 0.0688 97 190 255
0.4952 -0.1271 0.1720 160 204 221
0.4084 -0.3322 0.1557 138 191 224
0.9405 -0.1337 0.1370 114 222 213
0.6984 -0.3087 0.1394 99 221 217
0.1951 -0.4672 0.0767 99 232 238
0.1512 -0.4596 0.0583 112 227 227
0.2057 -0.4320 0.0671 119 185 223
0.2069 -0.4380 0.0832 94 194 255
0.2311 -0.3800 0.0907 83 222 247
0.2134 -0.3872 0.0817 83 222 247
0.2012 -0.1768 0.0025 139 224 246
0.0832 -0.3819 0.0385 103 198 255
0.3647 -0.3164 0.1334 101 228 221
0.2097 -0.3913 0.0581 100 228 224
0.1842 -0.3428 0.0522 126 181 226
0.3854 -0.2942 0.1560 81 218 243
0.3886 -0.2887 0.1438 101 220 216
0.1120 -0.3812 0.0420 96 190 252
0.1087 -0.4235 0.0266 102 218 219
0.5046 0.0572 0.1537 104 227 225
0.2044 -0.1729 -0.0054 149 224 241
0.1947 -0.2392 0.0224 79 214 238
0.0779 -0.3361 0.0193 88 228 242
0.1314 -0.3289 0.0454 96 232 241
0.1027 -0.3295 0.0324 95 230 243
0.1914 -0.1878 -0.0128 82 203 228
-0.5218 0.0606 0.1644 117 219 242
-0.6894 -0.3070 0.1597 109 203 254
-0.2813 -0.4696 0.1199 114 221 250
-0.1400 -0.4697 0.0603 94 230 243
-0.5218 0.0606 0.1644 115 212 211
-0.4094 -0.3279 0.1605 78 190 227
-0.3469 -0.3736 0.1377 85 182 226
-0.2279 -0.4209 0.0778 79 185 224
-0.6997 -0.3054 0.1442 122 221 217
-0.3202 -0.4744 0.1222 104 231 239
-0.2866 -0.4724 0.1106 94 229 230
-0.1978 -0.4668 0.0774 97 232 238
-0.1539 -0.4592 0.0588 86 227 228
-0.1212 -0.4136 0.0497 108 224 250
-0.0911 -0.4114 0.0416 100 226 248
-0.0855 -0.3819 0.0394 107 198 255
-0.5033 0.0590 0.1609 156 217 208
-0.4892 -0.0081 0.1632 157 217 211
-0.4646 -0.1162 0.1658 151 215 214
-0.4393 -0.2161 0.1650 135 215 214
-0.3655 -0.3133 0.1374 119 228 221
-0.2195 -0.2308 0.0260 80 205 224
-0.1989 -0.3311 0.0538 85 189 223
-0.1862 -0.3423 0.0539 88 182 226
-0.1594 -0.3613 0.0507 87 188 221
-0.3864 -0.2932 0.1594 143 218 243
-0.0698 -0.4059 0.0403 101 218 253
-0.1289 -0.4117 0.0310 96 213 217
-0.1113 -0.4232 0.0271 101 218 219
-0.5033 0.0590 0.1609 177 227 225
-0.1047 -0.3292 0.0338 124 230 243
-0.0800 -0.3359 0.0205 129 228 242
-0.1926 -0.1866 -0.0096 159 203 228
0.5105 -0.1311 0.1848 130 211 250
0.4533 -0.2389 0.1711 153 196 233
0.2248 -0.4230 0.0762 123 185 224
0.1051 -0.4532 0.0384 116 212 219
0.4646 -0.1206 0.1746 93 217 241
0.4647 -0.1177 0.1604 101 215 214
0.0917 -0.4224 0.0276 102 222 221
-0.1079 -0.4530 0.0387 83 212 220
-0.0942 -0.4222 0.0280 102 223 221
-0.1390 -0.3730 0.0586 118 202 254
0.3854 -0.2942 0.1560 91 212 250
-0.1305 -0.4597 0.0637 103 190 255
-0.2315 -0.3775 0.0919 126 212 251
0.0673 -0.4059 0.0398 102 206 255
0.2311 -0.3800 0.0907 85 213 251
0.3694 -0.3121 0.1495 90 211 251
0.2012 -0.1768 0.0025 99 215 247
0.5028 0.0543 0.1588 116 222 242
0.9405 -0.1337 0.1370 127 211 250
-0.2144 -0.3858 0.0829 125 212 251
0.0050 -0.5394 -0.0722 93 177 226
-0.0014 -0.4574 -0.1048 99 202 217
0.0082 -0.1838 -0.0496 142 211 214
0.0349 -0.3124 -0.0399 150 203 233
0.0159 -0.1691 -0.0437 161 211 227
0.0166 -0.5452 0.0285 106 172 241
-0.0079 -0.5394 -0.0722 92 177 226
-0.0015 -0.1559 -0.0548 123 207 211
-0.0317 -0.2899 -0.0392 107 223 250
-0.0317 -0.2899 -0.0392 84 221 244
-0.0229 -0.2694 -0.0532 125 230 222
-0.0398 -0.4230 -0.0692 89 212 218
0.0361 -0.4217 -0.0699 142 203 235
0.0288 -0.2899 -0.0392 117 223 250
0.0288 -0.2899 -0.0392 140 221 244
-0.0211 -0.2020 -0.0472 84 213 223
0.0225 -0.2773 -0.0490 150 218 231
0.0039 -0.5487 0.1093 111 184 225
0.0372 -0.4206 -0.0679 135 209 226
0.0326 -0.4693 -0.0812 84 215 220
0.0034 -0.5717 0.1150 92 200 219
0.0216 -0.2225 -0.0513 103 217 214
0.0116 -0.0434 -0.0745 145 204 210
-0.0240 -0.2744 -0.0504 76 213 228
-0.0014 -0.4574 -0.1048 99 202 217
-0.0195 -0.5452 0.0285 78 172 241
-0.0344 -0.3246 -0.0467 71 204 229
0.0159 -0.1691 -0.0437 161 211 227
-0.0365 -0.4542 -0.0788 71 198 250
-0.0053 -0.5549 0.1110 51 196 239
-0.0358 -0.4539 -0.0802 59 200 238
-0.0007 -0.5871 0.1132 87 205 220
-0.0259 -0.2758 -0.0488 147 223 233
0.0336 -0.4542 -0.0788 127 198 250
-0.0189 -0.1543 -0.0441 103 208 213
-0.0245 -0.2225 -0.0513 133 217 214
-0.0050 -0.5716 0.1141 51 198 233
0.0339 -0.3849 -0.0617 116 211 217
0.0170 -0.1703 -0.0427 139 212 213
0.0283 -0.4916 -0.0840 106 198 218
0.0198 -0.2036 -0.0468 117 217 212
0.0149 -0.1509 -0.0457 163 212 227
0.0044 0.5326 -0.1778 179 228 197
0.0030 0.5467 -0.1777 212 230 205
0.0113 -0.0283 -0.0799 146 204 210
0.0128 -0.1130 -0.0535 142 204 212
0.0375 -0.4224 -0.0685 132 210 224
-0.0218 -0.2412 -0.0559 143 216 219
-0.0366 -0.2996 -0.0348 83 217 222
-0.0189 -0.1543 -0.0441 103 208 213
-0.0054 0.5562 -0.1753 169 229 197
-0.0253 -0.2773 -0.0490 76 217 230
-0.0376 -0.4379 -0.0757 86 211 218
-0.0122 0.0823 -0.1186 132 206 207
0.0225 -0.2773 -0.0490 150 218 231
0.0347 -0.4379 -0.0757 115 211 218
-0.0354 -0.3274 -0.0464 100 214 215
-0.0227 -0.2036 -0.0468 122 217 212
0.0178 -0.2576 -0.0566 88 206 218
0.0297 -0.2913 -0.0381 140 210 219
-0.0142 -0.0283 -0.0799 121 204 210
-0.0156 -0.1130 -0.0535 110 204 212
-0.0368 -0.3849 -0.0617 93 211 217
-0.0378 -0.3110 -0.0396 71 208 234
0.0063 0.3510 -0.1748 169 219 201
0.0089 0.1422 -0.1375 155 209 206
-0.0092 0.3510 -0.1748 158 219 201
-0.0118 0.1422 -0.1375 139 209 206
0.0181 -0.1862 -0.0437 129 215 212
-0.0210 -0.1862 -0.0437 111 215 212
-0.0403 -0.4223 -0.0683 67 206 226
-0.0326 -0.2913 -0.0381 84 210 219
0.0017 -0.5716 0.1160 111 199 222
0.0103 -0.0744 -0.0638 155 205 214
0.0103 -0.0827 -0.0613 156 206 215
0.0062 -0.5368 0.0934 112 174 236
0.0062 -0.5368 0.0934 112 174 236
0.0066 0.2445 -0.1600 176 215 206
0.0309 -0.4686 -0.0805 133 201 227
0.0307 -0.4701 -0.0807 131 200 226
0.0148 -0.5447 0.0283 122 181 241
-0.0258 -0.5252 -0.0713 62 186 231
-0.0208 -0.2428 -0.0543 114 211 212
-0.0203 -0.5469 -0.0059 56 186 239
-0.0347 -0.4529 -0.0784 64 203 227
-0.0069 -0.5412 0.1035 65 181 232
-0.0153 -0.1339 -0.0476 93 208 218
-0.0117 0.0150 -0.0943 112 206 212
-0.0236 -0.2246 -0.0503 113 218 213
-0.0197 -0.2599 -0.0547 101 204 214
-0.0259 -0.5102 -0.0810 64 189 228
-0.0091 -0.5368 0.0934 73 174 237
0.0010 -0.5603 0.1144 121 194 226
0.0204 -0.2721 -0.0493 131 196 216
0.0229 -0.2801 -0.0451 140 205 219
-0.0131 -0.0744 -0.0638 104 205 214
-0.0136 -0.1076 -0.0542 97 206 216
-0.0189 -0.1840 -0.0425 93 213 217
-0.0350 -0.3885 -0.0620 73 209 223
0.0079 0.0607 -0.1103 165 208 211
0.0021 -0.5485 0.1095 124 188 230
-0.0071 0.3797 -0.1765 145 221 203
-0.0208 -0.2023 -0.0453 97 215 215
0.0009 -0.5766 0.1159 107 200 221
-0.0337 -0.3251 -0.0450 78 210 222
0.0013 -0.5662 0.1156 117 197 224
0.0212 -0.5395 -0.0447 127 185 237
0.0318 -0.3001 -0.0350 140 217 222
0.0009 -0.5766 0.1159 107 200 221
0.0161 -0.1845 -0.0425 148 213 217
0.0043 0.3797 -0.1765 187 221 203
0.0072 0.1779 -0.1466 171 212 207
0.0089 0.0053 -0.0909 162 206 213
0.0180 -0.2028 -0.0453 141 215 215
0.0021 -0.5485 0.1095 124 188 230
0.0231 -0.5102 -0.0810 125 190 227
0.0085 -0.5362 0.0811 107 172 240
0.0140 -0.1510 -0.0441 155 209 219
0.0123 -0.1316 -0.0481 156 208 218
0.0030 0.5395 -0.1762 193 228 198
0.0032 0.5125 -0.1778 197 227 200
0.0056 0.3131 -0.1700 181 218 204
0.0180 -0.2422 -0.0542 118 214 213
0.0170 -0.2588 -0.0546 119 205 213
0.0229 -0.5252 -0.0713 125 186 231
0.0206 -0.2237 -0.0500 130 217 214
-0.0001 -0.5804 0.1149 106 198 221
0.0148 -0.5447 0.0283 122 181 241
0.0175 -0.5468 -0.0059 127 186 239
-0.0060 0.5125 -0.1778 156 227 200
-0.0087 0.2986 -0.1679 139 217 204
-0.0095 0.2445 -0.1600 135 215 206
-0.0028 -0.5804 0.1149 74 197 221
-0.0146 -0.5403 0.0567 71 175 242
-0.0177 -0.5447 0.0283 62 181 241
-0.0038 -0.5761 0.1159 70 200 221
-0.0044 -0.5713 0.1159 68 198 222
-0.0243 -0.2764 -0.0475 86 205 219
-0.0356 -0.4384 -0.0754 68 205 224
-0.0299 -0.4876 -0.0839 64 195 226
-0.0336 -0.4701 -0.0807 65 200 226
-0.0366 -0.3117 -0.0381 77 212 224
-0.0137 -0.1104 -0.0536 96 207 217
-0.0178 -0.1673 -0.0422 91 209 219
-0.0074 0.3653 -0.1751 144 220 203
-0.0041 -0.5658 0.1155 63 199 224
-0.0043 -0.5542 0.1125 59 190 228
-0.0305 -0.2908 -0.0382 77 207 224
-0.0069 -0.5412 0.1035 65 181 232
-0.0038 -0.5761 0.1159 70 200 221
